Timestamp,SpeedX,SpeedY,SpeedZ,TrackPos,Angle,Accel,Brake,Gear,RPM,CurrentLapTime,TargetSpeed,SteerAngle,TrackSensors
2025-05-07 20:43:53.186003,0.000293211,0.00122917,-0.000197172,-0.333363,0.00982505,0.5399973611009999,0.0,0,942.478,-0.982,60,0.9396263249999999,"[7.33398, 7.61117, 8.50976, 10.4477, 14.7984, 21.5184, 27.9489, 39.9837, 71.1663, 200.0, 49.1741, 20.9976, 13.9158, 10.5369, 7.23647, 5.14084, 4.21165, 3.78625, 3.66663]"
2025-05-07 20:43:53.202363,0.000293211,0.00122917,-0.000197172,-0.333363,0.00982505,0.5399973611009999,0.0,0,1026.71,-0.962,60,-0.17684157499999997,"[7.33398, 7.61117, 8.50976, 10.4477, 14.7984, 21.5184, 27.9489, 39.9837, 71.1663, 200.0, 49.1741, 20.9976, 13.9158, 10.5369, 7.23647, 5.14084, 4.21165, 3.78625, 3.66663]"
2025-05-07 20:43:53.221693,0.000293211,0.00122917,-0.000197172,-0.333363,0.00982505,0.5399973611009999,0.0,0,1113.02,-0.942,60,0.32306942499999997,"[7.33398, 7.61117, 8.50976, 10.4477, 14.7984, 21.5184, 27.9489, 39.9837, 71.1663, 200.0, 49.1741, 20.9976, 13.9158, 10.5369, 7.23647, 5.14084, 4.21165, 3.78625, 3.66663]"
2025-05-07 20:43:53.242692,0.000293211,0.00122917,-0.000197172,-0.333363,0.00982505,0.5399973611009999,0.0,0,1200.5,-0.922,60,0.32306942499999997,"[7.33398, 7.61117, 8.50976, 10.4477, 14.7984, 21.5184, 27.9489, 39.9837, 71.1663, 200.0, 49.1741, 20.9976, 13.9158, 10.5369, 7.23647, 5.14084, 4.21165, 3.78625, 3.66663]"
2025-05-07 20:43:53.259222,0.000293211,0.00122917,-0.000197172,-0.333363,0.00982505,0.5399973611009999,0.0,0,1289.1,-0.902,60,0.32306942499999997,"[7.33398, 7.61117, 8.50976, 10.4477, 14.7984, 21.5184, 27.9489, 39.9837, 71.1663, 200.0, 49.1741, 20.9976, 13.9158, 10.5369, 7.23647, 5.14084, 4.21165, 3.78625, 3.66663]"
2025-05-07 20:43:53.279387,0.000293211,0.00122917,-0.000197172,-0.333363,0.00982505,0.5399973611009999,0.0,0,1378.83,-0.882,60,0.32306942499999997,"[7.33398, 7.61117, 8.50976, 10.4477, 14.7984, 21.5184, 27.9489, 39.9837, 71.1663, 200.0, 49.1741, 20.9976, 13.9158, 10.5369, 7.23647, 5.14084, 4.21165, 3.78625, 3.66663]"
2025-05-07 20:43:53.297369,0.000293211,0.00122917,-0.000197172,-0.333363,0.00982505,0.5399973611009999,0.0,0,1469.69,-0.862,60,0.32306942499999997,"[7.33398, 7.61117, 8.50976, 10.4477, 14.7984, 21.5184, 27.9489, 39.9837, 71.1663, 200.0, 49.1741, 20.9976, 13.9158, 10.5369, 7.23647, 5.14084, 4.21165, 3.78625, 3.66663]"
2025-05-07 20:43:53.320155,0.000293211,0.00122917,-0.000197172,-0.333363,0.00982505,0.5399973611009999,0.0,0,1561.7,-0.842,60,0.32306942499999997,"[7.33398, 7.61117, 8.50976, 10.4477, 14.7984, 21.5184, 27.9489, 39.9837, 71.1663, 200.0, 49.1741, 20.9976, 13.9158, 10.5369, 7.23647, 5.14084, 4.21165, 3.78625, 3.66663]"
2025-05-07 20:43:53.343753,0.000293211,0.00122917,-0.000197172,-0.333363,0.00982505,0.5399973611009999,0.0,0,1654.85,-0.822,60,0.32306942499999997,"[7.33398, 7.61117, 8.50976, 10.4477, 14.7984, 21.5184, 27.9489, 39.9837, 71.1663, 200.0, 49.1741, 20.9976, 13.9158, 10.5369, 7.23647, 5.14084, 4.21165, 3.78625, 3.66663]"
2025-05-07 20:43:53.358834,0.000293211,0.00122917,-0.000197172,-0.333363,0.00982505,0.5399973611009999,0.0,0,1749.16,-0.802,60,0.32306942499999997,"[7.33398, 7.61117, 8.50976, 10.4477, 14.7984, 21.5184, 27.9489, 39.9837, 71.1663, 200.0, 49.1741, 20.9976, 13.9158, 10.5369, 7.23647, 5.14084, 4.21165, 3.78625, 3.66663]"
2025-05-07 20:43:53.382774,0.000293211,0.00122917,-0.000197172,-0.333363,0.00982505,0.5399973611009999,0.0,0,1844.63,-0.782,60,0.32306942499999997,"[7.33398, 7.61117, 8.50976, 10.4477, 14.7984, 21.5184, 27.9489, 39.9837, 71.1663, 200.0, 49.1741, 20.9976, 13.9158, 10.5369, 7.23647, 5.14084, 4.21165, 3.78625, 3.66663]"
2025-05-07 20:43:53.400172,0.000293211,0.00122917,-0.000197172,-0.333363,0.00982505,0.5399973611009999,0.0,0,1941.26,-0.762,60,0.32306942499999997,"[7.33398, 7.61117, 8.50976, 10.4477, 14.7984, 21.5184, 27.9489, 39.9837, 71.1663, 200.0, 49.1741, 20.9976, 13.9158, 10.5369, 7.23647, 5.14084, 4.21165, 3.78625, 3.66663]"
2025-05-07 20:43:53.417099,0.000293211,0.00122917,-0.000197172,-0.333363,0.00982505,0.5399973611009999,0.0,0,2039.07,-0.742,60,0.32306942499999997,"[7.33398, 7.61117, 8.50976, 10.4477, 14.7984, 21.5184, 27.9489, 39.9837, 71.1663, 200.0, 49.1741, 20.9976, 13.9158, 10.5369, 7.23647, 5.14084, 4.21165, 3.78625, 3.66663]"
2025-05-07 20:43:53.442127,0.000293211,0.00122917,-0.000197172,-0.333363,0.00982505,0.5399973611009999,0.0,0,2138.27,-0.722,60,0.32306942499999997,"[7.33398, 7.61117, 8.50976, 10.4477, 14.7984, 21.5184, 27.9489, 39.9837, 71.1663, 200.0, 49.1741, 20.9976, 13.9158, 10.5369, 7.23647, 5.14084, 4.21165, 3.78625, 3.66663]"
2025-05-07 20:43:53.457773,0.000293211,0.00122917,-0.000197172,-0.333363,0.00982505,0.5399973611009999,0.0,0,2241.13,-0.702,60,0.32306942499999997,"[7.33398, 7.61117, 8.50976, 10.4477, 14.7984, 21.5184, 27.9489, 39.9837, 71.1663, 200.0, 49.1741, 20.9976, 13.9158, 10.5369, 7.23647, 5.14084, 4.21165, 3.78625, 3.66663]"
2025-05-07 20:43:53.482258,0.000293211,0.00122917,-0.000197172,-0.333363,0.00982505,0.5399973611009999,0.0,0,2348.32,-0.682,60,0.32306942499999997,"[7.33398, 7.61117, 8.50976, 10.4477, 14.7984, 21.5184, 27.9489, 39.9837, 71.1663, 200.0, 49.1741, 20.9976, 13.9158, 10.5369, 7.23647, 5.14084, 4.21165, 3.78625, 3.66663]"
2025-05-07 20:43:53.499260,0.000293211,0.00122917,-0.000197172,-0.333363,0.00982505,0.5399973611009999,0.0,0,2460.01,-0.662,60,0.32306942499999997,"[7.33398, 7.61117, 8.50976, 10.4477, 14.7984, 21.5184, 27.9489, 39.9837, 71.1663, 200.0, 49.1741, 20.9976, 13.9158, 10.5369, 7.23647, 5.14084, 4.21165, 3.78625, 3.66663]"
2025-05-07 20:43:53.516449,0.000293211,0.00122917,-0.000197172,-0.333363,0.00982505,0.5399973611009999,0.0,0,2576.34,-0.642,60,0.32306942499999997,"[7.33398, 7.61117, 8.50976, 10.4477, 14.7984, 21.5184, 27.9489, 39.9837, 71.1663, 200.0, 49.1741, 20.9976, 13.9158, 10.5369, 7.23647, 5.14084, 4.21165, 3.78625, 3.66663]"
2025-05-07 20:43:53.539785,0.000293211,0.00122917,-0.000197172,-0.333363,0.00982505,0.5399973611009999,0.0,0,2697.47,-0.622,60,0.32306942499999997,"[7.33398, 7.61117, 8.50976, 10.4477, 14.7984, 21.5184, 27.9489, 39.9837, 71.1663, 200.0, 49.1741, 20.9976, 13.9158, 10.5369, 7.23647, 5.14084, 4.21165, 3.78625, 3.66663]"
2025-05-07 20:43:53.556789,0.000293211,0.00122917,-0.000197172,-0.333363,0.00982505,0.5399973611009999,0.0,0,2823.55,-0.602,60,0.32306942499999997,"[7.33398, 7.61117, 8.50976, 10.4477, 14.7984, 21.5184, 27.9489, 39.9837, 71.1663, 200.0, 49.1741, 20.9976, 13.9158, 10.5369, 7.23647, 5.14084, 4.21165, 3.78625, 3.66663]"
2025-05-07 20:43:53.581538,0.000293211,0.00122917,-0.000197172,-0.333363,0.00982505,0.5399973611009999,0.0,0,2954.75,-0.582,60,0.32306942499999997,"[7.33398, 7.61117, 8.50976, 10.4477, 14.7984, 21.5184, 27.9489, 39.9837, 71.1663, 200.0, 49.1741, 20.9976, 13.9158, 10.5369, 7.23647, 5.14084, 4.21165, 3.78625, 3.66663]"
2025-05-07 20:43:53.600199,0.000293211,0.00122917,-0.000197172,-0.333363,0.00982505,0.5399973611009999,0.0,0,3091.21,-0.562,60,0.32306942499999997,"[7.33398, 7.61117, 8.50976, 10.4477, 14.7984, 21.5184, 27.9489, 39.9837, 71.1663, 200.0, 49.1741, 20.9976, 13.9158, 10.5369, 7.23647, 5.14084, 4.21165, 3.78625, 3.66663]"
2025-05-07 20:43:53.622740,0.000293211,0.00122917,-0.000197172,-0.333363,0.00982505,0.5399973611009999,0.0,0,3232.86,-0.542,60,0.32306942499999997,"[7.33398, 7.61117, 8.50976, 10.4477, 14.7984, 21.5184, 27.9489, 39.9837, 71.1663, 200.0, 49.1741, 20.9976, 13.9158, 10.5369, 7.23647, 5.14084, 4.21165, 3.78625, 3.66663]"
2025-05-07 20:43:53.639018,0.000293211,0.00122917,-0.000197172,-0.333363,0.00982505,0.5399973611009999,0.0,0,3378.81,-0.522,60,0.32306942499999997,"[7.33398, 7.61117, 8.50976, 10.4477, 14.7984, 21.5184, 27.9489, 39.9837, 71.1663, 200.0, 49.1741, 20.9976, 13.9158, 10.5369, 7.23647, 5.14084, 4.21165, 3.78625, 3.66663]"
2025-05-07 20:43:53.661098,0.000293211,0.00122917,-0.000197172,-0.333363,0.00982505,0.5399973611009999,0.0,0,3529.02,-0.502,60,0.32306942499999997,"[7.33398, 7.61117, 8.50976, 10.4477, 14.7984, 21.5184, 27.9489, 39.9837, 71.1663, 200.0, 49.1741, 20.9976, 13.9158, 10.5369, 7.23647, 5.14084, 4.21165, 3.78625, 3.66663]"
2025-05-07 20:43:53.677987,0.000293211,0.00122917,-0.000197172,-0.333363,0.00982505,0.5399973611009999,0.0,0,3683.57,-0.482,60,0.32306942499999997,"[7.33398, 7.61117, 8.50976, 10.4477, 14.7984, 21.5184, 27.9489, 39.9837, 71.1663, 200.0, 49.1741, 20.9976, 13.9158, 10.5369, 7.23647, 5.14084, 4.21165, 3.78625, 3.66663]"
2025-05-07 20:43:53.700487,0.000293211,0.00122917,-0.000197172,-0.333363,0.00982505,0.5399973611009999,0.0,0,3842.51,-0.462,60,0.32306942499999997,"[7.33398, 7.61117, 8.50976, 10.4477, 14.7984, 21.5184, 27.9489, 39.9837, 71.1663, 200.0, 49.1741, 20.9976, 13.9158, 10.5369, 7.23647, 5.14084, 4.21165, 3.78625, 3.66663]"
2025-05-07 20:43:53.717826,0.000293211,0.00122917,-0.000197172,-0.333363,0.00982505,0.5399973611009999,0.0,0,4005.94,-0.442,60,0.32306942499999997,"[7.33398, 7.61117, 8.50976, 10.4477, 14.7984, 21.5184, 27.9489, 39.9837, 71.1663, 200.0, 49.1741, 20.9976, 13.9158, 10.5369, 7.23647, 5.14084, 4.21165, 3.78625, 3.66663]"
2025-05-07 20:43:53.742208,0.000293211,0.00122917,-0.000197172,-0.333363,0.00982505,0.5399973611009999,0.0,0,4173.91,-0.422,60,0.32306942499999997,"[7.33398, 7.61117, 8.50976, 10.4477, 14.7984, 21.5184, 27.9489, 39.9837, 71.1663, 200.0, 49.1741, 20.9976, 13.9158, 10.5369, 7.23647, 5.14084, 4.21165, 3.78625, 3.66663]"
2025-05-07 20:43:53.761220,0.000293211,0.00122917,-0.000197172,-0.333363,0.00982505,0.5399973611009999,0.0,0,4346.05,-0.402,60,0.32306942499999997,"[7.33398, 7.61117, 8.50976, 10.4477, 14.7984, 21.5184, 27.9489, 39.9837, 71.1663, 200.0, 49.1741, 20.9976, 13.9158, 10.5369, 7.23647, 5.14084, 4.21165, 3.78625, 3.66663]"
2025-05-07 20:43:53.778380,0.000293211,0.00122917,-0.000197172,-0.333363,0.00982505,0.5399973611009999,0.0,0,4521.63,-0.382,60,0.32306942499999997,"[7.33398, 7.61117, 8.50976, 10.4477, 14.7984, 21.5184, 27.9489, 39.9837, 71.1663, 200.0, 49.1741, 20.9976, 13.9158, 10.5369, 7.23647, 5.14084, 4.21165, 3.78625, 3.66663]"
2025-05-07 20:43:53.802029,0.000293211,0.00122917,-0.000197172,-0.333363,0.00982505,0.5399973611009999,0.0,0,4700.68,-0.362,60,0.32306942499999997,"[7.33398, 7.61117, 8.50976, 10.4477, 14.7984, 21.5184, 27.9489, 39.9837, 71.1663, 200.0, 49.1741, 20.9976, 13.9158, 10.5369, 7.23647, 5.14084, 4.21165, 3.78625, 3.66663]"
2025-05-07 20:43:53.818646,0.000293211,0.00122917,-0.000197172,-0.333363,0.00982505,0.5399973611009999,0.0,0,4883.2,-0.342,60,0.32306942499999997,"[7.33398, 7.61117, 8.50976, 10.4477, 14.7984, 21.5184, 27.9489, 39.9837, 71.1663, 200.0, 49.1741, 20.9976, 13.9158, 10.5369, 7.23647, 5.14084, 4.21165, 3.78625, 3.66663]"
2025-05-07 20:43:53.841532,0.000293211,0.00122917,-0.000197172,-0.333363,0.00982505,0.5399973611009999,0.0,0,5069.2,-0.322,60,0.32306942499999997,"[7.33398, 7.61117, 8.50976, 10.4477, 14.7984, 21.5184, 27.9489, 39.9837, 71.1663, 200.0, 49.1741, 20.9976, 13.9158, 10.5369, 7.23647, 5.14084, 4.21165, 3.78625, 3.66663]"
2025-05-07 20:43:53.857290,0.000293211,0.00122917,-0.000197172,-0.333363,0.00982505,0.5399973611009999,0.0,0,5258.69,-0.302,60,0.32306942499999997,"[7.33398, 7.61117, 8.50976, 10.4477, 14.7984, 21.5184, 27.9489, 39.9837, 71.1663, 200.0, 49.1741, 20.9976, 13.9158, 10.5369, 7.23647, 5.14084, 4.21165, 3.78625, 3.66663]"
2025-05-07 20:43:53.881458,0.000293211,0.00122917,-0.000197172,-0.333363,0.00982505,0.5399973611009999,0.0,0,5450.84,-0.282,60,0.32306942499999997,"[7.33398, 7.61117, 8.50976, 10.4477, 14.7984, 21.5184, 27.9489, 39.9837, 71.1663, 200.0, 49.1741, 20.9976, 13.9158, 10.5369, 7.23647, 5.14084, 4.21165, 3.78625, 3.66663]"
2025-05-07 20:43:53.896790,0.000293211,0.00122917,-0.000197172,-0.333363,0.00982505,0.5399973611009999,0.0,0,5645.01,-0.262,60,0.32306942499999997,"[7.33398, 7.61117, 8.50976, 10.4477, 14.7984, 21.5184, 27.9489, 39.9837, 71.1663, 200.0, 49.1741, 20.9976, 13.9158, 10.5369, 7.23647, 5.14084, 4.21165, 3.78625, 3.66663]"
2025-05-07 20:43:53.919022,0.000293211,0.00122917,-0.000197172,-0.333363,0.00982505,0.5399973611009999,0.0,0,5841.16,-0.242,60,0.32306942499999997,"[7.33398, 7.61117, 8.50976, 10.4477, 14.7984, 21.5184, 27.9489, 39.9837, 71.1663, 200.0, 49.1741, 20.9976, 13.9158, 10.5369, 7.23647, 5.14084, 4.21165, 3.78625, 3.66663]"
2025-05-07 20:43:53.942217,0.000293211,0.00122917,-0.000197172,-0.333363,0.00982505,0.5399973611009999,0.0,0,6039.28,-0.222,60,0.32306942499999997,"[7.33398, 7.61117, 8.50976, 10.4477, 14.7984, 21.5184, 27.9489, 39.9837, 71.1663, 200.0, 49.1741, 20.9976, 13.9158, 10.5369, 7.23647, 5.14084, 4.21165, 3.78625, 3.66663]"
2025-05-07 20:43:53.963490,0.000293211,0.00122917,-0.000197172,-0.333363,0.00982505,0.5399973611009999,0.0,0,6239.34,-0.202,60,0.32306942499999997,"[7.33398, 7.61117, 8.50976, 10.4477, 14.7984, 21.5184, 27.9489, 39.9837, 71.1663, 200.0, 49.1741, 20.9976, 13.9158, 10.5369, 7.23647, 5.14084, 4.21165, 3.78625, 3.66663]"
2025-05-07 20:43:53.980441,0.000293211,0.00122917,-0.000197172,-0.333363,0.00982505,0.5399973611009999,0.0,0,6440.94,-0.182,60,0.32306942499999997,"[7.33398, 7.61117, 8.50976, 10.4477, 14.7984, 21.5184, 27.9489, 39.9837, 71.1663, 200.0, 49.1741, 20.9976, 13.9158, 10.5369, 7.23647, 5.14084, 4.21165, 3.78625, 3.66663]"
2025-05-07 20:43:54.002696,0.000293211,0.00122917,-0.000197172,-0.333363,0.00982505,0.5399973611009999,0.0,0,6643.07,-0.162,60,0.32306942499999997,"[7.33398, 7.61117, 8.50976, 10.4477, 14.7984, 21.5184, 27.9489, 39.9837, 71.1663, 200.0, 49.1741, 20.9976, 13.9158, 10.5369, 7.23647, 5.14084, 4.21165, 3.78625, 3.66663]"
2025-05-07 20:43:54.020376,0.000293211,0.00122917,-0.000197172,-0.333363,0.00982505,0.5399973611009999,0.0,0,6845.66,-0.142,60,0.32306942499999997,"[7.33398, 7.61117, 8.50976, 10.4477, 14.7984, 21.5184, 27.9489, 39.9837, 71.1663, 200.0, 49.1741, 20.9976, 13.9158, 10.5369, 7.23647, 5.14084, 4.21165, 3.78625, 3.66663]"
2025-05-07 20:43:54.036988,0.000293211,0.00122917,-0.000197172,-0.333363,0.00982505,0.5399973611009999,0.0,0,7048.68,-0.122,60,0.32306942499999997,"[7.33398, 7.61117, 8.50976, 10.4477, 14.7984, 21.5184, 27.9489, 39.9837, 71.1663, 200.0, 49.1741, 20.9976, 13.9158, 10.5369, 7.23647, 5.14084, 4.21165, 3.78625, 3.66663]"
2025-05-07 20:43:54.062457,0.000293211,0.00122917,-0.000197172,-0.333363,0.00982505,0.5399973611009999,0.0,0,7252.11,-0.102,60,0.32306942499999997,"[7.33398, 7.61117, 8.50976, 10.4477, 14.7984, 21.5184, 27.9489, 39.9837, 71.1663, 200.0, 49.1741, 20.9976, 13.9158, 10.5369, 7.23647, 5.14084, 4.21165, 3.78625, 3.66663]"
2025-05-07 20:43:54.077874,0.000293211,0.00122917,-0.000197172,-0.333363,0.00982505,0.5399973611009999,0.0,0,7455.86,-0.082,60,0.32306942499999997,"[7.33398, 7.61117, 8.50976, 10.4477, 14.7984, 21.5184, 27.9489, 39.9837, 71.1663, 200.0, 49.1741, 20.9976, 13.9158, 10.5369, 7.23647, 5.14084, 4.21165, 3.78625, 3.66663]"
2025-05-07 20:43:54.102025,0.000293211,0.00122917,-0.000197172,-0.333363,0.00982505,0.5399973611009999,0.0,0,7659.65,-0.062,60,0.32306942499999997,"[7.33398, 7.61117, 8.50976, 10.4477, 14.7984, 21.5184, 27.9489, 39.9837, 71.1663, 200.0, 49.1741, 20.9976, 13.9158, 10.5369, 7.23647, 5.14084, 4.21165, 3.78625, 3.66663]"
2025-05-07 20:43:54.118510,0.000293211,0.00122917,-0.000197172,-0.333363,0.00982505,0.5399973611009999,0.0,0,7863.44,-0.042,60,0.32306942499999997,"[7.33398, 7.61117, 8.50976, 10.4477, 14.7984, 21.5184, 27.9489, 39.9837, 71.1663, 200.0, 49.1741, 20.9976, 13.9158, 10.5369, 7.23647, 5.14084, 4.21165, 3.78625, 3.66663]"
2025-05-07 20:43:54.149522,0.000293211,0.00122917,-0.000197172,-0.333363,0.00982505,0.5399973611009999,0.0,0,8067.19,-0.022,60,0.32306942499999997,"[7.33398, 7.61117, 8.50976, 10.4477, 14.7984, 21.5184, 27.9489, 39.9837, 71.1663, 200.0, 49.1741, 20.9976, 13.9158, 10.5369, 7.23647, 5.14084, 4.21165, 3.78625, 3.66663]"
2025-05-07 20:43:54.181362,0.0117246,0.00539494,-0.000149221,-0.333363,0.0103534,0.5398944786000001,0.0,0,8473.87,0.018,60,0.32386195,"[7.33386, 7.61232, 8.51236, 10.4533, 14.8117, 21.5484, 27.9993, 40.0883, 71.5079, 200.0, 48.7713, 20.931, 13.8882, 10.5217, 7.23004, 5.13818, 4.21026, 3.78589, 3.66663]"
2025-05-07 20:43:54.201118,0.177007,-0.0299359,0.000245977,-0.333363,0.0103777,0.5384069370000001,0.0,1,956.343,0.038,60,0.3238984,"[7.33386, 7.61248, 8.51246, 10.4535, 14.8122, 21.55, 28.0016, 40.094, 71.5233, 200.0, 48.7539, 20.9271, 13.8869, 10.521, 7.22963, 5.13812, 4.21029, 3.78589, 3.66675]"
2025-05-07 20:43:54.217690,0.0893814,-0.0290199,0.000589954,-0.333363,0.0103,0.5391955674,0.0,1,971.761,0.058,60,0.32378185,"[7.33386, 7.61234, 8.51192, 10.4526, 14.8106, 21.5459, 27.9947, 40.0775, 71.4727, 200.0, 48.8112, 20.9373, 13.891, 10.5233, 7.23047, 5.13855, 4.21046, 3.78577, 3.66663]"
2025-05-07 20:43:54.241161,0.168934,-0.0265439,0.000594698,-0.333363,0.0102614,0.538479594,0.0,1,987.193,0.078,60,0.32372395,"[7.33386, 7.61223, 8.51184, 10.4522, 14.8093, 21.5432, 27.9903, 40.0704, 71.4499, 200.0, 48.8393, 20.9424, 13.8933, 10.5243, 7.23074, 5.1386, 4.21067, 3.78589, 3.66663]"
2025-05-07 20:43:54.260828,0.0818082,-0.021679,0.000463587,-0.333363,0.0101784,0.5392637262,0.0,1,1002.64,0.098,60,0.32359945,"[7.33398, 7.61188, 8.51135, 10.4515, 14.8072, 21.5386, 27.9822, 40.0538, 71.3958, 200.0, 48.9018, 20.9535, 13.8972, 10.527, 7.23214, 5.13912, 4.21088, 3.78601, 3.66663]"
2025-05-07 20:43:54.283248,0.16072,-0.0175781,0.000122538,-0.333385,0.0101283,0.5385535200000001,0.0,1,1018.09,0.118,60,0.3234418000000001,"[7.33398, 7.61193, 8.51138, 10.4509, 14.8062, 21.536, 27.9782, 40.0442, 71.3635, 200.0, 48.9392, 20.9592, 13.8991, 10.5279, 7.23246, 5.13925, 4.21085, 3.78589, 3.66663]"
2025-05-07 20:43:54.299538,0.0739499,-0.0122125,-8.67608e-05,-0.333385,0.0100306,0.5393344509,0.0,1,1033.55,0.138,60,0.32336015,"[7.33398, 7.61192, 8.51083, 10.45, 14.8035, 21.5304, 27.9691, 40.025, 71.3013, 200.0, 49.0133, 20.9715, 13.9047, 10.5309, 7.23367, 5.13975, 4.21101, 3.78613, 3.66663]"
2025-05-07 20:43:54.320390,0.152471,-0.00674103,-0.000297928,-0.333385,0.00996238,0.538627761,0.0,1,1049.03,0.158,60,0.32325672,"[7.33411, 7.61167, 8.51046, 10.4493, 14.802, 21.5265, 27.9622, 40.011, 71.2561, 200.0, 49.0654, 20.9799, 13.9084, 10.5324, 7.23436, 5.14008, 4.21112, 3.78613, 3.6665]"
2025-05-07 20:43:54.336690,0.0660571,-6.34181e-05,-0.000275432,-0.333385,0.00984556,0.5394054861,0.0,1,942.478,0.178,60,0.32308039,"[7.33386, 7.61137, 8.51003, 10.448, 14.7989, 21.5195, 27.9508, 39.988, 71.183, 200.0, 49.1541, 20.9952, 13.914, 10.5359, 7.23582, 5.14066, 4.2114, 3.78625, 3.66663]"
2025-05-07 20:43:54.356845,0.229655,0.0353588,0.000138661,-0.333407,0.00994426,0.537933105,0.0,1,942.478,0.198,60,0.32314483999999993,"[7.33411, 7.61167, 8.51063, 10.4492, 14.8015, 21.5257, 27.9614, 40.0082, 71.2481, 200.0, 49.0796, 20.9828, 13.9085, 10.533, 7.23463, 5.13995, 4.21098, 3.78589, 3.66638]"
2025-05-07 20:43:54.379403,0.393984,0.0217709,0.00094784,-0.333407,0.009857,0.536454144,0.0,1,942.478,0.218,60,0.32307775,"[7.33411, 7.61155, 8.51032, 10.4483, 14.7996, 21.5204, 27.9526, 39.9906, 71.1913, 200.0, 49.1446, 20.9931, 13.9132, 10.5356, 7.23564, 5.14051, 4.2113, 3.78601, 3.66638]"
2025-05-07 20:43:54.401917,0.579985,0.0381528,0.00187385,-0.33343,0.00978452,0.5347801350000001,0.0,1,942.478,0.238,60,0.32288058000000003,"[7.33411, 7.61152, 8.50989, 10.4478, 14.798, 21.5169, 27.9457, 39.9765, 71.1481, 200.0, 49.1987, 21.0018, 13.9172, 10.5369, 7.23613, 5.14065, 4.21129, 3.78601, 3.66638]"
2025-05-07 20:43:54.425095,0.854573,0.0378176,0.00270197,-0.333452,0.00961048,0.5323088429999999,0.0,1,942.478,0.26,60,0.3226026699999999,"[7.33435, 7.61127, 8.50926, 10.4461, 14.7936, 21.5076, 27.9296, 39.9425, 71.0372, 200.0, 49.3312, 21.0241, 13.9252, 10.5417, 7.23792, 5.14129, 4.21159, 3.78613, 3.66626]"
2025-05-07 20:43:54.441055,1.04094,0.0551266,0.00311536,-0.333496,0.00936252,0.53063154,0.0,1,942.478,0.28,60,0.32212728,"[7.33447, 7.61106, 8.50826, 10.4436, 14.7877, 21.4938, 27.9069, 39.8939, 70.8831, 200.0, 49.519, 21.0542, 13.9368, 10.5478, 7.24067, 5.14215, 4.21179, 3.78613, 3.66589]"
2025-05-07 20:43:54.463107,1.22397,0.0614927,0.00315938,-0.333518,0.00915271,0.52898427,0.0,1,942.478,0.3,60,0.32185541500000014,"[7.33472, 7.6109, 8.50727, 10.4419, 14.7829, 21.4818, 27.8863, 39.8526, 70.7505, 200.0, 49.6841, 21.0819, 13.9482, 10.5536, 7.2431, 5.14298, 4.21223, 3.78613, 3.66577]"
2025-05-07 20:43:54.485350,1.40313,0.0763673,0.00285938,-0.333518,0.00881654,0.52737183,0.0,1,942.478,0.32,60,0.32140941,"[7.33459, 7.60995, 8.50573, 10.4383, 14.7738, 21.4626, 27.8543, 39.7867, 70.5386, 200.0, 49.9502, 21.1256, 13.9653, 10.5637, 7.24714, 5.14477, 4.21298, 3.7865, 3.66577]"
2025-05-07 20:43:54.505647,1.5832,0.0829234,0.00220861,-0.333363,0.00851804,0.5257512000000001,0.0,1,942.478,0.34,60,0.3215351599999999,"[7.33386, 7.60839, 8.50331, 10.434, 14.7647, 21.4433, 27.823, 39.7224, 70.3452, 200.0, 50.2005, 21.1691, 13.9851, 10.5748, 7.25268, 5.14741, 4.21452, 3.78772, 3.6665]"
2025-05-07 20:43:54.523391,1.7607,0.0974323,0.00148027,-0.333208,0.00810081,0.5241537000000001,0.0,1,942.478,0.36,60,0.32102556500000007,"[7.33289, 7.60668, 8.50018, 10.4284, 14.7525, 21.4168, 27.7799, 39.636, 70.0774, 200.0, 50.5534, 21.23, 14.01, 10.589, 7.25919, 5.15076, 4.21664, 3.78894, 3.66748]"
2025-05-07 20:43:54.542932,1.93957,0.103568,0.000854172,-0.333052,0.00771076,0.52254387,0.0,1,942.478,0.38,60,0.32056823999999995,"[7.33203, 7.60512, 8.49729, 10.423, 14.741, 21.3923, 27.7397, 39.5548, 69.8314, 200.0, 50.8848, 21.2881, 14.0342, 10.603, 7.26581, 5.15398, 4.21833, 3.79004, 3.66833]"
2025-05-07 20:43:54.560090,2.11583,0.118167,0.000384688,-0.332875,0.0072158,0.52095753,0.0,1,942.478,0.4,60,0.32003710000000013,"[7.33093, 7.603, 8.49357, 10.4165, 14.7262, 21.3612, 27.6894, 39.4536, 69.5208, 200.0, 51.3111, 21.3601, 14.0649, 10.6203, 7.27414, 5.15782, 4.22088, 3.79163, 3.66931]"
2025-05-07 20:43:54.582883,2.29283,0.123753,0.000101289,-0.332741,0.0067404,0.5193645299999999,0.0,1,942.478,0.42,60,0.31931989999999993,"[7.3302, 7.60121, 8.49029, 10.4102, 14.7126, 21.3318, 27.6413, 39.3567, 69.225, 200.0, 51.7286, 21.4292, 14.093, 10.6363, 7.28193, 5.16154, 4.22303, 3.79297, 3.67004]"
2025-05-07 20:43:54.598864,2.46828,0.138593,1.01239e-09,-0.332608,0.00617344,0.51778548,0.0,1,942.478,0.44,60,0.31859731,"[7.32947, 7.59922, 8.48647, 10.4034, 14.6967, 21.2976, 27.5849, 39.2437, 68.878, 200.0, 52.2256, 21.5121, 14.1266, 10.6555, 7.29044, 5.1653, 4.22518, 3.79419, 3.67078]"
2025-05-07 20:43:54.624269,2.64534,0.143667,3.72068e-05,-0.332453,0.00560981,0.51619194,0.0,1,942.478,0.46,60,0.3179718650000001,"[7.32861, 7.59734, 8.48285, 10.3962, 14.6809, 21.2635, 27.5293, 39.1302, 68.5342, 200.0, 52.7336, 21.5946, 14.1602, 10.6751, 7.29899, 5.1695, 4.2274, 3.79578, 3.67151]"
2025-05-07 20:43:54.643822,2.82068,0.158512,0.000183898,-0.33232,0.00497085,0.51461388,0.0,1,942.478,0.48,60,0.317092675,"[7.32788, 7.59509, 8.47888, 10.3887, 14.6633, 21.2256, 27.4668, 39.0047, 68.1537, 200.0, 53.3148, 21.6883, 14.1979, 10.6961, 7.30867, 5.17382, 4.22993, 3.79724, 3.67224]"
2025-05-07 20:43:54.661843,3.07403,0.165029,0.000349947,-0.332209,0.00423462,0.51233373,0.0,1,942.478,0.502,60,0.31605773000000015,"[7.32715, 7.59302, 8.47447, 10.3803, 14.6436, 21.1829, 27.3959, 38.8615, 67.7175, 200.0, 53.9984, 21.7956, 14.2415, 10.7195, 7.31916, 5.17829, 4.23236, 3.79846, 3.67285]"
2025-05-07 20:43:54.684397,3.24895,0.177433,0.000589112,-0.332076,0.00355798,0.51075945,0.0,1,942.478,0.522,60,0.31526622000000004,"[7.32642, 7.59088, 8.47042, 10.3723, 14.6248, 21.1428, 27.3309, 38.7308, 67.3241, 200.0, 54.6428, 21.896, 14.2817, 10.742, 7.32931, 5.18284, 4.23467, 3.79993, 3.67371]"
2025-05-07 20:43:54.703626,3.42344,0.18432,0.000738102,-0.331965,0.00278694,0.50918904,0.0,1,942.478,0.542,60,0.3141912599999999,"[7.32568, 7.58846, 8.46567, 10.3629, 14.6044, 21.0977, 27.2573, 38.5819, 66.8803, 200.0, 55.3951, 22.0124, 14.3272, 10.7673, 7.34042, 5.18792, 4.23748, 3.80127, 3.67407]"
2025-05-07 20:43:54.723843,3.59723,0.196387,0.00092107,-0.331876,0.00203401,0.5076249300000001,0.0,1,942.478,0.562,60,0.31313251500000006,"[7.32532, 7.58667, 8.46151, 10.3547, 14.5849, 21.0552, 27.1865, 38.4401, 66.4541, 200.0, 56.1477, 22.1252, 14.371, 10.7911, 7.35104, 5.19261, 4.23983, 3.80249, 3.67468]"
2025-05-07 20:43:54.749315,3.77098,0.202929,0.00110875,-0.331765,0.00118715,0.50606118,0.0,1,942.478,0.582,60,0.31208582500000015,"[7.32471, 7.5842, 8.45679, 10.3452, 14.5627, 21.0068, 27.1067, 38.2811, 65.9825, 200.0, 57.0145, 22.2535, 14.4209, 10.8188, 7.36297, 5.19781, 4.24266, 3.80408, 3.67529]"
2025-05-07 20:43:54.766142,3.94374,0.214789,0.00118316,-0.331476,0.000358884,0.50450634,0.0,1,942.478,0.602,60,0.31167407599999997,"[7.32312, 7.58096, 8.45108, 10.3344, 14.5388, 20.9566, 27.0268, 38.1214, 65.5165, 200.0, 57.9117, 22.3891, 14.4742, 10.8489, 7.37679, 5.20423, 4.24641, 3.80652, 3.67688]"
2025-05-07 20:43:54.787427,4.11638,0.221422,0.00129306,-0.331166,-0.000561889,0.50295258,0.0,1,942.478,0.622,60,0.31068276649999993,"[7.32141, 7.57738, 8.44458, 10.3225, 14.5126, 20.9013, 26.9373, 37.9455, 65.0086, 200.0, 58.9331, 22.5391, 14.5333, 10.8824, 7.39215, 5.21164, 4.25074, 3.80933, 3.67859]"
2025-05-07 20:43:54.800553,4.28806,0.233247,0.00142544,-0.330855,-0.00146693,0.5014074599999999,0.0,1,942.478,0.642,60,0.30967130500000006,"[7.3197, 7.57358, 8.43806, 10.3109, 14.4869, 20.8478, 26.8502, 37.7746, 64.515, 200.0, 59.9782, 22.6914, 14.5934, 10.9156, 7.40792, 5.21874, 4.25503, 3.81189, 3.6803]"
2025-05-07 20:43:54.826306,4.45978,0.239413,0.00149729,-0.330544,-0.00246018,0.49986198,0.0,1,942.478,0.662,60,0.30854008000000005,"[7.31799, 7.56992, 8.43146, 10.2982, 14.4592, 20.789, 26.7562, 37.5891, 63.9828, 200.0, 61.1606, 22.8594, 14.6572, 10.9515, 7.42389, 5.22639, 4.25955, 3.81482, 3.68201]"
2025-05-07 20:43:54.843251,4.63041,0.250875,0.00152314,-0.330278,-0.00343865,0.0,0.8,1,942.478,0.682,60,0.307277825,"[7.31665, 7.56633, 8.42495, 10.2864, 14.4327, 20.7327, 26.6647, 37.4096, 63.4693, 200.0, 62.3643, 23.0254, 14.7209, 10.9864, 7.43986, 5.23363, 4.26356, 3.81726, 3.68347]"
2025-05-07 20:43:54.867059,3.31429,0.165337,-0.00123675,-0.330034,-0.00424832,0.0,0.8,1,942.478,0.702,60,0.3063345700000001,"[7.31531, 7.56349, 8.41953, 10.2765, 14.4106, 20.6861, 26.5888, 37.2613, 63.0494, 200.0, 63.3963, 23.1678, 14.7748, 11.0159, 7.45326, 5.23986, 4.26712, 3.81958, 3.68494]"
2025-05-07 20:43:54.884268,1.78963,0.0706843,-0.00862802,-0.329878,-0.00459355,0.0,0.8,1,942.478,0.722,60,0.305836175,"[7.31445, 7.56188, 8.41696, 10.2716, 14.4002, 20.6647, 26.5556, 37.1968, 62.8692, 200.0, 63.8559, 23.2311, 14.7976, 11.0293, 7.4594, 5.2429, 4.26886, 3.8208, 3.68579]"
2025-05-07 20:43:54.902155,0.236366,0.0103218,-0.0119322,-0.329878,-0.00461024,0.0,0.8,1,942.478,0.742,60,0.30551739000000006,"[7.31433, 7.56186, 8.41689, 10.2716, 14.4001, 20.6638, 26.5537, 37.194, 62.8619, 200.0, 63.8753, 23.2326, 14.8002, 11.0299, 7.45986, 5.24291, 4.2689, 3.82068, 3.68579]"
2025-05-07 20:43:54.921572,0.0329221,-0.0132571,-0.0190996,-0.329878,-0.00454109,0.0,0.8,1,942.478,0.762,60,0.30579536500000004,"[7.31445, 7.56199, 8.41713, 10.2723, 14.4018, 20.6671, 26.5596, 37.2063, 62.8972, 200.0, 63.784, 23.2233, 14.7954, 11.0279, 7.45875, 5.24244, 4.26874, 3.82068, 3.68579]"
2025-05-07 20:43:54.947640,0.0352106,0.0203525,-0.0139023,-0.329878,-0.00454777,0.0,0.8,1,942.478,0.782,60,0.30595959500000003,"[7.31445, 7.56201, 8.4171, 10.2721, 14.4014, 20.6671, 26.5591, 37.2054, 62.8919, 200.0, 63.797, 23.2242, 14.7957, 11.0278, 7.45892, 5.24267, 4.26884, 3.82056, 3.68579]"
2025-05-07 20:43:54.966977,0.0142025,-0.00295986,-0.0073636,-0.329878,-0.00446909,0.0,0.8,1,942.478,0.802,60,0.306251865,"[7.31445, 7.56206, 8.41757, 10.273, 14.4036, 20.6714, 26.5662, 37.2183, 62.932, 200.0, 63.6955, 23.2105, 14.7907, 11.0256, 7.45778, 5.24221, 4.2686, 3.82056, 3.68567]"
2025-05-07 20:43:54.984250,0.00123128,0.00465063,5.84588e-05,-0.329878,-0.00439041,0.0,0.8,1,942.478,0.822,60,0.30654413500000005,"[7.31445, 7.56236, 8.41792, 10.2736, 14.4051, 20.675, 26.5726, 37.2311, 62.9723, 200.0, 63.5967, 23.198, 14.7871, 11.0229, 7.45689, 5.242, 4.26848, 3.82068, 3.68555]"
2025-05-07 20:43:55.004086,0.00379755,-0.000664172,0.00659998,-0.329878,-0.00431126,0.0,0.8,1,942.478,0.842,60,0.30683711,"[7.31433, 7.56242, 8.41839, 10.2748, 14.4072, 20.6792, 26.58, 37.2455, 63.0117, 200.0, 63.494, 23.1863, 14.7816, 11.0204, 7.45556, 5.24142, 4.26824, 3.82043, 3.68579]"
2025-05-07 20:43:55.021739,-0.00319226,0.0177644,0.011233,-0.329878,-0.00426215,0.0,0.8,1,942.478,0.862,60,0.307085025,"[7.31433, 7.5626, 8.41842, 10.2751, 14.4086, 20.6821, 26.5835, 37.254, 63.0374, 200.0, 63.4291, 23.1779, 14.7787, 11.0189, 7.45527, 5.24115, 4.26811, 3.82043, 3.68579]"
2025-05-07 20:43:55.048772,-0.000270448,-0.0265989,0.0134459,-0.329878,-0.00424879,0.0,0.8,1,942.478,0.882,60,0.30727931500000005,"[7.31445, 7.56257, 8.41848, 10.2751, 14.4085, 20.6827, 26.585, 37.2562, 63.0439, 200.0, 63.4154, 23.1749, 14.7787, 11.0184, 7.45524, 5.24111, 4.26805, 3.82043, 3.68579]"
2025-05-07 20:43:55.068540,-0.00592957,0.0188696,0.0134046,-0.329878,-0.00424641,0.0,0.8,1,942.478,0.902,60,0.30745713500000005,"[7.31433, 7.56264, 8.41857, 10.2752, 14.4086, 20.6831, 26.5851, 37.2569, 63.0447, 200.0, 63.4075, 23.1748, 14.7779, 11.0185, 7.45463, 5.24112, 4.26819, 3.82043, 3.68579]"
2025-05-07 20:43:55.086326,-0.00167198,-0.0239308,0.0116184,-0.329878,-0.00424689,0.0,0.8,1,942.478,0.922,60,0.307630665,"[7.31433, 7.56253, 8.41858, 10.2751, 14.4085, 20.683, 26.5851, 37.2563, 63.0445, 200.0, 63.4091, 23.175, 14.7784, 11.0184, 7.45445, 5.24112, 4.26806, 3.82031, 3.68579]"
2025-05-07 20:43:55.107029,-0.00657522,0.0205456,0.00875414,-0.329878,-0.00424832,0.0,0.8,1,942.478,0.942,60,0.30780277000000006,"[7.31445, 7.56256, 8.4186, 10.2752, 14.4086, 20.6829, 26.585, 37.2562, 63.0441, 200.0, 63.415, 23.1749, 14.7787, 11.0184, 7.45506, 5.24111, 4.26793, 3.82043, 3.68579]"
2025-05-07 20:43:55.125346,-0.00187875,-0.0235256,0.00546234,-0.329878,-0.00424927,0.0,0.8,1,942.478,0.962,60,0.30797559500000005,"[7.31445, 7.56258, 8.41849, 10.2752, 14.4086, 20.6824, 26.5849, 37.2561, 63.0438, 200.0, 63.4158, 23.1753, 14.7788, 11.0184, 7.45512, 5.24105, 4.26817, 3.82043, 3.68579]"
2025-05-07 20:43:55.143941,-0.00720046,0.0209399,0.00196353,-0.329878,-0.00425022,0.0,0.8,1,942.478,0.982,60,0.30814842000000003,"[7.31445, 7.5626, 8.4185, 10.2751, 14.4086, 20.6825, 26.5846, 37.2559, 63.0432, 200.0, 63.4167, 23.1754, 14.779, 11.0185, 7.45505, 5.24105, 4.26805, 3.82043, 3.68567]"
2025-05-07 20:43:55.173891,-0.00267868,-0.0238273,-0.00088853,-0.329878,-0.00418633,0.0,0.8,1,942.478,1.004,60,0.30841850500000006,"[7.31433, 7.56272, 8.41894, 10.2758, 14.4102, 20.6861, 26.5901, 37.2671, 63.075, 200.0, 63.3334, 23.1647, 14.7741, 11.0162, 7.4543, 5.24062, 4.26786, 3.82031, 3.68579]"
2025-05-07 20:43:55.194311,-0.00783064,0.0209128,-0.00243243,-0.329878,-0.00431841,0.0,0.8,1,942.478,1.024,60,0.30839463500000003,"[7.31433, 7.56233, 8.41813, 10.2745, 14.4069, 20.679, 26.5791, 37.2449, 63.0071, 200.0, 63.502, 23.1867, 14.7823, 11.0204, 7.45591, 5.24134, 4.26809, 3.82056, 3.68579]"
2025-05-07 20:43:55.210160,-0.00297305,-0.0240741,-0.00310789,-0.329878,-0.00418871,0.0,0.8,1,942.478,1.044,60,0.30876343500000003,"[7.31433, 7.56266, 8.41898, 10.2757, 14.4102, 20.6859, 26.5901, 37.267, 63.0737, 200.0, 63.3366, 23.1648, 14.7739, 11.0164, 7.4543, 5.24074, 4.26785, 3.82043, 3.68579]"
2025-05-07 20:43:55.231044,-0.00803446,0.0209475,-0.00322483,-0.329878,-0.00432175,0.0,0.8,1,942.478,1.064,60,0.30873812500000003,"[7.31445, 7.56252, 8.41818, 10.2743, 14.4068, 20.679, 26.5789, 37.2439, 63.0058, 200.0, 63.5065, 23.1871, 14.7822, 11.0208, 7.45609, 5.24146, 4.26807, 3.82043, 3.68567]"
2025-05-07 20:43:55.250884,-0.00306668,-0.0241528,-0.00290533,-0.329878,-0.00419157,0.0,0.8,1,942.478,1.084,60,0.30910764500000004,"[7.31433, 7.56272, 8.41902, 10.2757, 14.4103, 20.6861, 26.5893, 37.2668, 63.0725, 200.0, 63.3401, 23.1653, 14.7741, 11.0163, 7.45435, 5.24067, 4.26796, 3.82031, 3.68579]"
2025-05-07 20:43:55.264092,-0.0080938,0.0208698,-0.00235789,-0.329878,-0.00432461,0.0,0.8,1,942.478,1.104,60,0.30908233500000004,"[7.31445, 7.56245, 8.41821, 10.2743, 14.4069, 20.6789, 26.5781, 37.2432, 63.0046, 200.0, 63.5114, 23.1876, 14.782, 11.0209, 7.45602, 5.24145, 4.2683, 3.82043, 3.68567]"
2025-05-07 20:43:55.284368,-0.00312606,-0.0241545,-0.00175185,-0.329878,-0.00419443,0.0,0.8,1,942.478,1.124,60,0.30945185500000005,"[7.31445, 7.56278, 8.41894, 10.2757, 14.4099, 20.6858, 26.5892, 37.2662, 63.0716, 200.0, 63.3425, 23.1656, 14.7744, 11.0166, 7.45422, 5.24061, 4.26794, 3.82031, 3.68567]"
2025-05-07 20:43:55.305891,-0.00815253,0.0208477,-0.00117728,-0.329878,-0.00432747,0.0,0.8,1,942.478,1.144,60,0.30942654500000005,"[7.31433, 7.5624, 8.41801, 10.2743, 14.407, 20.6787, 26.5776, 37.243, 63.0037, 200.0, 63.5136, 23.1876, 14.7822, 11.0207, 7.45607, 5.24151, 4.26829, 3.82056, 3.68567]"
2025-05-07 20:43:55.330020,-0.00310167,-0.0241289,-0.000715958,-0.329878,-0.00419777,0.0,0.8,1,942.478,1.164,60,0.30979534500000006,"[7.31445, 7.56273, 8.41886, 10.2756, 14.4099, 20.6857, 26.589, 37.2652, 63.0693, 200.0, 63.3478, 23.1665, 14.7745, 11.0167, 7.45427, 5.24085, 4.26781, 3.82043, 3.68567]"
2025-05-07 20:43:55.348141,-0.00796774,0.0209088,-0.000367443,-0.329878,-0.00433081,0.0,0.8,1,942.478,1.184,60,0.30977003500000005,"[7.31433, 7.56246, 8.41818, 10.2745, 14.407, 20.6786, 26.5776, 37.2423, 63.0021, 200.0, 63.5177, 23.1879, 14.7821, 11.0212, 7.45619, 5.2415, 4.26828, 3.82043, 3.68567]"
2025-05-07 20:43:55.368164,-0.00277298,-0.0239984,-8.77709e-05,-0.329878,-0.00420111,0.0,0.8,1,942.478,1.204,60,0.31013883500000006,"[7.31433, 7.56254, 8.41866, 10.2757, 14.41, 20.6857, 26.589, 37.2645, 63.0672, 200.0, 63.3565, 23.1678, 14.7745, 11.017, 7.45433, 5.2409, 4.26791, 3.82031, 3.68567]"
2025-05-07 20:43:55.384693,-0.00762337,0.0209976,0.000108216,-0.329878,-0.00433367,0.0,0.8,1,942.478,1.224,60,0.31011424500000007,"[7.31433, 7.56253, 8.41835, 10.2744, 14.4068, 20.6782, 26.5774, 37.2414, 63.001, 200.0, 63.5214, 23.188, 14.782, 11.0212, 7.456, 5.24168, 4.26826, 3.82043, 3.68555]"
2025-05-07 20:43:55.407451,-0.00247986,-0.0239197,0.000240002,-0.329878,-0.00420397,0.0,0.8,1,942.478,1.244,60,0.31048304500000007,"[7.31433, 7.56274, 8.41883, 10.2757, 14.4099, 20.6855, 26.589, 37.2643, 63.0661, 200.0, 63.359, 23.1684, 14.7765, 11.0174, 7.45407, 5.24077, 4.26802, 3.82031, 3.68567]"
2025-05-07 20:43:55.428245,-0.00738629,0.0209882,0.000209757,-0.329878,-0.00433653,0.0,0.8,1,942.478,1.264,60,0.310458455,"[7.31433, 7.56245, 8.41826, 10.2743, 14.4066, 20.6782, 26.5774, 37.2413, 62.9998, 200.0, 63.5236, 23.1894, 14.7836, 11.0212, 7.45623, 5.24161, 4.26825, 3.82043, 3.68555]"
2025-05-07 20:43:55.447650,-0.0023643,-0.0239984,0.000221519,-0.329878,-0.00420588,0.0,0.8,1,942.478,1.284,60,0.3108286800000001,"[7.31433, 7.56252, 8.41885, 10.2755, 14.4097, 20.6852, 26.5889, 37.264, 63.0654, 200.0, 63.3606, 23.1682, 14.7765, 11.0174, 7.45419, 5.24083, 4.26801, 3.82031, 3.68567]"
2025-05-07 20:43:55.474811,-0.00734451,0.0208883,0.000194284,-0.329878,-0.00433749,0.0,0.8,1,942.478,1.304,60,0.31080551500000003,"[7.31445, 7.56247, 8.41827, 10.2742, 14.4066, 20.6782, 26.5772, 37.2412, 62.9995, 200.0, 63.5244, 23.1893, 14.7838, 11.0212, 7.45605, 5.24155, 4.26824, 3.82056, 3.68567]"
2025-05-07 20:43:55.501247,-0.00235059,-0.0240526,0.000218681,-0.329878,-0.00420683,0.0,0.8,1,942.478,1.324,60,0.31117575500000005,"[7.31433, 7.56254, 8.41886, 10.2755, 14.4098, 20.6852, 26.5886, 37.2634, 63.0651, 200.0, 63.3614, 23.1691, 14.7764, 11.0175, 7.45431, 5.24101, 4.26801, 3.82043, 3.68567]"
2025-05-07 20:43:55.515870,-0.00742956,0.020858,0.000198736,-0.329878,-0.00433844,0.0,0.8,1,942.478,1.344,60,0.31115259000000006,"[7.31445, 7.56237, 8.41816, 10.2742, 14.4067, 20.6781, 26.5772, 37.2406, 62.9992, 200.0, 63.5252, 23.1895, 14.784, 11.0211, 7.45623, 5.24155, 4.26824, 3.82043, 3.68567]"
2025-05-07 20:43:55.525425,-0.00242687,-0.0240214,0.000203513,-0.329878,-0.00420826,0.0,0.8,1,942.478,1.364,60,0.3115221100000001,"[7.31433, 7.56257, 8.41888, 10.2754, 14.4098, 20.6848, 26.5886, 37.2631, 63.0644, 200.0, 63.3624, 23.1691, 14.7764, 11.0174, 7.45431, 5.24101, 4.26788, 3.82043, 3.68555]"
2025-05-07 20:43:55.544598,-0.00749376,0.020913,0.00018682,-0.329878,-0.00434035,0.0,0.8,1,942.478,1.384,60,0.3114982250000001,"[7.31445, 7.56253, 8.41819, 10.2743, 14.4066, 20.6782, 26.5772, 37.2403, 62.9976, 200.0, 63.5269, 23.1898, 14.7842, 11.0215, 7.45628, 5.24154, 4.26823, 3.82056, 3.68567]"
2025-05-07 20:43:55.569435,-0.00250457,-0.0240181,0.000194662,-0.329878,-0.00420969,0.0,0.8,1,942.478,1.404,60,0.31186846500000004,"[7.31433, 7.56273, 8.41879, 10.2754, 14.4097, 20.6849, 26.5882, 37.263, 63.0639, 200.0, 63.3636, 23.1694, 14.7766, 11.0174, 7.4543, 5.24088, 4.26799, 3.82031, 3.68555]"
2025-05-07 20:43:55.587007,-0.00754169,0.0209184,0.000189184,-0.329878,-0.00434225,0.0,0.8,1,942.478,1.424,60,0.31184387500000005,"[7.31445, 7.56233, 8.41834, 10.2743, 14.4067, 20.6781, 26.5765, 37.2402, 62.997, 200.0, 63.534, 23.1902, 14.7842, 11.0217, 7.45597, 5.24154, 4.26822, 3.82043, 3.68567]"
2025-05-07 20:43:55.604944,-0.00252075,-0.0239679,0.000211134,-0.329878,-0.00421208,0.0,0.8,1,942.478,1.444,60,0.31221338000000004,"[7.31445, 7.56254, 8.41882, 10.2756, 14.4094, 20.6848, 26.5879, 37.2629, 63.0627, 200.0, 63.3669, 23.1696, 14.7764, 11.0175, 7.45472, 5.24088, 4.26798, 3.82031, 3.68567]"
2025-05-07 20:43:55.626994,-0.00754476,0.0209455,0.000174074,-0.329878,-0.00434416,0.0,0.8,1,942.478,1.464,60,0.31218951000000006,"[7.31445, 7.56238, 8.41813, 10.2742, 14.4067, 20.6782, 26.5762, 37.2393, 62.9959, 200.0, 63.536, 23.1904, 14.7841, 11.0216, 7.45615, 5.24154, 4.26833, 3.82056, 3.68567]"
2025-05-07 20:43:55.643939,-0.00251867,-0.0239749,0.000189993,-0.329878,-0.00421446,0.0,0.8,1,942.478,1.484,60,0.31255831000000006,"[7.31445, 7.56271, 8.41861, 10.2755, 14.4095, 20.6849, 26.5877, 37.2624, 63.0609, 200.0, 63.3701, 23.1699, 14.7765, 11.0179, 7.45454, 5.24087, 4.26797, 3.82031, 3.68567]"
2025-05-07 20:43:55.667624,-0.00755957,0.0209928,0.000175208,-0.329878,-0.00434702,0.0,0.8,1,942.478,1.504,60,0.31253372000000007,"[7.31445, 7.56232, 8.41817, 10.2741, 14.4066, 20.6776, 26.5761, 37.2391, 62.9949, 200.0, 63.5385, 23.1911, 14.784, 11.0215, 7.45627, 5.24153, 4.26832, 3.82043, 3.68567]"
2025-05-07 20:43:55.685272,-0.00253025,-0.023914,0.000186037,-0.329878,-0.0042178,0.0,0.8,1,942.478,1.524,60,0.31290180000000006,"[7.31445, 7.56265, 8.41877, 10.2755, 14.4095, 20.6849, 26.5875, 37.2615, 63.0586, 200.0, 63.3752, 23.1713, 14.7764, 11.0179, 7.45447, 5.24087, 4.26808, 3.82031, 3.68567]"
2025-05-07 20:43:55.706344,-0.00751458,0.0210211,0.000171027,-0.329878,-0.00435036,0.0,0.8,1,942.478,1.544,60,0.31287721000000007,"[7.31445, 7.56239, 8.41809, 10.2742, 14.4061, 20.6773, 26.5761, 37.2385, 62.9939, 200.0, 63.5414, 23.1915, 14.7842, 11.0216, 7.45626, 5.24171, 4.26842, 3.82056, 3.68567]"
2025-05-07 20:43:55.729941,-0.00251311,-0.0239197,0.000185109,-0.329878,-0.00422066,0.0,0.8,1,942.478,1.564,60,0.3132460100000001,"[7.31445, 7.56271, 8.41869, 10.2756, 14.4096, 20.6844, 26.5875, 37.2612, 63.0565, 200.0, 63.3772, 23.1712, 14.7762, 11.0179, 7.45458, 5.24092, 4.26807, 3.82031, 3.68567]"
2025-05-07 20:43:55.747248,-0.00757795,0.0209831,0.000168557,-0.329878,-0.00435274,0.0,0.8,1,942.478,1.584,60,0.3132221400000001,"[7.31445, 7.56244, 8.41813, 10.2742, 14.4058, 20.6774, 26.5761, 37.2383, 62.9926, 200.0, 63.5432, 23.1917, 14.7839, 11.0216, 7.45613, 5.24158, 4.26841, 3.82056, 3.68579]"
2025-05-07 20:43:55.765495,-0.00252642,-0.0239281,0.000187751,-0.329878,-0.00422304,0.0,0.8,1,942.478,1.604,60,0.3135909400000001,"[7.31445, 7.56265, 8.41873, 10.2755, 14.4093, 20.6844, 26.5875, 37.261, 63.0547, 200.0, 63.3807, 23.1714, 14.7765, 11.0179, 7.45445, 5.24092, 4.26805, 3.82031, 3.68567]"
2025-05-07 20:43:55.785316,-0.0075907,0.0210155,0.000177292,-0.329878,-0.00435608,0.0,0.8,1,942.478,1.624,60,0.31356563000000004,"[7.31445, 7.5625, 8.41805, 10.2742, 14.4058, 20.6774, 26.5754, 37.238, 62.9903, 200.0, 63.5485, 23.1929, 14.784, 11.022, 7.45642, 5.24164, 4.2684, 3.82043, 3.68579]"
2025-05-07 20:43:55.810597,-0.00254429,-0.023924,0.000197466,-0.329878,-0.00422638,0.0,0.8,1,942.478,1.644,60,0.3139344300000001,"[7.31445, 7.56271, 8.41877, 10.2754, 14.4093, 20.6839, 26.5869, 37.2608, 63.0536, 200.0, 63.3856, 23.1719, 14.7767, 11.0178, 7.4545, 5.24091, 4.26792, 3.82043, 3.68579]"
2025-05-07 20:43:55.822970,-0.00754387,0.0209751,0.000173241,-0.329878,-0.00435847,0.0,0.8,1,942.478,1.664,60,0.3139105450000001,"[7.31445, 7.56231, 8.41809, 10.2743, 14.406, 20.677, 26.5754, 37.2378, 62.9883, 200.0, 63.553, 23.1934, 14.7846, 11.022, 7.45636, 5.24163, 4.26826, 3.82056, 3.68579]"
2025-05-07 20:43:55.846090,-0.00246755,-0.023946,0.000185532,-0.329878,-0.00422877,0.0,0.8,1,942.478,1.684,60,0.3142793450000001,"[7.31433, 7.56265, 8.41869, 10.2754, 14.4093, 20.684, 26.5866, 37.2605, 63.0526, 200.0, 63.3904, 23.1722, 14.7769, 11.0178, 7.45468, 5.24091, 4.26802, 3.82043, 3.68579]"
2025-05-07 20:43:55.864948,-0.00751422,0.0209622,0.000184537,-0.329878,-0.00436133,0.6000751422,0.0,1,942.478,1.704,60,0.014254755000000082,"[7.31445, 7.56237, 8.41813, 10.274, 14.406, 20.677, 26.5752, 37.2376, 62.9864, 200.0, 63.5553, 23.1933, 14.785, 11.022, 7.45635, 5.24163, 4.26825, 3.82056, 3.68567]"
2025-05-07 20:43:55.889740,0.117539,-0.048884,0.000489106,-0.329878,-0.00421971,0.59882461,0.0,1,942.478,1.724,60,0.014641435000000085,"[7.31445, 7.56262, 8.41872, 10.2757, 14.4093, 20.6847, 26.5871, 37.2616, 63.0572, 200.0, 63.3757, 23.1715, 14.7762, 11.0178, 7.45469, 5.24084, 4.26791, 3.82031, 3.68567]"
2025-05-07 20:43:55.906985,0.296772,-0.0330442,0.00124679,-0.329878,-0.00426024,0.5970322800000001,0.0,1,942.478,1.744,60,0.014754890000000083,"[7.31433, 7.56261, 8.41854, 10.275, 14.4085, 20.6824, 26.5834, 37.2541, 63.0393, 200.0, 63.427, 23.1769, 14.7791, 11.019, 7.45516, 5.24107, 4.26814, 3.82031, 3.68579]"
2025-05-07 20:43:55.925217,0.503074,0.00543252,0.00217187,-0.329901,-0.00415629,0.59496926,0.0,1,942.478,1.764,60,0.0149988150000001,"[7.31458, 7.56286, 8.41932, 10.2762, 14.4112, 20.688, 26.5925, 37.2726, 63.0913, 200.0, 63.2969, 23.1591, 14.771, 11.0153, 7.45335, 5.2403, 4.26763, 3.82031, 3.68555]"
2025-05-07 20:43:55.949582,0.712033,-0.0103933,0.0029588,-0.329923,-0.00420779,0.59287967,0.0,1,942.478,1.784,60,0.015081165000000004,"[7.31458, 7.56293, 8.41926, 10.2759, 14.4102, 20.6857, 26.589, 37.264, 63.0672, 200.0, 63.3567, 23.1673, 14.7756, 11.0163, 7.45407, 5.24033, 4.26761, 3.82007, 3.6853]"
2025-05-07 20:43:55.963055,0.920292,0.00766853,0.00339133,-0.329945,-0.0041849,0.59079708,0.0,1,942.478,1.804,60,0.015271000000000198,"[7.3147, 7.56322, 8.41925, 10.2765, 14.4108, 20.6873, 26.591, 37.2687, 63.0782, 200.0, 63.3224, 23.1633, 14.7732, 11.0154, 7.4531, 5.24018, 4.26734, 3.81995, 3.68542]"
2025-05-07 20:43:55.983615,1.12585,-0.00126907,0.00344493,-0.329989,-0.0042364,0.5887415,0.0,1,942.478,1.824,60,0.01526565000000014,"[7.31506, 7.56328, 8.41937, 10.2763, 14.4102, 20.6848, 26.5872, 37.2611, 63.0542, 200.0, 63.3825, 23.1708, 14.7749, 11.0165, 7.45344, 5.24004, 4.26718, 3.81958, 3.68506]"
2025-05-07 20:43:56.010741,1.32774,0.00797711,0.00312184,-0.330034,-0.00421255,0.5867226,0.0,1,942.478,1.844,60,0.015433375000000044,"[7.31531, 7.56352, 8.41981, 10.2768, 14.4114, 20.6864, 26.5893, 37.2657, 63.0709, 200.0, 63.344, 23.1656, 14.7722, 11.0144, 7.45269, 5.23952, 4.26684, 3.81946, 3.68481]"
2025-05-07 20:43:56.029914,1.52866,-0.00123766,0.00251945,-0.330078,-0.00428026,0.5847133999999999,0.0,1,942.478,1.864,60,0.015468260000000142,"[7.31543, 7.56383, 8.41968, 10.2762, 14.41, 20.6836, 26.5836, 37.2545, 63.0396, 200.0, 63.4251, 23.176, 14.7761, 11.0168, 7.45331, 5.23969, 4.26699, 3.81934, 3.68445]"
2025-05-07 20:43:56.045006,1.72895,0.012021,0.00172946,-0.330145,-0.0042569,0.5827105,0.0,1,942.478,1.884,60,0.015548299999999965,"[7.3158, 7.56406, 8.4203, 10.2772, 14.411, 20.6856, 26.5867, 37.2608, 63.0528, 200.0, 63.3896, 23.171, 14.773, 11.0143, 7.452, 5.23907, 4.26639, 3.81873, 3.68433]"
2025-05-07 20:43:56.062804,1.92927,-0.00310278,0.000981174,-0.330211,-0.00433415,0.5807072999999999,0.0,1,942.478,1.904,60,0.01554682500000025,"[7.31616, 7.56445, 8.42019, 10.2769, 14.4099, 20.6821, 26.581, 37.2479, 63.0187, 200.0, 63.4777, 23.1808, 14.777, 11.0157, 7.45231, 5.23895, 4.26602, 3.8186, 3.68372]"
2025-05-07 20:43:56.082943,2.12962,0.0152364,0.000413191,-0.330278,-0.00431412,0.5787038,0.0,1,942.478,1.924,60,0.015681219999999968,"[7.31653, 7.56476, 8.42083, 10.2776, 14.4113, 20.6843, 26.583, 37.253, 63.0305, 200.0, 63.4425, 23.1768, 14.7733, 11.0139, 7.45141, 5.23826, 4.26569, 3.81812, 3.68359]"
2025-05-07 20:43:56.106154,2.32961,-0.00366001,6.4636e-05,-0.330344,-0.00439947,0.5767038999999999,0.0,1,942.478,1.944,60,0.015660945000000044,"[7.31689, 7.56507, 8.42072, 10.2772, 14.4101, 20.6806, 26.5762, 37.2383, 62.9935, 200.0, 63.5416, 23.1893, 14.7776, 11.0159, 7.45159, 5.23812, 4.26543, 3.81787, 3.68311]"
2025-05-07 20:43:56.122293,2.5294,0.0180876,-7.03169e-05,-0.330411,-0.00438183,0.5747059999999999,0.0,1,942.478,1.964,60,0.01578510500000014,"[7.31726, 7.56547, 8.42153, 10.278, 14.4109, 20.6821, 26.5782, 37.244, 63.0047, 200.0, 63.5122, 23.185, 14.7751, 11.014, 7.45086, 5.2374, 4.26487, 3.81763, 3.68274]"
2025-05-07 20:43:56.145267,2.72832,-0.0031517,-8.60392e-05,-0.330344,-0.00447434,0.5727168,0.0,1,942.478,1.984,60,0.01624619000000003,"[7.31702, 7.56484, 8.42055, 10.2765, 14.408, 20.6759, 26.5678, 37.2249, 62.957, 200.0, 63.6336, 23.2044, 14.7817, 11.0178, 7.45268, 5.23856, 4.26558, 3.81799, 3.68323]"
2025-05-07 20:43:56.165767,3.00525,0.0209188,4.72633e-05,-0.3303,-0.00448292,0.5699474999999999,0.0,1,942.478,2.006,60,0.016348270000000244,"[7.31677, 7.5646, 8.42005, 10.2761, 14.4072, 20.6741, 26.565, 37.2208, 62.9504, 200.0, 63.6473, 23.2099, 14.7841, 11.0192, 7.45353, 5.23885, 4.26603, 3.81824, 3.68335]"
2025-05-07 20:43:56.188691,3.27912,-0.00135741,0.000274041,-0.330167,-0.00454396,0.5672088,0.0,1,942.478,2.028,60,0.01677661000000009,"[7.31592, 7.56369, 8.41884, 10.2743, 14.4039, 20.6688, 26.5562, 37.2063, 62.9156, 200.0, 63.7383, 23.2267, 14.7908, 11.0236, 7.45609, 5.24036, 4.26684, 3.81909, 3.6842]"
2025-05-07 20:43:56.214294,3.47981,0.0209906,0.000571181,-0.330056,-0.00457972,0.5652019,0.0,1,942.478,2.05,60,0.016900020000000005,"[7.31543, 7.5629, 8.41799, 10.2733, 14.4021, 20.6646, 26.5502, 37.1958, 62.894, 200.0, 63.7922, 23.2376, 14.7957, 11.0267, 7.45763, 5.24137, 4.26768, 3.8197, 3.68469]"
2025-05-07 20:43:56.231846,3.61098,0.00309247,0.00085877,-0.329945,-0.0047099,0.5638902,0.0,1,942.478,2.072,60,0.016953350000000193,"[7.31482, 7.56214, 8.41686, 10.2709, 14.3974, 20.656, 26.5357, 37.1696, 62.8256, 200.0, 63.9673, 23.2669, 14.8058, 11.0321, 7.46054, 5.24312, 4.26872, 3.82043, 3.68542]"
2025-05-07 20:43:56.255674,3.81099,0.0155409,0.00107523,-0.329834,-0.0047056,0.5618901000000001,0.0,1,942.478,2.094,60,0.017213950000000006,"[7.31421, 7.56152, 8.41613, 10.2701, 14.3962, 20.6538, 26.5325, 37.1657, 62.824, 200.0, 63.9702, 23.2724, 14.8094, 11.0347, 7.46194, 5.24378, 4.26947, 3.82104, 3.68604]"
2025-05-07 20:43:56.278430,4.08101,0.0108989,0.00114696,-0.329745,-0.0047943,0.5591899,0.0,1,942.478,2.116,60,0.017258100000000113,"[7.31372, 7.56063, 8.41498, 10.2685, 14.393, 20.6472, 26.5214, 37.1481, 62.7739, 200.0, 64.0931, 23.2935, 14.8167, 11.0395, 7.4643, 5.24512, 4.27043, 3.82178, 3.6864]"
2025-05-07 20:43:56.297267,4.34856,0.0138547,0.00126688,-0.329656,-0.00485247,0.5565144,0.0,1,942.478,2.138,60,0.017418495000000117,"[7.31311, 7.56012, 8.41434, 10.2669, 14.3905, 20.6423, 26.5133, 37.1342, 62.7438, 200.0, 64.1765, 23.3098, 14.8222, 11.0424, 7.46596, 5.24618, 4.27109, 3.82227, 3.68677]"
2025-05-07 20:43:56.321300,4.5442,0.0147247,0.0014514,-0.329568,-0.00498074,0.554558,0.0,1,942.478,2.16,60,0.017474440000000015,"[7.31274, 7.55934, 8.41296, 10.2653, 14.3863, 20.6337, 26.4997, 37.1077, 62.6772, 200.0, 64.3488, 23.3363, 14.833, 11.0483, 7.46872, 5.2476, 4.27194, 3.823, 3.6875]"
2025-05-07 20:43:56.341937,4.67116,0.0108052,0.00157317,-0.329501,-0.00501889,0.5532884,0.0,1,942.478,2.182,60,0.01759421500000023,"[7.31238, 7.55894, 8.41255, 10.2641, 14.3848, 20.6301, 26.4934, 37.0986, 62.658, 200.0, 64.4009, 23.3484, 14.8366, 11.0507, 7.46975, 5.24822, 4.27234, 3.82336, 3.68774]"
2025-05-07 20:43:56.365582,4.86729,0.0229672,0.00152632,-0.329434,-0.0050928,0.5513271000000001,0.0,1,942.478,2.204,60,0.017726700000000054,"[7.31201, 7.55844, 8.41171, 10.2629, 14.382, 20.6246, 26.484, 37.0836, 62.6192, 200.0, 64.4964, 23.3667, 14.8429, 11.0544, 7.47158, 5.24905, 4.27292, 3.82373, 3.68823]"
2025-05-07 20:43:56.389533,5.13208,0.00795498,0.00152023,-0.329368,-0.00520628,0.5486792,0.0,1,942.478,2.226,60,0.017799430000000144,"[7.31177, 7.55777, 8.4106, 10.2611, 14.3783, 20.6167, 26.4711, 37.0603, 62.5607, 200.0, 64.651, 23.392, 14.8516, 11.0594, 7.47409, 5.2506, 4.2739, 3.82434, 3.6886]"
2025-05-07 20:43:56.408363,5.3946,0.0246009,0.00151145,-0.329301,-0.00530785,0.546054,0.0,1,942.478,2.248,60,0.01790007500000005,"[7.31128, 7.55723, 8.40972, 10.2597, 14.3747, 20.6097, 26.4591, 37.039, 62.5093, 200.0, 64.7885, 23.4144, 14.8598, 11.064, 7.47589, 5.25172, 4.27443, 3.82496, 3.68896]"
2025-05-07 20:43:56.431081,5.58818,0.0107116,0.00155384,-0.329279,-0.00540608,0.5441182,0.0,1,942.478,2.27,60,0.017837330000000186,"[7.31104, 7.55693, 8.40913, 10.2584, 14.3718, 20.6037, 26.4486, 37.0196, 62.4607, 200.0, 64.9162, 23.4347, 14.8672, 11.0677, 7.47769, 5.25219, 4.27479, 3.82516, 3.68909]"
2025-05-07 20:43:56.451447,5.71469,0.0251976,0.00160744,-0.329235,-0.00545948,0.5428531,0.0,1,1000.45,2.292,60,0.018060430000000075,"[7.31091, 7.55649, 8.40852, 10.2576, 14.3702, 20.5996, 26.4417, 37.0079, 62.4331, 200.0, 64.9812, 23.45, 14.8718, 11.0699, 7.47902, 5.25284, 4.27512, 3.8253, 3.68921]"
2025-05-07 20:43:56.472541,5.90758,0.0152215,0.00164723,-0.329213,-0.00561636,0.5409242,0.0,1,942.478,2.314,60,0.017982010000000194,"[7.31079, 7.55611, 8.40776, 10.2558, 14.3659, 20.5902, 26.426, 36.9799, 62.3593, 200.0, 65.1883, 23.4819, 14.882, 11.0751, 7.48086, 5.25371, 4.27585, 3.82563, 3.68933]"
2025-05-07 20:43:56.496116,6.16852,0.0224873,0.0017501,-0.32919,-0.00571698,0.5383148,0.0,1,942.478,2.336,60,0.64294758,"[7.31067, 7.55582, 8.4071, 10.2545, 14.3632, 20.5838, 26.4148, 36.9597, 62.3101, 200.0, 65.3175, 23.5021, 14.8889, 11.0788, 7.48264, 5.25463, 4.27609, 3.82591, 3.68945]"
2025-05-07 20:43:56.516911,6.41581,0.246435,0.00192371,-0.329035,-0.00646418,0.5358419,0.0,1,942.478,2.358,60,-0.48956897000000016,"[7.30981, 7.55347, 8.40265, 10.2458, 14.3436, 20.5417, 26.346, 36.8265, 61.9393, 199.47, 66.3433, 23.6407, 14.9382, 11.1057, 7.49443, 5.2597, 4.27892, 3.82755, 3.69043]"
2025-05-07 20:43:56.540302,6.55986,0.201609,0.00195793,-0.32868,-0.00770157,0.5344014,0.0,1,942.478,2.38,60,0.021878945000000045,"[7.30798, 7.54906, 8.39458, 10.2307, 14.31, 20.4715, 26.2327, 36.6068, 61.3282, 193.405, 68.1243, 23.8749, 15.0221, 11.1517, 7.51518, 5.26904, 4.2843, 3.83069, 3.69226]"
2025-05-07 20:43:56.562243,6.74035,0.0530764,0.00201306,-0.328458,-0.00785893,0.5325965,0.0,1,1105.07,2.402,60,0.02143590500000006,"[7.30676, 7.54741, 8.39242, 10.2275, 14.3037, 20.4593, 26.2131, 36.5732, 61.2454, 192.71, 68.3738, 23.9161, 15.0369, 11.1607, 7.51955, 5.27173, 4.28613, 3.83228, 3.6936]"
2025-05-07 20:43:56.584175,6.9232,0.0269327,0.00208439,-0.328458,-0.00798434,0.530768,0.0,1,1038.06,2.424,60,0.02061839000000006,"[7.30676, 7.54723, 8.39184, 10.2262, 14.3006, 20.4518, 26.2001, 36.5502, 61.1878, 192.21, 68.5443, 23.944, 15.046, 11.1647, 7.52129, 5.27229, 4.28646, 3.83245, 3.6936]"
2025-05-07 20:43:56.605817,7.20928,0.0287258,0.0020925,-0.32848,-0.00812453,0.5279072,0.0,1,942.478,2.446,60,0.02036220500000018,"[7.30688, 7.54711, 8.39111, 10.2247, 14.2971, 20.4435, 26.1865, 36.5245, 61.1212, 191.641, 68.7428, 23.9746, 15.0546, 11.1695, 7.52332, 5.273, 4.2866, 3.83242, 3.69348]"
2025-05-07 20:43:56.627978,7.4297,0.0254529,0.00223223,-0.328436,-0.00825852,0.525703,0.0,1,942.478,2.468,60,0.02042772000000003,"[7.30664, 7.54658, 8.39034, 10.2232, 14.2932, 20.4352, 26.1716, 36.4997, 61.0591, 191.106, 68.9336, 24.0058, 15.0644, 11.1749, 7.52547, 5.27407, 4.28734, 3.8329, 3.69373]"
2025-05-07 20:43:56.652147,7.58758,0.0304755,0.00240822,-0.328258,-0.00843113,0.5241241999999999,0.0,1,942.478,2.49,60,0.020742005000000112,"[7.30566, 7.54516, 8.38832, 10.2201, 14.2868, 20.4225, 26.1514, 36.4637, 60.9717, 190.373, 69.2012, 24.0493, 15.0798, 11.1832, 7.52986, 5.27638, 4.28874, 3.83416, 3.6947]"
2025-05-07 20:43:56.671809,7.74696,0.0262468,0.00243252,-0.328058,-0.00858372,0.5225304,0.0,1,1211.48,2.512,60,0.020775719999999998,"[7.30469, 7.54366, 8.38633, 10.217, 14.2808, 20.411, 26.1323, 36.4307, 60.8933, 189.742, 69.4391, 24.0918, 15.0955, 11.192, 7.53418, 5.27887, 4.29066, 3.8352, 3.6958]"
2025-05-07 20:43:56.696459,7.96646,0.0334966,0.00240096,-0.327859,-0.00871819,0.5203354,0.0,1,1140.4,2.534,60,0.020776865000000075,"[7.30347, 7.54237, 8.38431, 10.2139, 14.2752, 20.3997, 26.1145, 36.4011, 60.8233, 189.193, 69.6571, 24.1308, 15.1088, 11.1997, 7.53825, 5.28116, 4.2921, 3.83671, 3.6969]"
2025-05-07 20:43:56.717248,8.18581,0.0275704,0.00239041,-0.327659,-0.00889128,0.5181418999999999,0.0,1,958.933,2.556,60,0.02073678000000018,"[7.30249, 7.54095, 8.38234, 10.2105, 14.269, 20.3867, 26.0939, 36.3654, 60.7353, 188.478, 69.9306, 24.1763, 15.1243, 11.2092, 7.54302, 5.28378, 4.29398, 3.838, 3.698]"
2025-05-07 20:43:56.738927,8.4123,0.0346073,0.00242603,-0.327459,-0.00906533,0.515877,0.0,1,942.478,2.578,60,0.020702254999999996,"[7.30127, 7.53922, 8.38016, 10.2072, 14.2623, 20.3736, 26.0726, 36.3289, 60.6466, 187.765, 70.21, 24.223, 15.1416, 11.2189, 7.54778, 5.2863, 4.29585, 3.8393, 3.69922]"
2025-05-07 20:43:56.760940,8.63161,0.0300005,0.00249785,-0.327304,-0.00925034,0.5136839,0.0,1,993.682,2.6,60,0.02049254000000012,"[7.30054, 7.53808, 8.37835, 10.2042, 14.256, 20.3604, 26.0511, 36.2919, 60.556, 187.021, 70.4985, 24.2693, 15.1576, 11.2281, 7.55229, 5.28858, 4.29722, 3.84047, 3.69995]"
2025-05-07 20:43:56.780811,8.79293,0.0348811,0.00260602,-0.327126,-0.00938719,0.5120707,0.0,1,1309.36,2.622,60,0.020584065000000124,"[7.29956, 7.53676, 8.37639, 10.2015, 14.2505, 20.3498, 26.0336, 36.2615, 60.4877, 186.493, 70.7195, 24.3084, 15.172, 11.2357, 7.55594, 5.29074, 4.29866, 3.84152, 3.70093]"
2025-05-07 20:43:56.803852,8.91393,0.0306932,0.00277045,-0.326949,-0.00960081,0.5108607,0.0,1,1254.1,2.644,60,0.020496585000000015,"[7.29858, 7.53529, 8.37438, 10.1979, 14.2434, 20.3348, 26.0096, 36.219, 60.3818, 185.631, 71.057, 24.361, 15.1896, 11.2458, 7.56101, 5.29314, 4.30039, 3.84283, 3.70203]"
2025-05-07 20:43:56.827037,9.22557,0.038257,0.00278766,-0.326793,-0.00976055,0.5077443,0.0,1,1060.11,2.666,60,0.020423025000000036,"[7.29761, 7.53413, 8.37266, 10.1951, 14.2377, 20.3232, 25.9903, 36.187, 60.303, 185.018, 71.3109, 24.4047, 15.2046, 11.2543, 7.56492, 5.2955, 4.3017, 3.84401, 3.70288]"
2025-05-07 20:43:56.850210,9.40927,0.0347752,0.00283972,-0.326638,-0.00994557,0.5059073000000001,0.0,1,944.444,2.688,60,0.020378595000000124,"[7.29688, 7.53281, 8.37083, 10.192, 14.2314, 20.31, 25.9691, 36.1501, 60.2132, 184.297, 71.6087, 24.4523, 15.221, 11.2636, 7.56934, 5.29768, 4.30325, 3.84482, 3.70374]"
2025-05-07 20:43:56.870193,9.63768,0.0332827,0.00287563,-0.326505,-0.0101616,0.5036231999999999,0.0,1,1106.55,2.71,60,0.020215900000000047,"[7.29614, 7.53174, 8.36882, 10.1888, 14.2245, 20.2957, 25.9454, 36.1086, 60.1099, 183.46, 71.9496, 24.5051, 15.238, 11.2732, 7.57407, 5.30003, 4.30467, 3.84594, 3.70439]"
2025-05-07 20:43:56.890897,9.75468,0.0375289,0.00291977,-0.326349,-0.0103247,0.5024532,0.0,1,1413.34,2.732,60,0.020291500000000028,"[7.29529, 7.53052, 8.36722, 10.1859, 14.2189, 20.2843, 25.9265, 36.0754, 60.0328, 182.858, 72.2116, 24.5486, 15.2533, 11.2812, 7.57805, 5.30188, 4.30603, 3.84705, 3.70532]"
2025-05-07 20:43:56.914851,9.99701,0.0384584,0.00302862,-0.326238,-0.0105321,0.5000298999999999,0.0,1,1350.56,2.754,60,0.02007070000000016,"[7.2948, 7.52954, 8.36563, 10.183, 14.2127, 20.2709, 25.9046, 36.0368, 59.9381, 182.096, 72.5348, 24.5982, 15.2692, 11.29, 7.58185, 5.30388, 4.30725, 3.84778, 3.70593]"
2025-05-07 20:43:56.935710,10.162,0.0363965,0.0031607,-0.326105,-0.0107467,0.49838,0.0,1,1175.15,2.776,60,0.020062150000000053,"[7.29407, 7.52832, 8.3636, 10.1798, 14.2057, 20.2565, 25.8807, 35.9958, 59.8353, 181.291, 72.8784, 24.6511, 15.2877, 11.3, 7.58657, 5.30614, 4.30872, 3.84888, 3.70667]"
2025-05-07 20:43:56.957416,10.4953,0.0376247,0.00320689,-0.325994,-0.0109479,0.495047,0.0,1,1065.08,2.798,60,0.019931849999999966,"[7.29346, 7.52734, 8.362, 10.177, 14.1999, 20.2435, 25.8595, 35.9583, 59.7452, 180.574, 73.1944, 24.6996, 15.304, 11.3085, 7.59055, 5.30796, 4.31006, 3.84973, 3.70728]"
2025-05-07 20:43:56.980705,10.5981,0.0398194,0.00326742,-0.325883,-0.0111696,0.494019,0.0,1,1224.49,2.82,60,0.01984235000000015,"[7.29285, 7.52637, 8.36043, 10.1738, 14.1931, 20.2295, 25.8358, 35.9166, 59.6436, 179.767, 73.5485, 24.7534, 15.3207, 11.3186, 7.59473, 5.31024, 4.31116, 3.85059, 3.70789]"
2025-05-07 20:43:57.004375,10.7805,0.040331,0.00327462,-0.325772,-0.0113413,0.49219499999999994,0.0,1,1517.67,2.842,60,0.019833399999999956,"[7.29224, 7.52539, 8.35877, 10.1714, 14.1877, 20.2177, 25.8165, 35.8839, 59.5657, 179.18, 73.8221, 24.7983, 15.3361, 11.3263, 7.59841, 5.31211, 4.31238, 3.85156, 3.7085]"
2025-05-07 20:43:57.024370,10.9651,0.0397364,0.0033267,-0.325684,-0.0115773,0.490349,0.0,1,1464.26,2.864,60,0.019647300000000163,"[7.29175, 7.52454, 8.3571, 10.1683, 14.1806, 20.2029, 25.7921, 35.8411, 59.4596, 178.336, 74.204, 24.8541, 15.3546, 11.3359, 7.60289, 5.31397, 4.31355, 3.85217, 3.70898]"
2025-05-07 20:43:57.049497,11.2038,0.038767,0.00328885,-0.325595,-0.0117905,0.487962,0.0,1,1288.52,2.886,60,0.019572549999999883,"[7.29126, 7.52344, 8.35569, 10.1656, 14.1749, 20.1896, 25.7695, 35.8019, 59.365, 177.6, 74.545, 24.9052, 15.3714, 11.3445, 7.60691, 5.31588, 4.31463, 3.85303, 3.70947]"
2025-05-07 20:43:57.067005,11.484,0.0425991,0.00336769,-0.325506,-0.0120031,0.48516,0.0,1,1180.29,2.908,60,0.019500150000000063,"[7.29089, 7.52246, 8.3538, 10.1626, 14.1683, 20.1753, 25.7469, 35.7626, 59.2688, 176.867, 74.8914, 24.9583, 15.3884, 11.3541, 7.61102, 5.31779, 4.31591, 3.85376, 3.70996]"
2025-05-07 20:43:57.089101,11.5848,0.0432344,0.00355821,-0.32524,-0.012222,0.48415199999999997,0.0,1,1340.9,2.93,60,0.020086500000000194,"[7.28931, 7.52063, 8.35123, 10.1584, 14.1602, 20.1596, 25.7206, 35.7185, 59.1651, 176.103, 75.2688, 25.0189, 15.4099, 11.3657, 7.61671, 5.32108, 4.31795, 3.85535, 3.71155]"
2025-05-07 20:43:57.116020,11.7856,0.0437765,0.00367228,-0.324929,-0.0124351,0.48214399999999996,0.0,1,1619.83,2.952,60,0.02033259999999988,"[7.2876, 7.51843, 8.34822, 10.1539, 14.1516, 20.1425, 25.6947, 35.6734, 59.0597, 175.357, 75.6496, 25.0817, 15.4325, 11.379, 7.62342, 5.32469, 4.32071, 3.85742, 3.71326]"
2025-05-07 20:43:57.132514,11.964,0.0429525,0.00367929,-0.324618,-0.0126964,0.48036,0.0,1,1568.56,2.974,60,0.020386950000000056,"[7.28589, 7.51614, 8.34516, 10.1489, 14.1417, 20.1232, 25.6639, 35.6206, 58.9357, 174.43, 76.117, 25.1521, 15.4582, 11.3936, 7.63088, 5.32883, 4.32324, 3.8595, 3.71497]"
2025-05-07 20:43:57.154758,12.1867,0.0398088,0.0036534,-0.32433,-0.0129377,0.478133,0.0,1,1397.62,2.996,60,0.020400600000000074,"[7.28442, 7.51406, 8.34211, 10.1441, 14.1326, 20.1049, 25.6355, 35.5723, 58.8215, 173.599, 76.5464, 25.2191, 15.4821, 11.4071, 7.63726, 5.33244, 4.32586, 3.86133, 3.71643]"
2025-05-07 20:43:57.178641,12.4811,0.0463682,0.00368107,-0.324019,-0.0131814,0.47518900000000003,0.0,1,1298.23,3.018,60,0.020580300000000065,"[7.28271, 7.51196, 8.3391, 10.1394, 14.1238, 20.0868, 25.6064, 35.5234, 58.7062, 172.766, 76.9865, 25.2873, 15.5064, 11.4203, 7.64407, 5.33608, 4.32832, 3.86328, 3.71826]"
2025-05-07 20:43:57.202388,12.5814,0.0486829,0.00377871,-0.32373,-0.0134394,0.474186,0.0,1,1462.35,3.04,60,0.020602599999999992,"[7.28125, 7.5097, 8.33596, 10.1343, 14.1143, 20.0677, 25.5764, 35.4726, 58.5839, 171.886, 77.4549, 25.3583, 15.5315, 11.4349, 7.65143, 5.33995, 4.33078, 3.86536, 3.71985]"
2025-05-07 20:43:57.221932,12.7671,0.048585,0.00387822,-0.323442,-0.0136635,0.472329,0.0,1,1720.41,3.062,60,0.020752450000000068,"[7.27966, 7.50765, 8.33316, 10.1298, 14.1055, 20.0505, 25.5497, 35.4267, 58.4792, 171.146, 77.8648, 25.4228, 15.5548, 11.4479, 7.65816, 5.3434, 4.33327, 3.86719, 3.72144]"
2025-05-07 20:43:57.246482,12.9702,0.0483572,0.0040494,-0.323176,-0.0139243,0.470298,0.0,1,1669.1,3.084,60,0.020782149999999992,"[7.2782, 7.50572, 8.33029, 10.1257, 14.0966, 20.0321, 25.5196, 35.3761, 58.3583, 170.281, 78.3413, 25.4932, 15.58, 11.462, 7.6644, 5.34697, 4.33567, 3.8689, 3.72302]"
2025-05-07 20:43:57.266395,13.1463,0.047282,0.0040669,-0.322887,-0.0142004,0.46853700000000004,0.0,1,1506.85,3.106,60,0.020954450000000176,"[7.27661, 7.50355, 8.32719, 10.1203, 14.0866, 20.0119, 25.4881, 35.322, 58.232, 169.368, 78.8525, 25.569, 15.6073, 11.477, 7.67216, 5.35064, 4.33834, 3.87097, 3.72461]"
2025-05-07 20:43:57.289310,13.4677,0.0499433,0.00408655,-0.322621,-0.0144736,0.465323,0.0,1,1414.91,3.128,60,0.020990300000000024,"[7.27515, 7.50153, 8.32423, 10.1156, 14.0771, 19.9925, 25.4578, 35.2692, 58.1055, 168.475, 79.3644, 25.6435, 15.6336, 11.492, 7.67887, 5.3547, 4.34077, 3.8728, 3.72595]"
2025-05-07 20:43:57.312875,13.5726,0.0513703,0.00410041,-0.322377,-0.0147459,0.46427399999999996,0.0,1,1584.42,3.15,60,0.021027299999999933,"[7.2738, 7.4996, 8.32139, 10.1111, 14.0678, 19.9738, 25.4274, 35.2179, 57.983, 167.602, 79.8731, 25.7169, 15.659, 11.5056, 7.68528, 5.35799, 4.34283, 3.87451, 3.72729]"
2025-05-07 20:43:57.333237,13.7249,0.0524019,0.00405151,-0.32211,-0.0150005,0.462751,0.0,1,1815.15,3.172,60,0.021255300000000095,"[7.27234, 7.49769, 8.31874, 10.1065, 14.0589, 19.9557, 25.3984, 35.1689, 57.8678, 166.801, 80.3524, 25.7859, 15.6839, 11.5192, 7.69185, 5.36133, 4.3453, 3.87634, 3.72888]"
2025-05-07 20:43:57.353672,13.9737,0.0539364,0.00408523,-0.321866,-0.0152819,0.460263,0.0,1,1738.76,3.194,60,0.021301200000000128,"[7.27112, 7.49562, 8.31578, 10.1017, 14.0491, 19.9357, 25.3676, 35.1153, 57.7421, 165.915, 80.8878, 25.864, 15.7109, 11.5335, 7.69884, 5.36505, 4.34767, 3.87804, 3.73022]"
2025-05-07 20:43:57.378369,14.129,0.0529137,0.00406714,-0.321622,-0.0155765,0.45871,0.0,1,1606.08,3.216,60,0.021408499999999924,"[7.26978, 7.49368, 8.31263, 10.097, 14.0391, 19.9157, 25.3354, 35.0601, 57.6108, 164.988, 81.4576, 25.9429, 15.7385, 11.5487, 7.70629, 5.36884, 4.35013, 3.87997, 3.73157]"
2025-05-07 20:43:57.399793,14.4218,0.0537157,0.00404194,-0.3214,-0.015866,0.455782,0.0,1,1528.62,3.238,60,0.021453150000000025,"[7.26855, 7.49191, 8.30995, 10.0923, 14.03, 19.8963, 25.3044, 35.0066, 57.4837, 164.098, 82.0105, 26.0188, 15.7649, 11.5635, 7.71301, 5.37213, 4.35212, 3.88135, 3.73279]"
2025-05-07 20:43:57.421350,14.5768,0.0556121,0.00413236,-0.321156,-0.0161721,0.454232,0.0,1,1689.02,3.26,60,0.02163250000000011,"[7.26721, 7.48997, 8.3069, 10.0874, 14.0197, 19.8754, 25.2712, 34.9495, 57.3482, 163.159, 82.6183, 26.1017, 15.795, 11.5788, 7.72007, 5.37593, 4.35468, 3.88319, 3.73413]"
2025-05-07 20:43:57.443962,14.6699,0.0568565,0.0041709,-0.320934,-0.0164592,0.453301,0.0,1,1915.96,3.282,60,0.02170405000000004,"[7.26611, 7.48827, 8.30421, 10.0825, 14.0103, 19.8558, 25.2402, 34.8972, 57.2238, 162.298, 83.1811, 26.1783, 15.8218, 11.5934, 7.72721, 5.37903, 4.35694, 3.88471, 3.73535]"
2025-05-07 20:43:57.465263,14.9676,0.0582587,0.00418444,-0.320645,-0.016741,0.450324,0.0,1,1764.63,3.304,60,0.02211189999999998,"[7.26453, 7.48601, 8.30113, 10.0776, 14.0005, 19.8358, 25.2089, 34.8428, 57.0998, 161.458, 83.7522, 26.2587, 15.8496, 11.6089, 7.73419, 5.38304, 4.35922, 3.88676, 3.73694]"
2025-05-07 20:43:57.485732,15.164,0.0601483,0.00432328,-0.320202,-0.0170528,0.44836,0.0,1,1652.4,3.326,60,0.022865700000000124,"[7.26221, 7.48287, 8.29672, 10.0713, 13.9884, 19.8116, 25.1723, 34.7816, 56.956, 160.509, 84.407, 26.3504, 15.8846, 11.6277, 7.74379, 5.38843, 4.36292, 3.88937, 3.7395]"
2025-05-07 20:43:57.513429,15.2532,0.0613903,0.00449395,-0.319735,-0.0173604,0.447468,0.0,1,1960.11,3.348,60,0.023275950000000024,"[7.25964, 7.47969, 8.29252, 10.0647, 13.976, 19.7881, 25.1354, 34.7192, 56.8134, 159.586, 85.0685, 26.4436, 15.9192, 11.6475, 7.75381, 5.39393, 4.36678, 3.89246, 3.74194]"
2025-05-07 20:43:57.529519,15.5588,0.0640678,0.00450096,-0.319292,-0.0176732,0.44441200000000003,0.0,1,1776.96,3.37,60,0.023539749999999936,"[7.2572, 7.47657, 8.28799, 10.058, 13.9637, 19.7635, 25.0983, 34.6569, 56.6707, 158.656, 85.752, 26.538, 15.9547, 11.6669, 7.76349, 5.39944, 4.37054, 3.89567, 3.74451]"
2025-05-07 20:43:57.554062,15.7345,0.0657368,0.0045465,-0.318848,-0.0180103,0.442655,0.0,1,1744.22,3.392,60,0.023865000000000015,"[7.25488, 7.4735, 8.28384, 10.0514, 13.9506, 19.7388, 25.0594, 34.5907, 56.5185, 157.658, 86.4883, 26.637, 15.992, 11.6879, 7.77367, 5.40477, 4.37432, 3.89832, 3.74683]"
2025-05-07 20:43:57.574528,15.8261,0.0664251,0.00456328,-0.318404,-0.0183451,0.44173900000000005,0.0,1,2016.06,3.414,60,0.024212900000000016,"[7.25244, 7.47029, 8.2794, 10.0447, 13.9378, 19.7134, 25.0208, 34.526, 56.3686, 156.684, 87.2333, 26.7366, 16.0286, 11.7079, 7.78349, 5.41021, 4.37802, 3.90126, 3.74939]"
2025-05-07 20:43:57.598744,16.1404,0.0689633,0.00451327,-0.317982,-0.0186855,0.438596,0.0,1,1811.33,3.436,60,0.024492100000000138,"[7.25012, 7.46725, 8.27533, 10.038, 13.9251, 19.6883, 24.9823, 34.4605, 56.218, 155.704, 87.996, 26.8374, 16.0658, 11.7282, 7.79344, 5.41549, 4.38165, 3.90418, 3.7518]"
2025-05-07 20:43:57.619354,16.2954,0.0702132,0.00458297,-0.31756,-0.0190489,0.437046,0.0,1,1853.74,3.458,60,0.024823899999999958,"[7.24787, 7.46423, 8.27097, 10.0313, 13.912, 19.6626, 24.9428, 34.3934, 56.0609, 154.69, 88.8037, 26.9403, 16.1043, 11.7491, 7.80366, 5.42088, 4.38538, 3.90698, 3.75415]"
2025-05-07 20:43:57.640688,16.3978,0.0712927,0.0046502,-0.317139,-0.0194156,0.43602199999999997,0.0,1,2055.14,3.48,60,0.02516810000000004,"[7.24561, 7.46118, 8.26678, 10.0246, 13.8991, 19.6367, 24.903, 34.3257, 55.9034, 153.68, 89.6303, 27.0458, 16.1424, 11.77, 7.81384, 5.42619, 4.38904, 3.90979, 3.75647]"
2025-05-07 20:43:57.945319,16.7148,0.0732026,0.00470781,-0.316717,-0.0197875,0.432852,0.0,1,1860.63,3.502,60,0.025532299999999952,"[7.24341, 7.45813, 8.26238, 10.0176, 13.8858, 19.61, 24.8626, 34.257, 55.7446, 152.667, 90.4835, 27.1538, 16.1827, 11.7918, 7.8243, 5.43178, 4.39282, 3.9126, 3.75879]"
2025-05-07 20:43:57.947699,16.8506,0.0732827,0.00493907,-0.316317,-0.0201661,0.431494,0.0,1,1963.43,3.524,60,0.025822050000000058,"[7.24121, 7.4552, 8.25814, 10.0111, 13.8728, 19.5838, 24.8222, 34.1883, 55.5864, 151.651, 91.3599, 27.2614, 16.2223, 11.8131, 7.83415, 5.43705, 4.39633, 3.91528, 3.76111]"
2025-05-07 20:43:57.949196,16.9704,0.0739304,0.0049755,-0.315896,-0.0205476,0.430296,0.0,1,2094.4,3.546,60,0.02627220000000003,"[7.23901, 7.45203, 8.25353, 10.004, 13.8592, 19.5572, 24.7813, 34.119, 55.4246, 150.635, 92.2618, 27.373, 16.2636, 11.8352, 7.84514, 5.44268, 4.40018, 3.91809, 3.76331]"
2025-05-07 20:43:57.951602,17.29,0.0755289,0.00496739,-0.315496,-0.0209324,0.42710000000000004,0.0,1,1917.19,3.568,60,0.026596700000000056,"[7.23682, 7.4491, 8.24947, 9.99739, 13.8459, 19.5309, 24.7407, 34.0495, 55.2652, 149.629, 93.1842, 27.4819, 16.3037, 11.8567, 7.85536, 5.44795, 4.40381, 3.9209, 3.76563]"
2025-05-07 20:43:57.953082,17.4163,0.0754648,0.00504086,-0.315119,-0.0213229,0.425837,0.0,1,2048.02,3.59,60,0.026909400000000097,"[7.23486, 7.44617, 8.24545, 9.9906, 13.8327, 19.5041, 24.7, 33.981, 55.1036, 148.623, 94.1246, 27.5929, 16.3448, 11.8783, 7.86537, 5.4532, 4.40712, 3.92346, 3.7677]"
2025-05-07 20:43:57.954345,17.5496,0.0762422,0.00510066,-0.314719,-0.0217163,0.424504,0.0,1,2147.52,3.612,60,0.027391849999999864,"[7.23267, 7.44327, 8.24112, 9.98397, 13.8195, 19.4771, 24.6587, 33.9107, 54.942, 147.622, 95.0961, 27.7072, 16.3865, 11.9004, 7.87594, 5.45871, 4.41071, 3.92627, 3.7699]"
2025-05-07 20:43:57.955598,17.8699,0.0777888,0.00518012,-0.314076,-0.022114,0.421301,0.0,1,1979.26,3.634,60,0.02873010000000001,"[7.22913, 7.43879, 8.23518, 9.97493, 13.8031, 19.4463, 24.6125, 33.8334, 54.7698, 146.593, 96.1329, 27.8327, 16.4364, 11.9279, 7.88937, 5.46642, 4.41618, 3.93042, 3.77356]"
2025-05-07 20:43:57.963813,17.9932,0.0777199,0.00537495,-0.313454,-0.0225164,0.420068,0.0,1,2123.17,3.656,60,0.02928570000000004,"[7.22583, 7.43464, 8.22957, 9.9665, 13.7874, 19.416, 24.5676, 33.7578, 54.5972, 145.57, 97.1941, 27.959, 16.4851, 11.9537, 7.90266, 5.47346, 4.42097, 3.93433, 3.77686]"
2025-05-07 20:43:57.965073,18.1383,0.078568,0.00537415,-0.312855,-0.0229222,0.418617,0.0,1,2207.99,3.678,60,0.029844050000000073,"[7.22266, 7.43042, 8.22382, 9.95788, 13.7712, 19.385, 24.5214, 33.6811, 54.4247, 144.553, 98.2812, 28.0869, 16.5346, 11.9814, 7.91617, 5.4808, 4.42604, 3.93835, 3.78027]"
2025-05-07 20:43:57.966638,18.4564,0.0800689,0.00538336,-0.312234,-0.0233332,0.41543599999999997,0.0,1,2050.62,3.7,60,0.030576049999999966,"[7.21924, 7.42633, 8.21819, 9.94938, 13.7553, 19.3543, 24.4757, 33.6043, 54.2517, 143.538, 99.4, 28.2153, 16.5848, 12.0083, 7.92906, 5.48799, 4.43103, 3.94226, 3.78369]"
2025-05-07 20:43:57.968225,18.583,0.0800155,0.00538892,-0.311612,-0.0237476,0.41417000000000004,0.0,1,2190.92,3.722,60,0.031271750000000056,"[7.21582, 7.42206, 8.21224, 9.94051, 13.7388, 19.3228, 24.4286, 33.5261, 54.0762, 142.521, 100.559, 28.3482, 16.6369, 12.0358, 7.94292, 5.49577, 4.43647, 3.94641, 3.78723]"
2025-05-07 20:43:57.969330,18.7361,0.0808872,0.00530831,-0.311013,-0.0241644,0.412639,0.0,1,2272.58,3.744,60,0.0319057000000001,"[7.21265, 7.41791, 8.20675, 9.93198, 13.723, 19.292, 24.3829, 33.45, 53.9042, 141.52, 101.732, 28.4795, 16.6881, 12.0633, 7.95628, 5.50295, 4.44124, 3.95022, 3.79053]"
2025-05-07 20:43:57.970389,19.0534,0.0823719,0.00530665,-0.310414,-0.0245873,0.40946600000000005,0.0,1,2126.37,3.766,60,0.03262944999999989,"[7.20935, 7.41368, 8.20106, 9.92344, 13.7068, 19.2605, 24.3364, 33.3718, 53.7293, 140.515, 102.948, 28.6133, 16.7398, 12.0909, 7.96977, 5.50995, 4.44636, 3.95435, 3.79382]"
2025-05-07 20:43:57.971778,19.1874,0.0823704,0.00537192,-0.309814,-0.0250141,0.40812600000000004,0.0,1,2257.9,3.788,60,0.033381050000000176,"[7.2063, 7.40963, 8.19565, 9.91476, 13.6906, 19.2293, 24.2901, 33.2941, 53.5553, 139.519, 104.193, 28.7477, 16.7926, 12.1183, 7.98323, 5.51739, 4.45134, 3.95816, 3.79724]"
2025-05-07 20:43:57.973086,19.3465,0.0840626,0.00532554,-0.309215,-0.0254471,0.40653500000000004,0.0,1,2336.47,3.81,60,0.03414659999999989,"[7.203, 7.40538, 8.18977, 9.90608, 13.674, 19.1975, 24.2426, 33.2149, 53.3777, 138.515, 105.49, 28.8878, 16.847, 12.1477, 7.99673, 5.52503, 4.45648, 3.96212, 3.80054]"
2025-05-07 20:43:57.994558,19.6638,0.0867023,0.00535019,-0.308638,-0.0258896,0.40336200000000005,0.0,1,2200.96,3.832,60,0.03484834999999998,"[7.19995, 7.4014, 8.18403, 9.89724, 13.6578, 19.1653, 24.1952, 33.1361, 53.2, 137.504, 106.842, 29.027, 16.9017, 12.1762, 8.01064, 5.53212, 4.46152, 3.966, 3.80371]"
2025-05-07 20:43:58.014866,19.8015,0.0877797,0.00540176,-0.308039,-0.0263411,0.401985,0.0,1,2330.7,3.854,60,0.035713950000000064,"[7.19678, 7.39711, 8.17832, 9.88841, 13.6408, 19.1324, 24.1472, 33.0556, 53.0183, 136.488, 108.244, 29.1703, 16.9582, 12.2052, 8.02464, 5.53958, 4.46664, 3.96999, 3.80713]"
2025-05-07 20:43:58.037030,19.9645,0.0900495,0.00536722,-0.307484,-0.0268018,0.400355,0.0,1,2400.09,3.876,60,0.036364700000000104,"[7.19373, 7.39316, 8.17266, 9.87994, 13.6243, 19.1005, 24.0997, 32.9749, 52.8378, 135.467, 109.704, 29.3159, 17.0149, 12.2343, 8.03829, 5.54687, 4.47128, 3.97363, 3.81018]"
2025-05-07 20:43:58.056823,20.2807,0.092853,0.0053619,-0.306663,-0.0272734,0.397193,0.0,1,2276.82,3.898,60,0.038156349999999874,"[7.18933, 7.38776, 8.16549, 9.869, 13.6047, 19.0634, 24.0455, 32.8864, 52.6428, 134.41, 111.288, 29.477, 17.0813, 12.2693, 8.05568, 5.55649, 4.47813, 3.97905, 3.81482]"
2025-05-07 20:43:58.080824,20.4225,0.0940863,0.00541011,-0.305842,-0.027754,0.395775,0.0,1,2403.56,3.92,60,0.03917755000000006,"[7.18494, 7.38227, 8.15826, 9.85817, 13.5851, 19.0262, 23.9913, 32.7971, 52.4461, 133.346, 112.93, 29.6397, 17.1474, 12.3047, 8.07288, 5.56596, 4.48472, 3.98436, 3.81934]"
2025-05-07 20:43:58.100844,20.589,0.0964789,0.00538797,-0.30502,-0.0282432,0.39411,0.0,1,2464.34,3.942,60,0.04023064999999996,"[7.18054, 7.37674, 8.15091, 9.84732, 13.5651, 18.9883, 23.9369, 32.7075, 52.2471, 132.278, 114.649, 29.8088, 17.216, 12.34, 8.09031, 5.57563, 4.49145, 3.9897, 3.82382]"
2025-05-07 20:43:58.123392,20.903,0.101998,0.00540537,-0.304221,-0.0287659,0.39097000000000004,0.0,1,2354.44,3.964,60,0.04118534999999998,"[7.17613, 7.37122, 8.1435, 9.8364, 13.5451, 18.9504, 23.8817, 32.6146, 52.0424, 131.178, 116.492, 29.9819, 17.2867, 12.3765, 8.10793, 5.58505, 4.49817, 3.99475, 3.82825]"
2025-05-07 20:43:58.146797,21.0497,0.104738,0.00549232,-0.303422,-0.0293047,0.389503,0.0,1,2475.65,3.986,60,0.04222484999999998,"[7.17175, 7.36572, 8.13614, 9.82525, 13.5246, 18.9115, 23.825, 32.5208, 51.8337, 130.06, 118.443, 30.1596, 17.3597, 12.4136, 8.12542, 5.59476, 4.50485, 4.0, 3.83289]"
2025-05-07 20:43:58.168007,21.2189,0.107782,0.00558384,-0.302646,-0.0298564,0.38781099999999996,0.0,1,2529.67,4.008,60,0.043198699999999986,"[7.16772, 7.36047, 8.12894, 9.81426, 13.5042, 18.8724, 23.7684, 32.4257, 51.6225, 128.936, 120.498, 30.3417, 17.4336, 12.4508, 8.14355, 5.60424, 4.51127, 4.00513, 3.83716]"
2025-05-07 20:43:58.192541,21.53,0.112135,0.00572904,-0.301847,-0.0304252,0.3847,0.0,1,2433.75,4.03,60,0.04434095000000018,"[7.16345, 7.35498, 8.12155, 9.80291, 13.483, 18.8324, 23.71, 32.3284, 51.4062, 127.791, 122.689, 30.5291, 17.5111, 12.49, 8.16209, 5.61431, 4.51808, 4.01038, 3.84155]"
2025-05-07 20:43:58.212518,21.6827,0.114966,0.00582702,-0.301048,-0.0310089,0.38317300000000004,0.0,1,2546.82,4.052,60,0.04543180000000001,"[7.15918, 7.34949, 8.11382, 9.79143, 13.4615, 18.7914, 23.6504, 32.2295, 51.186, 126.631, 125.011, 30.7237, 17.59, 12.5296, 8.18079, 5.62418, 4.52489, 4.01563, 3.84619]"
2025-05-07 20:43:58.235437,21.8535,0.118241,0.00581348,-0.300271,-0.0316078,0.38146500000000005,0.0,1,2596.14,4.074,60,0.04645729999999991,"[7.15503, 7.34399, 8.10648, 9.77995, 13.4402, 18.7501, 23.5908, 32.1295, 50.9633, 125.466, 127.476, 30.9226, 17.6714, 12.5698, 8.19969, 5.63428, 4.53171, 4.02087, 3.85046]"
2025-05-07 20:43:58.258525,22.1607,0.12282,0.0058087,-0.299272,-0.0322244,0.37839300000000003,0.0,1,2514.56,4.096,60,0.0483936000000001,"[7.14966, 7.33728, 8.0976, 9.76706, 13.4163, 18.7057, 23.5263, 32.0227, 50.7284, 124.261, 130.142, 31.1367, 17.7602, 12.615, 8.22105, 5.64597, 4.53985, 4.02747, 3.85596]"
2025-05-07 20:43:58.278026,22.3207,0.126001,0.00585642,-0.298251,-0.0328571,0.376793,0.0,1,2617.19,4.118,60,0.04977219999999999,"[7.14417, 7.3305, 8.08846, 9.75327, 13.3914, 18.6598, 23.4598, 31.9127, 50.4882, 123.045, 133.003, 31.3599, 17.8528, 12.6615, 8.24378, 5.65833, 4.54835, 4.03406, 3.86169]"
2025-05-07 20:43:58.302655,22.4918,0.129702,0.00589816,-0.29723,-0.0335066,0.375082,0.0,1,2663.69,4.14,60,0.051110649999999994,"[7.13879, 7.32363, 8.07935, 9.7396, 13.3665, 18.6135, 23.3933, 31.8019, 50.245, 121.816, 136.041, 31.5878, 17.946, 12.7093, 8.26617, 5.6705, 4.55682, 4.04077, 3.86731]"
2025-05-07 20:43:58.320701,22.7942,0.134528,0.00594768,-0.296209,-0.0341756,0.37205799999999994,0.0,1,2596.08,4.162,60,0.05247089999999999,"[7.1333, 7.31683, 8.07015, 9.72591, 13.3414, 18.5662, 23.3253, 31.6889, 49.9976, 120.576, 139.319, 31.8246, 18.0418, 12.7581, 8.2894, 5.6828, 4.5653, 4.04736, 3.87317]"
2025-05-07 20:43:58.345202,22.9628,0.138268,0.00579223,-0.295188,-0.0348627,0.370372,0.0,1,2686.94,4.184,60,0.053855049999999974,"[7.12781, 7.3099, 8.06074, 9.71197, 13.3157, 18.5185, 23.2561, 31.5742, 49.7451, 119.322, 142.826, 32.0681, 18.1398, 12.808, 8.31274, 5.69534, 4.57393, 4.05407, 3.87878]"
2025-05-07 20:43:58.366585,23.1329,0.141771,0.00572126,-0.294189,-0.035567,0.368671,0.0,1,2732.52,4.206,60,0.0551819500000001,"[7.12244, 7.3028, 8.05137, 9.69767, 13.2898, 18.4704, 23.1866, 31.458, 49.49, 118.06, 146.597, 32.3201, 18.2398, 12.859, 8.33649, 5.70818, 4.58257, 4.06091, 3.8844]"
2025-05-07 20:43:58.387158,23.4295,0.149681,0.00566892,-0.293191,-0.0363023,0.36570499999999995,0.0,1,2678.28,4.228,60,0.056574550000000015,"[7.11719, 7.29607, 8.04211, 9.68346, 13.2635, 18.4212, 23.1151, 31.3385, 49.227, 116.768, 150.731, 32.5813, 18.343, 12.9112, 8.36096, 5.72092, 4.59137, 4.06749, 3.89001]"
2025-05-07 20:43:58.409875,23.6081,0.155096,0.00568763,-0.292037,-0.0370638,0.363919,0.0,1,2756.49,4.25,60,0.058565749999999986,"[7.11096, 7.2883, 8.03163, 9.66799, 13.2354, 18.3689, 23.0398, 31.2135, 48.9533, 115.444, 155.288, 32.8596, 18.4533, 12.968, 8.38743, 5.73483, 4.60093, 4.07509, 3.89648]"
2025-05-07 20:43:58.431619,23.7757,0.160121,0.00570797,-0.290794,-0.0378486,0.362243,0.0,1,2802.4,4.272,60,0.06044545,"[7.10437, 7.27992, 8.02043, 9.65148, 13.2055, 18.3147, 22.9609, 31.0836, 48.6708, 114.097, 160.286, 33.1538, 18.5688, 13.0283, 8.41545, 5.75017, 4.6114, 4.08331, 3.90344]"
2025-05-07 20:43:58.452835,24.0658,0.166438,0.00578453,-0.289551,-0.0386593,0.35934200000000005,0.0,1,2760.3,4.294,60,0.062081449999999996,"[7.09778, 7.27163, 8.00937, 9.63502, 13.1754, 18.2595, 22.8812, 30.9509, 48.3836, 112.735, 165.761, 33.4596, 18.6869, 13.0902, 8.44419, 5.76546, 4.62178, 4.09147, 3.9104]"
2025-05-07 20:43:58.475165,24.2557,0.171674,0.00580548,-0.28833,-0.0394937,0.35744299999999996,0.0,1,2826.29,4.316,60,0.06366155000000011,"[7.09131, 7.26338, 7.99811, 9.61814, 13.1446, 18.2036, 22.8007, 30.8173, 48.0916, 111.364, 171.77, 33.7758, 18.8088, 13.1533, 8.47312, 5.78094, 4.63223, 4.09965, 3.91724]"
2025-05-07 20:43:58.498587,24.4197,0.176339,0.00581048,-0.287087,-0.0403511,0.35580300000000004,0.0,1,2873.3,4.338,60,0.06541670000000001,"[7.08472, 7.25495, 7.98683, 9.60105, 13.1136, 18.1468, 22.7185, 30.6806, 47.7945, 109.985, 178.392, 34.1037, 18.9339, 13.2181, 8.50307, 5.7965, 4.64298, 4.10785, 3.92429]"
2025-05-07 20:43:58.518469,24.702,0.183209,0.00581206,-0.285866,-0.0412423,0.35298,0.0,1,2841.96,4.36,60,0.06703479999999994,"[7.07813, 7.24658, 7.97557, 9.58421, 13.0824, 18.0898, 22.6353, 30.5422, 47.4941, 108.594, 185.743, 34.443, 19.0613, 13.2845, 8.5327, 5.81204, 4.65356, 4.11597, 3.93115]"
2025-05-07 20:43:58.541922,24.9041,0.189134,0.0058194,-0.28449,-0.0421721,0.350959,0.0,1,2896.41,4.382,60,0.06930329999999997,"[7.07084, 7.2373, 7.96322, 9.56554, 13.0489, 18.0294, 22.5479, 30.3978, 47.1829, 107.181, 193.983, 34.8043, 19.1971, 13.3557, 8.56559, 5.82925, 4.66528, 4.12518, 3.93872]"
2025-05-07 20:43:58.564080,25.0642,0.194068,0.00582379,-0.283003,-0.0431268,0.349358,0.0,1,2944.75,4.404,60,0.07155450000000005,"[7.06299, 7.22748, 7.95, 9.54621, 13.0141, 17.9667, 22.4575, 30.2486, 46.8629, 105.755, 200.0, 35.1848, 19.3399, 13.4316, 8.60013, 5.84775, 4.67788, 4.13501, 3.94714]"
2025-05-07 20:43:58.586259,25.3373,0.203403,0.00580664,-0.281539,-0.0441205,0.346627,0.0,1,2922.95,4.426,60,0.07340230000000007,"[7.0553, 7.21765, 7.9368, 9.52646, 12.9785, 17.903, 22.3656, 30.0961, 46.536, 104.305, 200.0, 35.5827, 19.4877, 13.5097, 8.63519, 5.86617, 4.69044, 4.14478, 3.95544]"
2025-05-07 20:43:58.606875,25.5517,0.211379,0.0058646,-0.280074,-0.0451505,0.34448300000000004,0.0,1,2967.12,4.448,60,0.07534160000000001,"[7.04749, 7.20782, 7.9235, 9.50662, 12.9425, 17.8381, 22.2718, 29.941, 46.2031, 102.842, 200.0, 35.9992, 19.639, 13.5899, 8.67106, 5.88491, 4.70311, 4.15454, 3.96362]"
2025-05-07 20:43:58.629352,25.7085,0.217815,0.00594454,-0.278609,-0.0462124,0.34291499999999997,0.0,1,3016.55,4.47,60,0.07730329999999999,"[7.03979, 7.19781, 7.91017, 9.48657, 12.9059, 17.7727, 22.1767, 29.7836, 45.8654, 101.37, 200.0, 36.4333, 19.7953, 13.6729, 8.70754, 5.90391, 4.71583, 4.16443, 3.97192]"
2025-05-07 20:43:58.651283,25.9708,0.226112,0.00606997,-0.277011,-0.0473091,0.34029200000000004,0.0,1,3003.2,4.492,60,0.07978479999999998,"[7.03137, 7.18713, 7.8957, 9.46495, 12.8671, 17.7037, 22.077, 29.6191, 45.5153, 99.8771, 200.0, 36.8963, 19.9613, 13.7623, 8.74697, 5.92438, 4.72985, 4.17505, 3.98083]"
2025-05-07 20:43:58.674432,26.1967,0.234106,0.0062501,-0.275324,-0.0484416,0.33803300000000003,0.0,1,3038.19,4.514,60,0.08222724999999999,"[7.02246, 7.1759, 7.88073, 9.44289, 12.8274, 17.633, 21.975, 29.4514, 45.159, 98.3736, 200.0, 37.383, 20.1345, 13.8549, 8.78794, 5.94573, 4.74426, 4.1864, 3.99036]"
2025-05-07 20:43:58.695018,26.3523,0.240536,0.00623493,-0.273615,-0.0496055,0.336477,0.0,1,3088.13,4.536,60,0.08452245000000007,"[7.01343, 7.16448, 7.86547, 9.42022, 12.7866, 17.5608, 21.871, 29.28, 44.7966, 96.8648, 200.0, 37.8939, 20.314, 13.952, 8.83016, 5.96774, 4.75911, 4.19779, 4.00012]"
2025-05-07 20:43:58.717217,26.6016,0.24899,0.00609491,-0.271906,-0.0508067,0.33398399999999995,0.0,1,3082.77,4.558,60,-1.0,"[7.00439, 7.15301, 7.85003, 9.39712, 12.7451, 17.4876, 21.7652, 29.1057, 44.429, 95.3521, 200.0, 38.4296, 20.4995, 14.052, 8.8734, 5.98997, 4.7742, 4.20937, 4.00977]"
2025-05-07 20:43:58.739571,26.8377,0.259195,0.00578471,-0.270175,-0.0520522,0.331623,0.0,1,3109.76,4.58,60,1.0,"[6.99536, 7.14142, 7.8344, 9.3738, 12.7029, 17.413, 21.6573, 28.9281, 44.0542, 93.827, 200.0, 38.9933, 20.6917, 14.1557, 8.91794, 6.01288, 4.78944, 4.22105, 4.01953]"
2025-05-07 20:43:58.762668,26.9951,0.268077,0.00567515,-0.268222,-0.0533416,0.330049,0.0,1,3159.12,4.602,60,0.005002049999999952,"[6.98511, 7.12853, 7.81727, 9.34839, 12.6579, 17.3342, 21.5434, 28.7423, 43.6652, 92.278, 200.0, 39.601, 20.898, 14.268, 8.96619, 6.03794, 4.80632, 4.23411, 4.03052]"
2025-05-07 20:43:58.782780,27.2292,0.278147,0.0055548,-0.266291,-0.0546758,0.327708,0.0,1,3160.93,4.624,60,0.004567200000000077,"[6.97498, 7.11572, 7.79998, 9.32293, 12.6123, 17.2541, 21.4285, 28.5537, 43.2717, 90.7261, 200.0, 40.2401, 21.1113, 14.3836, 9.01555, 6.06318, 4.82321, 4.2472, 4.04138]"
2025-05-07 20:43:58.804655,27.4727,0.288045,0.00545294,-0.264338,-0.0560529,0.325273,0.0,1,3181.77,4.646,60,0.004313049999999957,"[6.96472, 7.10259, 7.78248, 9.29696, 12.5657, 17.1728, 21.3112, 28.3617, 42.8714, 89.1696, 200.0, 40.9139, 21.3336, 14.5027, 9.06644, 6.08908, 4.84066, 4.2604, 4.05261]"
2025-05-07 20:43:58.828784,27.6341,0.296577,0.00541692,-0.262296,-0.0574715,0.323659,0.0,1,3229.2,4.668,60,0.004362050000000173,"[6.95398, 7.08902, 7.76438, 9.2702, 12.5179, 17.0892, 21.1911, 28.1657, 42.4654, 87.6116, 200.0, 41.6293, 21.5656, 14.6269, 9.11917, 6.11607, 4.85864, 4.27426, 4.06409]"
2025-05-07 20:43:58.849184,27.8511,0.306417,0.00538317,-0.260099,-0.0589344,0.32148899999999997,0.0,1,3237.78,4.69,60,0.004760949999999847,"[6.9425, 7.07452, 7.745, 9.24174, 12.4676, 17.0025, 21.0663, 27.9628, 42.0484, 86.0449, 200.0, 42.3941, 21.8115, 14.7584, 9.17557, 6.14495, 4.878, 4.28922, 4.07645]"
2025-05-07 20:43:58.871084,28.0985,0.318744,0.00540826,-0.257912,-0.0604574,0.319015,0.0,1,3253.45,4.712,60,0.0046770500000001825,"[6.93116, 7.06006, 7.72566, 9.21301, 12.4169, 16.9144, 20.9398, 27.7572, 41.626, 84.4749, 200.0, 43.2033, 22.0664, 14.8931, 9.2333, 6.17407, 4.8974, 4.30408, 4.08899]"
2025-05-07 20:43:58.892652,28.2664,0.329863,0.00548985,-0.255715,-0.0620534,0.317336,0.0,1,3297.77,4.734,60,0.004660499999999845,"[6.91962, 7.04541, 7.70604, 9.18406, 12.3654, 16.825, 20.8112, 27.548, 41.1971, 82.9037, 200.0, 44.065, 22.3324, 15.0325, 9.29267, 6.20398, 4.91719, 4.31921, 4.1015]"
2025-05-07 20:43:58.917634,28.4667,0.341094,0.00562633,-0.253285,-0.0637023,0.31533300000000003,0.0,1,3312.97,4.756,60,0.0055182000000001535,"[6.90708, 7.02954, 7.68488, 9.15286, 12.3108, 16.7313, 20.6772, 27.3311, 40.7562, 81.3206, 200.0, 44.9946, 22.6163, 15.181, 9.35633, 6.23609, 4.93872, 4.33563, 4.1153]"
2025-05-07 20:43:58.938439,28.7137,0.353348,0.00581571,-0.250854,-0.0654036,0.312863,0.0,1,3325.18,4.778,60,0.005723549999999883,"[6.89429, 7.01343, 7.66359, 9.12157, 12.2554, 16.6363, 20.5412, 27.1111, 40.311, 79.7435, 200.0, 45.9831, 22.9121, 15.3345, 9.4221, 6.269, 4.96054, 4.35229, 4.12921]"
2025-05-07 20:43:58.959804,28.8905,0.363927,0.00582309,-0.248424,-0.0671555,0.311095,0.0,1,3365.17,4.8,60,0.005967800000000051,"[6.88171, 6.9975, 7.64211, 9.08982, 12.1994, 16.5403, 20.4036, 26.8891, 39.8628, 78.1776, 200.0, 47.0342, 23.2188, 15.4924, 9.48934, 6.30237, 4.9825, 4.36908, 4.14301]"
2025-05-07 20:43:58.981684,29.0759,0.376599,0.00581636,-0.245739,-0.0689675,0.309241,0.0,1,3386.13,4.822,60,0.007202650000000005,"[6.86774, 6.97998, 7.61882, 9.05599, 12.1403, 16.4394, 20.2601, 26.6585, 39.4013, 76.6004, 200.0, 48.1748, 23.5476, 15.6613, 9.5618, 6.33852, 5.00659, 4.38739, 4.15833]"
2025-05-07 20:43:59.004118,29.3172,0.391299,0.00583638,-0.243064,-0.0708443,0.306828,0.0,1,3396.77,4.844,60,0.007672050000000055,"[6.85388, 6.96246, 7.59566, 9.02178, 12.0804, 16.3376, 20.1146, 26.4248, 38.9355, 75.0279, 200.0, 49.3997, 23.8921, 15.8356, 9.63603, 6.37517, 5.0308, 4.40582, 4.17371]"
2025-05-07 20:43:59.028638,29.5044,0.404332,0.00585851,-0.240312,-0.0727822,0.304956,0.0,1,3431.55,4.866,60,0.008502300000000046,"[6.83972, 6.94446, 7.57182, 8.98666, 12.0191, 16.2335, 19.9661, 26.1868, 38.463, 73.4602, 200.0, 50.7173, 24.2536, 16.0179, 9.71334, 6.41304, 5.05584, 4.42487, 4.18939]"
2025-05-07 20:43:59.047615,29.6751,-0.129462,0.00570766,-0.237704,-0.0730445,0.303249,0.0,1,3457.29,4.888,60,0.01121255000000003,"[6.82544, 6.92951, 7.55481, 8.96544, 11.9877, 16.1886, 19.9103, 26.1121, 38.3493, 73.2198, 200.0, 50.9884, 24.3735, 16.0948, 9.75488, 6.43752, 5.07428, 4.44044, 4.20392]"
2025-05-07 20:43:59.069465,29.8572,-0.243147,0.00532372,-0.235684,-0.0710275,0.30142800000000003,0.0,1,3470.24,4.91,60,0.015699150000000023,"[6.81329, 6.92088, 7.54967, 8.96588, 12.0008, 16.2293, 19.9861, 26.2666, 38.7326, 74.8022, 200.0, 49.7883, 24.1455, 16.0178, 9.74084, 6.43981, 5.08073, 4.44913, 4.21442]"
2025-05-07 20:43:59.092118,30.0579,-0.0500993,0.00510713,-0.233487,-0.0711562,0.299421,0.0,1,3490.84,4.932,60,0.01949595000000004,"[6.80127, 6.90835, 7.53567, 8.9486, 11.9753, 16.1944, 19.944, 26.213, 38.6593, 74.6896, 200.0, 49.9389, 24.2302, 16.0765, 9.77413, 6.45971, 5.09595, 4.4621, 4.22656]"
2025-05-07 20:43:59.114233,30.2523,-0.00175523,0.00496165,-0.231046,-0.0714466,0.297477,0.0,1,3514.22,4.954,60,0.023544050000000025,"[6.78796, 6.89426, 7.51971, 8.92828, 11.9449, 16.1506, 19.8894, 26.1392, 38.5442, 74.4352, 200.0, 50.2036, 24.3457, 16.1503, 9.81437, 6.48301, 5.11331, 4.4768, 4.24011]"
2025-05-07 20:43:59.138020,30.4496,0.0137395,0.00492612,-0.228604,-0.0717494,0.295504,0.0,1,3535.54,4.976,60,0.02696735,"[6.7746, 6.88021, 7.50356, 8.9079, 11.9141, 16.1069, 19.8344, 26.0645, 38.4272, 74.1724, 200.0, 50.475, 24.4626, 16.2245, 9.85483, 6.50622, 5.13065, 4.4915, 4.25366]"
2025-05-07 20:43:59.158929,30.6484,0.0192345,0.00494453,-0.226152,-0.0720536,0.293516,0.0,1,3557.81,4.998,60,0.03054515000000005,"[6.76123, 6.86603, 7.48729, 8.8873, 11.8831, 16.0629, 19.7791, 25.9893, 38.3098, 73.9087, 200.0, 50.749, 24.5806, 16.2998, 9.89628, 6.52992, 5.14823, 4.50639, 4.26737]"
2025-05-07 20:43:59.179877,30.8367,0.02258,0.0049493,-0.223699,-0.0723645,0.291633,0.0,1,3581.7,5.02,60,0.03420924999999994,"[6.74786, 6.85182, 7.47107, 8.86666, 11.8519, 16.0189, 19.7235, 25.914, 38.1918, 73.643, 200.0, 51.0257, 24.6988, 16.3747, 9.93774, 6.55357, 5.16582, 4.52124, 4.28092]"
2025-05-07 20:43:59.202832,31.032,0.0235326,0.00494266,-0.221247,-0.0727169,0.28968,0.0,1,3601.86,5.042,60,0.03792700000000006,"[6.73449, 6.83759, 7.45474, 8.84595, 11.8204, 15.9746, 19.6679, 25.8384, 38.0729, 73.3727, 200.0, 51.3073, 24.8182, 16.4503, 9.98003, 6.57742, 5.18351, 4.53607, 4.29449]"
2025-05-07 20:43:59.224597,31.2279,0.0238391,0.00500448,-0.218794,-0.0730731,0.287721,0.0,1,3623.85,5.064,60,0.04176840000000007,"[6.72115, 6.82343, 7.43855, 8.82525, 11.7891, 15.9306, 19.6126, 25.7631, 37.9546, 73.1062, 200.0, 51.5865, 24.9365, 16.5253, 10.0222, 6.60126, 5.20114, 4.5509, 4.30817]"
2025-05-07 20:43:59.245276,31.4108,0.0269516,0.00507424,-0.216264,-0.0734412,0.28589200000000003,0.0,1,3647.8,5.086,60,0.04600034999999994,"[6.7074, 6.80878, 7.42175, 8.80388, 11.7567, 15.8852, 19.5554, 25.6853, 37.8324, 72.8265, 200.0, 51.8788, 25.0596, 16.603, 10.0663, 6.62583, 5.21939, 4.56628, 4.32233]"
2025-05-07 20:43:59.267315,31.6024,0.0288255,0.0052011,-0.213556,-0.0738246,0.283976,0.0,1,3667.22,5.108,60,0.05077235000000008,"[6.69263, 6.79321, 7.40376, 8.78106, 11.7223, 15.8372, 19.4949, 25.6026, 37.7016, 72.5278, 200.0, 52.1931, 25.1904, 16.6852, 10.1131, 6.65222, 5.23887, 4.58264, 4.33734]"
2025-05-07 20:43:59.289161,31.7957,0.0303349,0.00535642,-0.210849,-0.0742137,0.282043,0.0,1,3688.34,5.13,60,0.05513344999999997,"[6.67786, 6.77753, 7.38581, 8.75814, 11.6878, 15.7891, 19.4341, 25.5198, 37.5706, 72.2261, 200.0, 52.5104, 25.3222, 16.7676, 10.1607, 6.67877, 5.25852, 4.59912, 4.35236]"
2025-05-07 20:43:59.312313,31.975,0.0351557,0.00536697,-0.208119,-0.0746228,0.28025,0.0,1,3712.09,5.152,60,0.05968915000000005,"[6.66302, 6.76172, 7.36771, 8.73508, 11.6528, 15.7403, 19.3723, 25.4351, 37.4356, 71.9106, 200.0, 52.8412, 25.4567, 16.8518, 10.2089, 6.70575, 5.27828, 4.61565, 4.36761]"
2025-05-07 20:43:59.332284,32.1604,0.0385851,0.00534395,-0.205389,-0.0750539,0.278396,0.0,1,3731.61,5.174,60,0.06427935000000007,"[6.64819, 6.74591, 7.34942, 8.7117, 11.6176, 15.6908, 19.3094, 25.3484, 37.2965, 71.5806, 200.0, 53.1874, 25.595, 16.9375, 10.2578, 6.73293, 5.29815, 4.63226, 4.38275]"
2025-05-07 20:43:59.357350,32.3504,0.0426732,0.00487585,-0.202659,-0.0755035,0.276496,0.0,1,3751.55,5.196,60,0.06897829999999996,"[6.6333, 6.73002, 7.33111, 8.68813, 11.5822, 15.641, 19.246, 25.2607, 37.1546, 71.2392, 200.0, 53.5454, 25.7361, 17.0239, 10.3071, 6.76032, 5.31817, 4.64897, 4.39795]"
2025-05-07 20:43:59.381939,32.5285,0.0534343,0.00440657,-0.199929,-0.0759985,0.274715,0.0,1,3774.4,5.218,60,0.07374565000000004,"[6.61853, 6.7141, 7.31255, 8.66428, 11.5461, 15.5898, 19.1805, 25.1691, 37.0042, 70.8676, 200.0, 53.9345, 25.8837, 17.1134, 10.3573, 6.78828, 5.33837, 4.6658, 4.41321]"
2025-05-07 20:43:59.400072,32.7075,0.0726856,0.00404525,-0.197188,-0.076584,0.272925,0.0,1,3794.8,5.24,60,0.07855499999999999,"[6.60376, 6.69804, 7.29368, 8.63967, 11.5085, 15.5355, 19.1102, 25.0693, 36.8361, 70.4294, 200.0, 54.3877, 26.0463, 17.2092, 10.4097, 6.81721, 5.35915, 4.6828, 4.42853]"
2025-05-07 20:43:59.423443,32.8921,0.0927278,0.00396049,-0.194214,-0.0772673,0.271079,0.0,1,3813.96,5.262,60,0.08419545000000003,"[6.58759, 6.68053, 7.27304, 8.61265, 11.4674, 15.4756, 19.0318, 24.9566, 36.6429, 69.9128, 200.0, 54.9264, 26.2312, 17.3165, 10.4672, 6.84884, 5.38164, 4.70133, 4.44513]"
2025-05-07 20:43:59.446234,33.0697,0.113957,0.00392983,-0.191218,-0.0780455,0.269303,0.0,1,3835.25,5.284,60,0.08922574999999999,"[6.57153, 6.66282, 7.25206, 8.58483, 11.4246, 15.4123, 18.9484, 24.8356, 36.4317, 69.3313, 200.0, 55.5366, 26.4325, 17.4308, 10.5272, 6.8816, 5.40483, 4.72014, 4.46192]"
2025-05-07 20:43:59.466490,33.2437,0.133626,0.00398631,-0.18821,-0.0789143,0.26756300000000005,0.0,1,3855.88,5.306,60,0.09424895000000003,"[6.55536, 6.64478, 7.23051, 8.55623, 11.3804, 15.3463, 18.8606, 24.7067, 36.2038, 68.6926, 200.0, 56.2197, 26.6498, 17.5517, 10.5898, 6.91554, 5.42853, 4.73937, 4.47887]"
2025-05-07 20:43:59.487834,33.421,0.153337,0.00408594,-0.185203,-0.0799181,0.26579,0.0,1,3875.02,5.328,60,0.09918029999999992,"[6.53922, 6.62677, 7.20876, 8.52697, 11.335, 15.2777, 18.7688, 24.5709, 35.9606, 68.0, 200.0, 56.9782, 26.8824, 17.6791, 10.6543, 6.95024, 5.45261, 4.75861, 4.49585]"
2025-05-07 20:43:59.512399,33.5962,0.173393,0.00407476,-0.181962,-0.0810296,0.264038,0.0,1,3894.89,5.35,60,0.10498094999999996,"[6.52199, 6.6073, 7.18524, 8.49535, 11.2861, 15.2036, 18.6695, 24.4233, 35.6955, 67.2431, 200.0, 57.8334, 27.1395, 17.8184, 10.7242, 6.98802, 5.47868, 4.77942, 4.51416]"
2025-05-07 20:43:59.531065,33.7671,0.193826,0.0040956,-0.178678,-0.0822341,0.26232900000000003,0.0,1,3915.01,5.372,60,0.11026340000000003,"[6.50446, 6.58746, 7.16112, 8.46273, 11.2355, 15.1264, 18.5655, 24.2678, 35.4144, 66.4349, 200.0, 58.7798, 27.4153, 17.9657, 10.7969, 7.0272, 5.50556, 4.80072, 4.53271]"
2025-05-07 20:43:59.557064,33.9378,0.214909,0.00410391,-0.175404,-0.0835363,0.26062199999999996,0.0,1,3934.29,5.394,60,0.11539700000000003,"[6.48706, 6.56769, 7.13687, 8.42964, 11.1839, 15.047, 18.4578, 24.1059, 35.1188, 65.5799, 200.0, 59.8216, 27.7095, 18.1204, 10.8719, 7.06734, 5.53268, 4.82214, 4.55127]"
2025-05-07 20:43:59.575243,34.108,0.23762,0.00412616,-0.17193,-0.0849435,0.25892000000000004,0.0,1,3953.36,5.416,60,0.1213168,"[6.46869, 6.54669, 7.11105, 8.39446, 11.129, 14.9622, 18.3427, 23.9322, 34.8018, 64.6642, 200.0, 60.9904, 28.0314, 18.2878, 10.9522, 7.11035, 5.5617, 4.84497, 4.57098]"
2025-05-07 20:43:59.601109,34.2756,0.262818,0.00417297,-0.16839,-0.0864665,0.25724400000000003,0.0,1,3972.61,5.438,60,0.12688409999999994,"[6.44995, 6.52515, 7.08443, 8.3579, 11.0718, 14.8733, 18.2217, 23.749, 34.466, 63.6929, 200.0, 62.2972, 28.3801, 18.4666, 11.0368, 7.15541, 5.59181, 4.86845, 4.59119]"
2025-05-07 20:43:59.619815,34.4412,0.287621,0.00401558,-0.164828,-0.0881068,0.255588,0.0,1,3991.59,5.46,60,0.13233695,"[6.43127, 6.50342, 7.05732, 8.32054, 11.0132, 14.7814, 18.096, 23.5578, 34.1136, 62.6738, 200.0, 63.7501, 28.7548, 18.6559, 11.1247, 7.20192, 5.62261, 4.8923, 4.61145]"
2025-05-07 20:43:59.640951,34.6059,0.313008,0.00345603,-0.161011,-0.0898649,0.25394100000000003,0.0,1,4010.29,5.482,60,0.1386814500000001,"[6.41119, 6.48011, 7.02836, 8.28061, 10.9507, 14.6835, 17.9619, 23.3539, 33.7388, 61.5991, 200.0, 65.3843, 29.1656, 18.8613, 11.2194, 7.25205, 5.65573, 4.91788, 4.6333]"
2025-05-07 20:43:59.664931,34.7689,0.338815,0.00296787,-0.157193,-0.0917427,0.25231099999999995,0.0,1,4028.8,5.504,60,0.14427600000000002,"[6.39117, 6.45671, 6.99911, 8.23993, 10.8867, 14.5827, 17.8235, 23.1428, 33.3493, 60.486, 200.0, 67.202, 29.606, 19.0782, 11.3175, 7.30371, 5.68948, 4.94386, 4.65521]"
2025-05-07 20:43:59.687737,34.93,0.365218,0.00270895,-0.153176,-0.0937435,0.2507,0.0,1,4047.18,5.526,60,0.15062019999999995,"[6.37018, 6.43206, 6.96826, 8.19712, 10.8195, 14.4766, 17.6777, 22.9205, 32.9405, 59.3281, 200.0, 69.2441, 30.0859, 19.3118, 11.4222, 7.35871, 5.72526, 4.97124, 4.67822]"
2025-05-07 20:43:59.711696,35.0894,0.392143,0.00260843,-0.149092,-0.0958702,0.24910600000000002,0.0,1,4065.36,5.548,60,0.15663065,"[6.34888, 6.40704, 6.93675, 8.15322, 10.7504, 14.367, 17.5271, 22.6905, 32.517, 58.1375, 200.0, 71.5308, 30.6023, 19.5595, 11.5316, 7.41567, 5.76224, 4.99937, 4.70172]"
2025-05-07 20:43:59.731113,35.2472,0.419461,0.00256142,-0.144842,-0.0981252,0.247528,0.0,1,4083.31,5.57,60,0.16307435000000003,"[6.32672, 6.38084, 6.90383, 8.10727, 10.6782, 14.2526, 17.3697, 22.4501, 32.0762, 56.9118, 200.0, 74.1105, 31.1633, 19.8253, 11.6474, 7.47549, 5.80116, 5.0289, 4.72632]"
2025-05-07 20:43:59.750474,35.4032,0.449775,0.00257144,-0.140481,-0.100563,0.24596800000000002,0.0,1,4101.09,5.592,60,0.16937460000000004,"[6.30416, 6.35397, 6.86988, 8.05995, 10.6036, 14.1342, 17.2064, 22.2009, 31.6195, 55.6549, 200.0, 77.035, 31.7716, 20.1091, 11.7695, 7.53774, 5.84168, 5.05933, 4.75162]"
2025-05-07 20:43:59.775633,35.5575,0.479256,0.00264054,-0.135936,-0.103205,0.24442500000000003,0.0,1,4118.69,5.614,60,0.17594359999999995,"[6.28071, 6.32599, 6.83448, 8.01058, 10.5259, 14.0106, 17.0362, 21.9414, 31.1461, 54.3686, 200.0, 80.3696, 32.4343, 20.4142, 11.899, 7.60324, 5.88435, 5.09128, 4.77805]"
2025-05-07 20:43:59.797884,35.7101,0.508447,0.00277856,-0.131303,-0.105985,0.24289900000000003,0.0,1,4136.08,5.636,60,0.18231085000000002,"[6.25681, 6.29745, 6.79824, 7.96004, 10.4461, 13.8836, 16.8612, 21.6745, 30.6609, 53.0657, 200.0, 84.1724, 33.1513, 20.7387, 12.0348, 7.67118, 5.92852, 5.12411, 4.80508]"
2025-05-07 20:43:59.817986,35.8609,0.537257,0.00279831,-0.126415,-0.108901,0.241391,0.0,1,4153.27,5.658,60,0.189398,"[6.23175, 6.26746, 6.76023, 7.90727, 10.3628, 13.7513, 16.6792, 21.3981, 30.1609, 51.7448, 186.963, 88.5443, 33.9332, 21.0877, 12.1791, 7.74291, 5.97535, 5.15892, 4.83365]"
2025-05-07 20:43:59.839809,36.0098,0.56887,0.00279664,-0.121416,-0.111967,0.239902,0.0,1,4170.28,5.68,60,0.1961558,"[6.20615, 6.23676, 6.72117, 7.85315, 10.2773, 13.6152, 16.4921, 21.1141, 29.6494, 50.4119, 172.569, 93.6131, 34.7833, 21.4603, 12.331, 7.81753, 6.02392, 5.19478, 4.86298]"
2025-05-07 20:43:59.863733,36.157,0.59989,0.00279714,-0.11625,-0.115182,0.23843000000000003,0.0,1,4187.06,5.702,60,-1.0,"[6.17981, 6.20511, 6.6808, 7.79736, 10.189, 13.4749, 16.2994, 20.8223, 29.1267, 49.0702, 159.488, 99.5421, 35.7108, 21.8598, 12.4913, 7.89554, 6.07477, 5.23213, 4.89337]"
2025-05-07 20:43:59.886885,36.3024,0.630206,0.00259911,-0.11084,-0.118544,0.23697600000000002,0.0,1,4203.62,5.724,60,1.0,"[6.15225, 6.17206, 6.63882, 7.73946, 10.0976, 13.3298, 16.1004, 20.5223, 28.5929, 47.7234, 147.603, 106.544, 36.7255, 22.2892, 12.6613, 7.97768, 6.12827, 5.27147, 4.92529]"
2025-05-07 20:43:59.909203,36.4457,0.662863,0.00192143,-0.105286,-0.12206,0.23554299999999997,0.0,1,4219.99,5.746,60,0.05501930000000002,"[6.12402, 6.13812, 6.59564, 7.68007, 10.0037, 13.181, 15.8967, 20.2157, 28.0503, 46.3764, 136.779, 114.922, 37.8354, 22.7492, 12.8406, 8.06333, 6.18398, 5.31225, 4.95822]"
2025-05-07 20:43:59.931996,36.5872,0.695358,0.00132079,-0.0995539,-0.125736,0.23412799999999998,0.0,1,4236.09,5.768,60,0.05488687500000006,"[6.09503, 6.10322, 6.55112, 7.61904, 9.9073, 13.0282, 15.6879, 19.9025, 27.4996, 45.0318, 126.903, 125.11, 39.054, 23.2431, 13.0299, 8.15284, 6.24186, 5.35465, 4.99225]"
2025-05-07 20:43:59.950859,36.7267,0.727463,0.000984053,-0.0935835,-0.129566,0.232733,0.0,1,4252.0,5.79,60,0.05516937999999999,"[6.06488, 6.06695, 6.50497, 7.55599, 9.80779, 12.8711, 15.4737, 19.5824, 26.9411, 43.6925, 117.892, 137.715, 40.3956, 23.7751, 13.2306, 8.24683, 6.30236, 5.39915, 5.02786]"
2025-05-07 20:43:59.973491,36.8641,0.762357,0.000807736,-0.0873968,-0.133564,0.23135899999999998,0.0,1,4267.69,5.812,60,0.05559463000000009,"[6.03372, 6.02946, 6.45735, 7.49107, 9.70546, 12.7099, 15.2544, 19.256, 26.3757, 42.3601, 109.638, 153.723, 41.879, 24.3488, 13.4433, 8.34551, 6.36545, 5.4456, 5.06498]"
2025-05-07 20:43:59.995592,36.9996,0.795924,0.000675867,-0.0809937,-0.137728,0.230004,0.0,1,4283.18,5.834,60,0.05624281500000006,"[6.00159, 5.99076, 6.4082, 7.42423, 9.60042, 12.5449, 15.0304, 18.9238, 25.8044, 41.0383, 102.077, 174.648, 43.5234, 24.9677, 13.6686, 8.44888, 6.43122, 5.49406, 5.10358]"
2025-05-07 20:44:00.018322,37.133,0.831424,0.000658355,-0.0743464,-0.142193,0.22866999999999998,0.0,1,4298.46,5.856,60,0.057026204999999996,"[5.96828, 5.95065, 6.35745, 7.35545, 9.49246, 12.3758, 14.8015, 18.5859, 25.2282, 39.7291, 95.1365, 200.0, 45.3551, 25.6374, 13.9077, 8.55747, 6.49993, 5.54471, 5.14383]"
2025-05-07 20:44:00.037349,37.2645,0.86662,0.000657436,-0.0674771,-0.146902,0.22735500000000003,0.0,1,4313.5,5.878,60,0.05787586000000006,"[5.93403, 5.90942, 6.30527, 7.28492, 9.38197, 12.2032, 14.5685, 18.2434, 24.6486, 38.4359, 88.759, 200.0, 47.4026, 26.362, 14.161, 8.67117, 6.57143, 5.59746, 5.18561]"
2025-05-07 20:44:00.061180,37.3939,0.903101,0.000711664,-0.060336,-0.15179,0.22606099999999998,0.0,1,4328.33,5.9,60,0.059153730000000015,"[5.89858, 5.86667, 6.25148, 7.21234, 9.26857, 12.0267, 14.3309, 17.8959, 24.0655, 37.159, 82.8865, 200.0, 49.7056, 27.1489, 14.4303, 8.7907, 6.64619, 5.65247, 5.22925]"
2025-05-07 20:44:00.084472,37.5212,0.939652,0.000824961,-0.0529175,-0.15686,0.224788,0.0,1,4342.94,5.922,60,0.06074050500000011,"[5.86179, 5.82254, 6.19608, 7.13771, 9.15232, 11.8465, 14.0891, 17.5438, 23.48, 35.9005, 77.471, 200.0, 52.3111, 28.0053, 14.7167, 8.91637, 6.72435, 5.70975, 5.27472]"
2025-05-07 20:44:00.103558,37.6465,0.977085,0.00102183,-0.0452326,-0.162114,0.22353499999999996,0.0,1,4357.32,5.944,60,0.06258900499999998,"[5.82385, 5.77695, 6.13913, 7.06111, 9.03337, 11.6628, 13.8434, 17.188, 22.8932, 34.6626, 72.472, 200.0, 55.2777, 28.9393, 15.0213, 9.04841, 6.80597, 5.76934, 5.32214]"
2025-05-07 20:44:00.129218,37.7698,1.01408,0.000597362,-0.0372703,-0.167555,0.22230200000000003,0.0,1,4371.52,5.966,60,0.06478230000000001,"[5.78464, 5.72998, 6.08063, 6.98258, 8.91181, 11.4758, 13.5942, 16.8289, 22.3063, 33.4472, 67.8526, 200.0, 58.6784, 29.9599, 15.3455, 9.18713, 6.8912, 5.8313, 5.37146]"
2025-05-07 20:44:00.149237,37.8908,1.05324,-0.000307645,-0.0290194,-0.173189,0.221092,0.0,1,4385.52,5.988,60,0.06733425999999992,"[5.74408, 5.68152, 6.02052, 6.90204, 8.78758, 11.2855, 13.3415, 16.4666, 21.7196, 32.2545, 63.5744, 200.0, 62.6159, 31.0795, 15.6912, 9.33303, 6.98027, 5.89579, 5.42285]"
2025-05-07 20:44:00.170722,38.0098,1.09222,-0.00145871,-0.0204745,-0.179022,0.21990200000000001,0.0,1,4399.29,6.01,60,0.07023696500000004,"[5.70224, 5.63159, 5.95884, 6.81957, 8.66081, 11.0922, 13.0856, 16.1018, 21.134, 31.0856, 59.6069, 200.0, 67.2205, 32.3114, 16.06, 9.48649, 7.07333, 5.96287, 5.47633]"
2025-05-07 20:44:00.191034,38.1357,0.506609,-0.00217351,-0.011924,-0.18293,0.218643,0.0,1,4406.8,6.032,60,0.075593415,"[5.65845, 5.58267, 5.90163, 6.74685, 8.5551, 10.9382, 12.8874, 15.8284, 20.7128, 30.2907, 57.1551, 200.0, 70.6471, 33.2304, 16.3499, 9.61521, 7.15544, 6.02476, 5.52797]"
2025-05-07 20:44:00.212908,38.2431,0.354326,-0.00245252,-0.00387296,-0.183808,0.217569,0.0,1,4417.95,6.054,60,0.08403261500000003,"[5.61432, 5.53787, 5.85393, 6.6919, 8.48466, 10.8471, 12.779, 15.6936, 20.5329, 30.0176, 56.5877, 200.0, 71.4019, 33.5415, 16.493, 9.69683, 7.21536, 6.07478, 5.57356]"
2025-05-07 20:44:00.238814,38.3608,0.387718,-0.00262669,0.00437789,-0.186486,0.21639200000000003,0.0,1,4431.4,6.076,60,0.09242203450000003,"[5.57092, 5.49131, 5.80154, 6.62763, 8.39514, 10.7215, 12.6212, 15.4821, 20.2194, 29.4568, 55.005, 200.0, 73.906, 34.2318, 16.7247, 9.80603, 7.28785, 6.13119, 5.62204]"
2025-05-07 20:44:00.257571,38.4819,0.349147,-0.00273453,0.00601474,-0.188847,0.21518099999999996,0.0,1,4445.09,6.098,60,-1.0,"[5.5648, 5.4815, 5.78821, 6.60832, 8.36321, 10.6704, 12.5518, 15.3809, 20.0533, 29.1216, 53.911, 200.0, 75.9128, 34.6828, 16.8417, 9.84898, 7.31149, 6.14674, 5.63323]"
2025-05-07 20:44:00.282433,38.6014,0.335612,-0.00273152,0.0144931,-0.190364,0.213986,0.0,1,4458.52,6.12,60,1.0,"[5.51945, 5.43415, 5.73582, 6.54522, 8.27735, 10.5526, 12.4059, 15.1891, 19.7765, 28.646, 52.6676, 200.0, 78.1749, 35.3065, 17.058, 9.95423, 7.38279, 6.2031, 5.68236]"
2025-05-07 20:44:00.304547,38.7196,0.331742,-0.00265045,0.023038,-0.191885,0.212804,0.0,1,4471.71,6.142,60,-0.013921123500000021,"[5.47358, 5.38645, 5.6831, 6.4818, 8.19121, 10.4346, 12.2599, 14.9977, 19.5009, 28.1752, 51.4544, 200.0, 80.5461, 35.9456, 17.2777, 10.0607, 7.45481, 6.25998, 5.73191]"
2025-05-07 20:44:00.324350,38.8362,0.332592,-0.00247902,0.0315829,-0.193425,0.21163800000000002,0.0,1,4484.72,6.164,60,-0.012535953300000069,"[5.42748, 5.33877, 5.63041, 6.41845, 8.10521, 10.3169, 12.1145, 14.8072, 19.2271, 27.7092, 50.2673, 200.0, 83.0448, 36.6014, 17.5002, 10.1679, 7.52716, 6.31702, 5.78152]"
2025-05-07 20:44:00.346584,38.9512,0.335903,-0.00232288,0.0403498,-0.194989,0.210488,0.0,1,4497.54,6.186,60,-0.01029655511999994,"[5.38003, 5.28988, 5.57646, 6.35367, 8.01747, 10.197, 11.9666, 14.6139, 18.9503, 27.2409, 49.092, 200.0, 85.7074, 37.284, 17.7299, 10.2783, 7.6015, 6.37559, 5.83245]"
2025-05-07 20:44:00.367544,39.0647,0.340485,-0.00252705,0.0491388,-0.196579,0.20935299999999998,0.0,1,4510.24,6.208,60,-0.00869947675799998,"[5.33244, 5.24088, 5.5224, 6.28879, 7.92963, 10.0772, 11.8188, 14.4208, 18.6743, 26.7759, 47.9375, 200.0, 88.536, 37.9881, 17.9635, 10.3898, 7.6764, 6.43449, 5.88358]"
2025-05-07 20:44:00.388591,39.1767,0.347105,-0.00305249,0.0580167,-0.198204,0.20823300000000003,0.0,1,4522.88,6.23,60,-0.006846581232199944,"[5.28437, 5.1914, 5.46784, 6.22333, 7.84108, 9.95644, 11.67, 14.2268, 18.3976, 26.3112, 46.7972, 200.0, 91.5629, 38.7189, 18.2027, 10.5033, 7.75242, 6.49415, 5.93529]"
2025-05-07 20:44:00.418140,39.2873,0.355626,-0.00392975,0.0670499,-0.199873,0.20712699999999998,0.0,1,4535.11,6.252,60,-0.0047291552589800445,"[5.23545, 5.14108, 5.41236, 6.15682, 7.7512, 9.83404, 11.5193, 14.0305, 18.1181, 25.8442, 45.6642, 200.0, 94.8305, 39.4831, 18.4494, 10.6196, 7.83013, 6.55503, 5.98798]"
2025-05-07 20:44:00.438254,39.3964,0.365859,-0.00448299,0.0761053,-0.201594,0.206036,0.0,1,4547.27,6.274,60,-0.003082811883081904,"[5.18645, 5.09064, 5.35674, 6.09012, 7.66105, 9.71127, 11.3682, 13.8337, 17.8383, 25.3777, 44.5431, 187.798, 98.366, 40.2795, 18.7019, 10.7376, 7.90861, 6.61633, 6.04092]"
2025-05-07 20:44:00.456380,39.5039,0.378009,-0.00472702,0.0853826,-0.203376,0.20496099999999998,0.0,1,4559.27,6.296,60,-0.0007324578447738261,"[5.13625, 5.03899, 5.29981, 6.02188, 7.56892, 9.58595, 11.2141, 13.6333, 17.5539, 24.9058, 43.422, 174.429, 102.237, 41.1201, 18.9645, 10.8595, 7.98942, 6.67933, 6.09523]"
2025-05-07 20:44:00.482803,39.61,0.39216,-0.00514802,0.09466,-0.205229,0.2039,0.0,1,4571.12,6.318,60,0.0008076007897034887,"[5.0861, 4.98735, 5.24284, 5.95355, 7.47658, 9.4603, 11.0595, 13.4324, 17.269, 24.4337, 42.3096, 162.242, 106.484, 42.002, 19.2341, 10.9832, 8.07103, 6.7427, 6.14968]"
2025-05-07 20:44:00.502579,39.7146,0.408337,-0.00601036,0.104181,-0.207162,0.20285400000000003,0.0,1,4582.83,6.34,60,0.0031727735607331997,"[5.03465, 4.93437, 5.18441, 5.88349, 7.38198, 9.33168, 10.9014, 13.2271, 16.9784, 23.9543, 41.1928, 151.027, 111.206, 42.9405, 19.5159, 11.1116, 8.15532, 6.808, 6.20568]"
2025-05-07 20:44:00.523598,39.8174,0.433835,-0.00718794,0.113725,-0.209218,0.201826,0.0,1,4594.35,6.362,60,0.004658479054659881,"[4.98318, 4.88126, 5.12573, 5.81302, 7.28663, 9.20185, 10.7417, 13.0195, 16.6844, 23.4695, 40.07, 140.563, 116.55, 43.9443, 19.809, 11.243, 8.24102, 6.87402, 6.26204]"
2025-05-07 20:44:00.542906,39.9182,0.473786,-0.0080691,0.123491,-0.211473,0.20081800000000002,0.0,1,4605.79,6.384,60,0.006629413999193867,"[4.93064, 4.82691, 5.06555, 5.74058, 7.18836, 9.06775, 10.5765, 12.8046, 16.3797, 22.9671, 38.9128, 130.534, 122.834, 45.0513, 20.1223, 11.3812, 8.3302, 6.94228, 6.31999]"
2025-05-07 20:44:00.565785,40.0172,0.519464,-0.00854998,0.133412,-0.213962,0.19982799999999998,0.0,1,4617.04,6.406,60,0.00811755544927445,"[4.87745, 4.77169, 5.00421, 5.6665, 7.0875, 8.92973, 10.4063, 12.5826, 16.0645, 22.4469, 37.7204, 120.912, 130.362, 46.2813, 20.4579, 11.5261, 8.42274, 7.01255, 6.37923]"
2025-05-07 20:44:00.588412,40.0967,-0.0301083,-0.00879767,0.1432,-0.214616,0.19903300000000002,0.0,1,4625.95,6.428,60,0.01136833275434701,"[4.82305, 4.71765, 4.94666, 5.60014, 7.00241, 8.81973, 10.2757, 12.4206, 15.8497, 22.1268, 37.1038, 117.596, 133.309, 46.9067, 20.6768, 11.6374, 8.50054, 7.07549, 6.43523]"
2025-05-07 20:44:00.611697,40.174,-0.18468,-0.00878882,0.152366,-0.212295,0.19826,0.0,1,4633.69,6.45,60,0.01721433232891234,"[4.76905, 4.66771, 4.89738, 5.54852, 6.94523, 8.75756, 10.2117, 12.3577, 15.7979, 22.1258, 37.3847, 123.486, 128.082, 46.4852, 20.6922, 11.6885, 8.55066, 7.12371, 6.48357]"
2025-05-07 20:44:00.632738,40.2704,-0.0918973,-0.00876298,0.161643,-0.211913,0.19729599999999997,0.0,1,4643.46,6.472,60,0.022655931946021113,"[4.71647, 4.61671, 4.84437, 5.48914, 6.87211, 8.66697, 10.1075, 12.2339, 15.6443, 21.9224, 37.0881, 123.381, 128.126, 46.7299, 20.8341, 11.7757, 8.61652, 7.17966, 6.53523]"
2025-05-07 20:44:00.655290,40.3665,-0.0833123,-0.00865178,0.170921,-0.211546,0.19633499999999998,0.0,1,4654.21,6.494,60,0.02772277160141884,"[4.66391, 4.5657, 4.79133, 5.42968, 6.79883, 8.57607, 10.0028, 12.1095, 15.4897, 21.7169, 36.7855, 123.225, 128.206, 46.9781, 20.9765, 11.863, 8.68245, 7.23564, 6.5869]"
2025-05-07 20:44:00.678946,40.4616,-0.0715523,-0.00840404,0.180198,-0.211222,0.19538400000000003,0.0,1,4664.73,6.516,60,0.032730627291277126,"[4.6114, 4.51468, 4.73821, 5.37005, 6.72516, 8.48449, 9.89713, 11.9835, 15.3325, 21.5064, 36.4686, 122.923, 128.394, 47.2396, 21.1215, 11.951, 8.74868, 7.29175, 6.63863]"
2025-05-07 20:44:00.698711,40.5554,-0.0610284,-0.00824543,0.189475,-0.210949,0.194446,0.0,1,4675.08,6.538,60,0.03767664741214938,"[4.55895, 4.46366, 4.68501, 5.31022, 6.65107, 8.39213, 9.79035, 11.8559, 15.1724, 21.2901, 36.1351, 122.444, 128.709, 47.5173, 21.2695, 12.0398, 8.81527, 7.34805, 6.69042]"
2025-05-07 20:44:00.719160,40.648,-0.050081,-0.00848754,0.198753,-0.210726,0.19351999999999997,0.0,1,4685.33,6.56,60,0.04256161552093435,"[4.50655, 4.41261, 4.63172, 5.2502, 6.57656, 8.29902, 9.68251, 11.7267, 15.0097, 21.0684, 35.7857, 121.788, 129.147, 47.8112, 21.4206, 12.1296, 8.88224, 7.40451, 6.74228]"
2025-05-07 20:44:00.742981,40.7393,-0.0379929,-0.00914872,0.20823,-0.210559,0.192607,0.0,1,4695.48,6.582,60,0.0481146868188409,"[4.45309, 4.36046, 4.57718, 5.18866, 6.49998, 8.20305, 9.57112, 11.5927, 14.8402, 20.8354, 35.4101, 120.905, 129.744, 48.1315, 21.5789, 12.2223, 8.95111, 7.46241, 6.79534]"
2025-05-07 20:44:00.765191,40.8292,-0.0271175,-0.0105093,0.217751,-0.210444,0.191708,0.0,1,4705.41,6.604,60,0.0531013509869569,"[4.39943, 4.30805, 4.5223, 5.12664, 6.42262, 8.10588, 9.45813, 11.4565, 14.6672, 20.5959, 35.0166, 119.831, 130.475, 48.4711, 21.7412, 12.3164, 9.02072, 7.52078, 6.84873]"
2025-05-07 20:44:00.784454,40.9179,-0.0141726,-0.0114322,0.227273,-0.210389,0.19082099999999996,0.0,1,4715.2,6.626,60,0.05786439873826116,"[4.34583, 4.25562, 4.46734, 5.06442, 6.34484, 8.00792, 9.34402, 11.3186, 14.4913, 20.3505, 34.6058, 118.554, 131.355, 48.8308, 21.9075, 12.4117, 9.0908, 7.57937, 6.9022]"
2025-05-07 20:44:00.808630,41.0053,-0.00327774,-0.011932,0.236794,-0.210388,0.189947,0.0,1,4724.84,6.648,60,0.06254774171443506,"[4.29228, 4.20319, 4.41229, 5.00202, 6.26667, 7.90927, 9.22891, 11.1792, 14.3128, 20.0998, 34.1798, 117.098, 132.37, 49.209, 22.0774, 12.508, 9.16131, 7.63817, 6.95574]"
2025-05-07 20:44:00.837006,41.0915,0.0097671,-0.0123311,0.246316,-0.210445,0.18908499999999998,0.0,1,4734.36,6.67,60,0.0671587003929916,"[4.23878, 4.15074, 4.35717, 4.93944, 6.18809, 7.80988, 9.11275, 11.0382, 14.1316, 19.8437, 33.7377, 115.453, 133.538, 49.6083, 22.2513, 12.6054, 9.23232, 7.6972, 7.00938]"
2025-05-07 20:44:00.853951,41.1764,0.0205196,-0.0131442,0.255837,-0.210556,0.188236,0.0,1,4743.73,6.692,60,0.07168836320369226,"[4.18533, 4.09828, 4.30197, 4.87669, 6.10917, 7.70985, 8.99567, 10.8958, 13.948, 19.5829, 33.2817, 113.644, 134.849, 50.027, 22.4289, 12.7038, 9.30378, 7.75644, 7.06309]"
2025-05-07 20:44:00.877363,41.2601,0.0320989,-0.0142338,0.265359,-0.210719,0.18739899999999998,0.0,1,4752.97,6.714,60,0.07615320973332323,"[4.13192, 4.0458, 4.2467, 4.81378, 6.02991, 7.60922, 8.87774, 10.752, 13.7622, 19.3176, 32.8126, 111.684, 136.305, 50.4654, 22.6104, 12.8034, 9.3757, 7.8159, 7.11689]"
2025-05-07 20:44:00.896574,41.3426,0.0423044,-0.0150322,0.275013,-0.210932,0.18657400000000002,0.0,1,4762.08,6.736,60,0.0810402216099908,"[4.07781, 3.99259, 4.1906, 4.74986, 5.94926, 7.50668, 8.75742, 10.6051, 13.572, 19.0448, 32.326, 109.573, 137.919, 50.9282, 22.7979, 12.9053, 9.44905, 7.87639, 7.17152]"
2025-05-07 20:44:00.918802,41.424,0.0582802,-0.015434,0.284779,-0.211217,0.18576,0.0,1,4771.14,6.758,60,0.08580528229899176,"[4.02312, 3.93875, 4.13377, 4.68502, 5.86727, 7.40219, 8.63464, 10.4549, 13.3768, 18.7633, 31.8176, 107.256, 139.758, 51.4238, 22.9928, 13.0099, 9.52388, 7.93788, 7.22689]"
2025-05-07 20:44:00.939338,41.5044,0.0858722,-0.0156785,0.294545,-0.211636,0.18495600000000004,0.0,1,4780.11,6.78,60,0.09000238691909257,"[3.96855, 3.88489, 4.07678, 4.6198, 5.78448, 7.29625, 8.50978, 10.3016, 13.1761, 18.4709, 31.2779, 104.597, 141.997, 51.9718, 23.1977, 13.1173, 9.59991, 7.99993, 7.28248]"
2025-05-07 20:44:00.967201,41.5835,0.116756,-0.0156522,0.30431,-0.212217,0.184165,0.0,1,4788.86,6.802,60,0.09395848107718335,"[3.9141, 3.831, 4.01959, 4.55414, 5.70074, 7.1886, 8.38248, 10.1445, 12.9693, 18.1662, 30.7024, 101.561, 144.741, 52.5845, 23.4148, 13.2281, 9.67741, 8.06268, 7.33833]"
2025-05-07 20:44:00.986491,41.6613,0.147732,-0.0156356,0.314253,-0.212953,0.18338700000000002,0.0,1,4797.48,6.824,60,0.09835806581946482,"[3.85877, 3.77611, 3.9612, 4.48691, 5.6147, 7.07757, 8.25083, 9.98144, 12.7535, 17.8455, 30.0872, 98.1914, 148.041, 53.2703, 23.6474, 13.3442, 9.75769, 8.12722, 7.39545]"
2025-05-07 20:44:01.006887,41.7379,0.178615,-0.0155315,0.324263,-0.213841,0.18262099999999998,0.0,1,4805.96,6.846,60,0.10219369208751844,"[3.80318, 3.72083, 3.90227, 4.41889, 5.52734, 6.96445, 8.11638, 9.8144, 12.5315, 17.5132, 29.4412, 94.5742, 151.928, 54.0262, 23.8936, 13.4644, 9.83993, 8.19286, 7.45321]"
2025-05-07 20:44:01.030547,41.8132,0.209274,-0.015326,0.334273,-0.214878,0.18186799999999997,0.0,1,4814.29,6.868,60,0.10558855572876641,"[3.74769, 3.66553, 3.84319, 4.35054, 5.43925, 6.85003, 7.98009, 9.64458, 12.3047, 17.1717, 28.7706, 90.7795, 156.457, 54.8527, 24.1525, 13.5881, 9.92367, 8.2592, 7.51124]"
2025-05-07 20:44:01.052476,41.8873,0.23962,-0.0151917,0.344527,-0.216063,0.18112699999999995,0.0,1,4822.49,6.89,60,0.10968188300589005,"[3.69092, 3.60888, 3.78257, 4.28028, 5.34852, 6.73191, 7.83919, 9.46869, 12.0693, 16.816, 28.0683, 86.8325, 161.741, 55.7637, 24.4289, 13.7178, 10.0107, 8.32777, 7.57093]"
2025-05-07 20:44:01.073461,41.9601,0.272191,-0.015706,0.354781,-0.217406,0.18039900000000003,0.0,1,4830.56,6.912,60,0.11273182755530081,"[3.63426, 3.55221, 3.72182, 4.2097, 5.25711, 6.6126, 7.69661, 9.29028, 11.8298, 16.4523, 27.3457, 82.7984, 167.901, 56.7587, 24.7197, 13.8515, 10.0995, 8.39713, 7.63092]"
2025-05-07 20:44:01.094537,42.0316,0.303654,-0.0165154,0.365234,-0.218906,0.17968400000000004,0.0,1,4838.54,6.934,60,0.11629877764977092,"[3.57656, 3.49443, 3.65978, 4.13754, 5.16348, 6.49017, 7.55013, 9.10672, 11.5829, 16.0766, 26.5978, 78.7052, 175.109, 57.852, 25.0293, 13.9913, 10.1914, 8.46854, 7.69236]"
2025-05-07 20:44:01.121637,42.1019,0.333881,-0.017532,0.375732,-0.220554,0.178981,0.0,1,4846.3,6.956,60,0.11915643273479376,"[3.51871, 3.43639, 3.5974, 4.06486, 5.06898, 6.36639, 7.40187, 8.92069, 11.3322, 15.6944, 25.8363, 74.6324, 183.505, 59.0406, 25.3547, 14.1355, 10.2853, 8.54101, 7.75437]"
2025-05-07 20:44:01.137026,42.1711,0.363353,-0.0181815,0.38643,-0.222347,0.17828899999999998,0.0,1,4853.94,6.978,60,0.12240352231131418,"[3.45981, 3.37726, 3.53377, 3.99067, 4.97245, 6.23984, 7.25022, 8.7303, 11.0756, 15.3031, 25.0586, 70.6054, 193.329, 60.3367, 25.6992, 14.2859, 10.3825, 8.61553, 7.81782]"
2025-05-07 20:44:01.164838,42.2389,0.392254,-0.0185155,0.397172,-0.224281,0.177611,0.0,1,4861.44,7.0,60,-0.6331760477115829,"[3.40073, 3.31789, 3.46983, 3.91603, 4.8752, 6.11222, 7.09719, 8.53808, 10.8163, 14.9077, 24.2745, 66.6746, 200.0, 61.7416, 26.0606, 14.4409, 10.4817, 8.69114, 7.88185]"
2025-05-07 20:44:01.186059,42.3056,0.420539,-0.0192406,0.408159,-0.226354,0.17694400000000002,0.0,1,4868.83,7.022,60,0.3891823250810976,"[3.34034, 3.25717, 3.40442, 3.83967, 4.77569, 5.98163, 6.94063, 8.34145, 10.5513, 14.5042, 23.4791, 62.843, 200.0, 63.2729, 26.4432, 14.6026, 10.5845, 8.7691, 7.94761]"
2025-05-07 20:44:01.205228,42.3711,0.448379,-0.0199665,0.419212,-0.228564,0.17628900000000003,0.0,1,4876.11,7.044,60,0.08230030008109768,"[3.27963, 3.1961, 3.33859, 3.76277, 4.67541, 5.85, 6.7828, 8.14322, 10.2842, 14.0981, 22.6825, 59.1487, 200.0, 64.9335, 26.8445, 14.7694, 10.6896, 8.84834, 8.01409]"
2025-05-07 20:44:01.234907,42.4353,0.477467,-0.0208606,0.430442,-0.230918,0.17564700000000003,0.0,1,4883.22,7.066,60,0.08421297758109786,"[3.21798, 3.13406, 3.2717, 3.68462, 4.57351, 5.71626, 6.62246, 7.94195, 10.0132, 13.687, 21.8819, 55.586, 200.0, 66.745, 27.2682, 14.9429, 10.798, 8.9296, 8.08195]"
2025-05-07 20:44:01.251457,42.4983,0.506696,-0.021397,0.44185,-0.233419,0.175017,0.0,1,4890.19,7.088,60,0.08605878733109784,"[3.15539, 3.07106, 3.20377, 3.60525, 4.47003, 5.58048, 6.45975, 7.73782, 9.73877, 13.2718, 21.0792, 52.1619, 200.0, 68.7253, 27.7158, 15.1231, 10.9098, 9.01295, 8.15123]"
2025-05-07 20:44:01.274553,42.5601,0.534003,-0.021701,0.453369,-0.236057,0.17439900000000003,0.0,1,4897.06,7.11,60,0.0875920161060979,"[3.09222, 3.00747, 3.13519, 3.52513, 4.36561, 5.44353, 6.2957, 7.53217, 9.46265, 12.8553, 20.2808, 48.8974, 200.0, 70.8845, 28.1864, 15.3096, 11.0244, 9.09795, 8.22153]"
2025-05-07 20:44:01.290943,42.6209,0.559684,-0.0216521,0.465088,-0.238823,0.173791,0.0,1,4903.78,7.132,60,0.08937717200359768,"[3.02796, 2.94279, 3.06548, 3.44374, 4.25963, 5.3047, 6.12957, 7.3242, 9.18402, 12.4367, 19.4866, 45.7933, 200.0, 73.2411, 28.682, 15.5031, 11.1427, 9.18515, 8.29337]"
2025-05-07 20:44:01.316539,42.6805,0.586162,-0.0216785,0.477006,-0.241719,0.173195,0.0,1,4910.38,7.154,60,0.09110611231134774,"[2.96259, 2.87704, 2.99465, 3.3611, 4.15214, 5.16409, 5.96146, 7.11406, 8.90317, 12.0167, 18.6979, 42.8456, 200.0, 75.8212, 29.2044, 15.7041, 11.2645, 9.2746, 8.36677]"
2025-05-07 20:44:01.340231,42.7389,0.611003,-0.0215998,0.48908,-0.244742,0.172611,0.0,1,4916.86,7.176,60,0.09262115858832287,"[2.89637, 2.81047, 2.92297, 3.27753, 4.04358, 5.02226, 5.79208, 6.90266, 8.62134, 11.5972, 17.9184, 40.0571, 200.0, 78.6475, 29.7538, 15.9121, 11.3897, 9.36606, 8.4415]"
2025-05-07 20:44:01.358827,42.7964,0.633629,-0.021464,0.501309,-0.247878,0.17203600000000002,0.0,1,4923.21,7.198,60,0.09407870023760029,"[2.82927, 2.74306, 2.85046, 3.19308, 3.93405, 4.8794, 5.62168, 6.69039, 8.33915, 11.1792, 17.1508, 37.4291, 200.0, 81.7425, 30.3306, 16.1271, 11.5182, 9.45949, 8.51754]"
2025-05-07 20:44:01.382059,42.8526,0.657714,-0.0212353,0.513761,-0.251134,0.171474,0.0,1,4929.44,7.22,60,0.09572278772194998,"[2.76092, 2.67447, 2.77675, 3.10735, 3.82305, 4.73492, 5.44961, 6.47647, 8.05569, 10.7617, 16.3933, 34.9465, 200.0, 85.151, 30.9383, 16.3503, 11.6507, 9.55538, 8.59531]"
2025-05-07 20:44:01.401453,42.9079,0.678741,-0.0215812,0.526412,-0.254499,0.17092100000000002,0.0,1,4935.52,7.242,60,0.0972504164578647,"[2.69143, 2.60481, 2.70198, 3.0205, 3.71084, 4.58919, 5.27633, 6.26153, 7.77183, 10.3461, 15.6484, 32.6078, 200.0, 88.9083, 31.5773, 16.5813, 11.787, 9.65358, 8.67468]"
2025-05-07 20:44:01.424269,42.9621,0.700276,-0.0220293,0.53924,-0.257971,0.170379,0.0,1,4941.49,7.264,60,0.0986593323201882,"[2.62091, 2.5342, 2.62629, 2.93272, 3.59767, 4.44253, 5.10223, 6.04606, 7.48827, 9.93332, 14.9178, 30.4073, 200.0, 93.0627, 32.2489, 16.8202, 11.9269, 9.754, 8.75554]"
2025-05-07 20:44:01.448908,43.0153,0.719525,-0.023056,0.552268,-0.261543,0.16984699999999997,0.0,1,4947.44,7.286,60,0.10011695659627873,"[2.54922, 2.46252, 2.54957, 2.8439, 3.48343, 4.29485, 4.92723, 5.83003, 7.20501, 9.52356, 14.2017, 28.3372, 200.0, 97.6709, 32.9548, 17.0674, 12.0707, 9.85677, 8.83804]"
2025-05-07 20:44:01.469702,43.0674,0.739196,-0.0237081,0.565474,-0.265215,0.169326,0.0,1,4953.19,7.308,60,0.10146191844476116,"[2.47648, 2.38991, 2.47195, 2.7542, 3.36833, 4.14645, 4.75171, 5.61388, 6.92266, 9.11768, 13.5014, 26.3909, 200.0, 102.803, 33.6966, 17.3228, 12.2183, 9.9618, 8.92206]"
2025-05-07 20:44:01.490947,43.1073,0.160457,-0.0240143,0.578591,-0.266891,0.16892699999999997,0.0,1,4956.63,7.33,60,0.10490813410839428,"[2.40282, 2.31778, 2.39627, 2.6685, 3.26123, 4.01175, 4.59503, 5.42509, 6.68324, 8.78821, 12.9729, 25.1309, 200.0, 105.775, 34.1959, 17.5192, 12.3416, 10.0551, 9.00093]"
2025-05-07 20:44:01.511129,43.1402,-0.00447303,-0.0243986,0.591109,-0.265325,0.168598,0.0,1,4959.75,7.352,60,0.11129792820566498,"[2.33045, 2.24892, 2.32605, 2.59155, 3.16927, 3.90122, 4.47053, 5.28146, 6.51231, 8.5763, 12.6971, 24.8039, 200.0, 104.624, 34.2626, 17.6098, 12.4198, 10.1256, 9.06843]"
2025-05-07 20:44:01.535336,43.1835,0.293895,-0.0250368,0.603915,-0.266526,0.16816499999999998,0.0,1,4964.46,7.374,60,0.11663604289320828,"[2.2582, 2.17849, 2.25249, 2.50866, 3.06636, 3.77262, 4.3216, 5.10303, 6.28783, 8.27115, 12.2179, 23.7143, 200.0, 106.997, 34.6962, 17.7889, 12.5349, 10.2142, 9.14441]"
2025-05-07 20:44:01.557250,43.2313,0.420946,-0.0257835,0.61701,-0.268827,0.16768700000000003,0.0,1,4970.26,7.396,60,0.12047024611199719,"[2.18492, 2.1065, 2.17671, 2.42254, 2.95825, 3.63607, 4.16233, 4.91039, 6.04231, 7.93086, 11.6659, 22.3722, 200.0, 110.958, 35.2885, 18.0067, 12.6667, 10.3115, 9.22488]"
2025-05-07 20:44:01.578499,43.2801,0.482479,-0.0263849,0.630327,-0.271388,0.16719900000000001,0.0,1,4975.67,7.418,60,0.12380612900890742,"[2.11045, 2.0333, 2.09963, 2.33492, 2.84821, 3.49706, 4.00016, 4.71425, 5.79237, 7.58464, 11.1054, 21.0251, 200.0, 115.551, 35.9325, 18.2373, 12.8043, 10.4121, 9.30745]"
2025-05-07 20:44:01.600096,43.3288,0.515876,-0.0267036,0.643799,-0.274039,0.166712,0.0,1,4980.91,7.44,60,0.1268703736161264,"[2.03504, 1.95925, 2.02174, 2.24647, 2.7373, 3.35717, 3.83715, 4.51741, 5.54209, 7.23927, 10.5505, 19.7208, 160.065, 120.616, 36.6062, 18.4748, 12.9452, 10.5146, 9.39132]"
2025-05-07 20:44:01.621291,43.3768,0.537601,-0.0268295,0.657471,-0.276752,0.16623199999999996,0.0,1,4986.07,7.462,60,0.1300961437626234,"[1.95843, 1.88412, 1.9428, 2.15697, 2.62529, 3.21618, 3.67311, 4.31969, 5.2914, 6.8949, 10.002, 18.4623, 125.996, 126.173, 37.3079, 18.7191, 13.0893, 10.6192, 9.4767]"
2025-05-07 20:44:01.647541,43.4242,0.553662,-0.0268101,0.671298,-0.279523,0.16575800000000002,0.0,1,4991.18,7.484,60,0.1331702368944705,"[1.88086, 1.80815, 1.86308, 2.06672, 2.51257, 3.07457, 3.50857, 4.12176, 5.04116, 6.55267, 9.46157, 17.2511, 102.01, 132.286, 38.0375, 18.9695, 13.2363, 10.7256, 9.56332]"
2025-05-07 20:44:01.664385,43.4711,0.56303,-0.0268106,0.685236,-0.282463,0.165289,0.0,1,4995.82,7.506,60,0.13591037071313344,"[1.80264, 1.73157, 1.78278, 1.97587, 2.39923, 2.93235, 3.34346, 3.92336, 4.79075, 6.2112, 8.92557, 16.0711, 83.7844, 139.269, 38.8132, 19.2299, 13.3875, 10.8342, 9.65126]"
2025-05-07 20:44:01.689272,43.5176,0.568207,-0.0268057,0.699396,-0.285589,0.16482399999999997,0.0,1,5000.74,7.528,60,0.13885289114993032,"[1.72311, 1.65379, 1.70128, 1.88375, 2.28445, 2.78853, 3.17666, 3.72322, 4.53865, 5.86862, 8.39144, 14.9179, 69.5052, 147.344, 39.6433, 19.5024, 13.5442, 10.946, 9.74124]"
2025-05-07 20:44:01.711285,43.5634,0.573641,-0.0267984,0.713712,-0.288846,0.07436599999999999,0.0,1,5005.68,7.55,51.0,0.14146275954304677,"[1.64263, 1.57516, 1.61899, 1.79087, 2.16894, 2.64405, 3.00931, 3.52277, 4.28683, 5.52784, 7.86439, 13.8044, 58.2247, 156.611, 40.5215, 19.7848, 13.7052, 11.0603, 9.83275]"
2025-05-07 20:44:01.731544,43.6085,0.579054,-0.0270423,0.728183,-0.292224,0.07391500000000001,0.0,1,5010.59,7.572,51.0,0.1439706410968522,"[1.56118, 1.49569, 1.53592, 1.69725, 2.05275, 2.49903, 2.84158, 3.32226, 4.03565, 5.18946, 7.34548, 12.732, 49.1446, 167.31, 41.4495, 20.0772, 13.8705, 11.1769, 9.92581]"
2025-05-07 20:44:01.754911,43.6531,0.58451,-0.0274225,0.742831,-0.295705,0.07346899999999998,0.0,1,5015.44,7.594,51.0,0.14648883449527633,"[1.4786, 1.41524, 1.45197, 1.60279, 1.93579, 2.3534, 2.67342, 3.12168, 3.78515, 4.85367, 6.83521, 11.7015, 41.7244, 179.723, 42.4279, 20.3794, 14.0401, 11.296, 10.0205]"
2025-05-07 20:44:01.782630,43.6969,0.590944,-0.0280778,0.757702,-0.299262,0.07303100000000001,0.0,1,5020.26,7.616,51.0,0.14915670855385854,"[1.39463, 1.33358, 1.36689, 1.50727, 1.81783, 2.20689, 2.50457, 2.92075, 3.53509, 4.52027, 6.33352, 10.7121, 35.5811, 194.188, 43.4566, 20.6915, 14.214, 11.4178, 10.117]"
2025-05-07 20:44:01.798722,43.74,0.597971,-0.0286439,0.772727,-0.302878,0.07259999999999998,0.0,1,5024.96,7.638,51.0,0.15158779520658283,"[1.30961, 1.25106, 1.28108, 1.41111, 1.69941, 2.06022, 2.33582, 2.72046, 3.28669, 4.19086, 5.84264, 9.76619, 30.4384, 200.0, 44.5341, 21.0123, 14.3917, 11.5417, 10.215]"
2025-05-07 20:44:01.822467,43.7821,0.61277,-0.0289625,0.787953,-0.306582,0.07217900000000001,0.0,1,5029.61,7.66,51.0,0.15414437319403368,"[1.2233, 1.16743, 1.19427, 1.31403, 1.58018, 1.91293, 2.16669, 2.52018, 3.03915, 3.86432, 5.36059, 8.85772, 26.0513, 200.0, 45.671, 21.3439, 14.5741, 11.6683, 10.3147]"
2025-05-07 20:44:01.845781,43.8231,0.640846,-0.0291941,0.803378,-0.310454,0.07176900000000003,0.0,1,5034.17,7.682,51.0,0.1565422433827406,"[1.13571, 1.0827, 1.10646, 1.21601, 1.46008, 1.7649, 1.99698, 2.31967, 2.79208, 3.53994, 4.88581, 7.9808, 22.2353, 200.0, 46.8887, 21.69, 14.7624, 11.7982, 10.4165]"
2025-05-07 20:44:01.869497,43.8634,0.670435,-0.0297369,0.819047,-0.314525,0.07136600000000001,0.0,1,5038.6,7.704,51.0,0.15891027655257606,"[1.04658, 0.996624, 1.01739, 1.11677, 1.33879, 1.61578, 1.82631, 2.11846, 2.54493, 3.21704, 4.41724, 7.13251, 18.8844, 200.0, 48.2033, 22.0532, 14.958, 11.9321, 10.5209]"
2025-05-07 20:44:01.886869,43.903,0.695559,-0.0301112,0.834939,-0.318769,0.07097000000000002,0.0,1,5042.94,7.726,51.0,0.1610590564054285,"[0.955998, 0.909312, 0.92722, 1.01651, 1.21658, 1.46594, 1.65513, 1.91714, 2.29849, 2.89675, 3.95674, 6.31596, 15.944, 200.0, 49.6173, 22.4331, 15.1603, 12.0698, 10.6276]"
2025-05-07 20:44:01.911933,43.9421,0.717244,-0.0306519,0.851074,-0.323155,0.07057899999999996,0.0,1,5047.21,7.748,51.0,0.16318020827299506,"[0.863804, 0.820636, 0.835826, 0.915131, 1.09338, 1.31533, 1.48343, 1.71575, 2.05288, 2.57933, 3.50478, 5.53158, 13.3583, 200.0, 51.1336, 22.8294, 15.3693, 12.2112, 10.7367]"
2025-05-07 20:44:01.932956,43.9806,0.736715,-0.0309335,0.867454,-0.327666,0.07019399999999998,0.0,1,5051.41,7.77,51.0,0.16524034495380546,"[0.769969, 0.730588, 0.743224, 0.812662, 0.969273, 1.16408, 1.31136, 1.51449, 1.80837, 2.26516, 3.06188, 4.77926, 11.076, 200.0, 52.7578, 23.242, 15.585, 12.3563, 10.8482]"
2025-05-07 20:44:01.954284,44.0183,0.755818,-0.0311233,0.884078,-0.332296,0.06981699999999996,0.0,1,5055.52,7.792,51.0,0.16723831796653488,"[0.67447, 0.639161, 0.64942, 0.709129, 0.844291, 1.01226, 1.13901, 1.31348, 1.56513, 1.95446, 2.62824, 4.05814, 9.05147, 200.0, 54.4996, 23.6717, 15.8074, 12.5051, 10.9621]"
2025-05-07 20:44:01.975936,44.0554,0.774225,-0.0311318,0.900945,-0.337046,0.0,0.0,1,5059.57,7.814,42.0,0.1691724436779909,"[0.57728, 0.546346, 0.554419, 0.604552, 0.718484, 0.859938, 0.96649, 1.11285, 1.32331, 1.64741, 2.20397, 3.36715, 7.24703, 200.0, 56.3706, 24.1192, 16.0368, 12.6578, 11.0785]"
2025-05-07 20:44:01.997214,44.0918,0.79116,-0.0310959,0.918058,-0.341907,0.0,0.0,1,5063.53,7.836,42.0,0.1710710068183019,"[0.478373, 0.452134, 0.458226, 0.498953, 0.591896, 0.707191, 0.79388, 0.912708, 1.08306, 1.34418, 1.78916, 2.70529, 5.63202, 200.0, 58.3822, 24.585, 16.2734, 12.8144, 11.1975]"
2025-05-07 20:44:02.017638,44.1275,0.808184,-0.0310273,0.935436,-0.346876,0.0,0.0,1,5067.42,7.858,42.0,1.0,"[0.377592, 0.356392, 0.360721, 0.392214, 0.464408, 0.553888, 0.621046, 0.71291, 0.84421, 1.04454, 1.38332, 2.07067, 4.17893, 200.0, 60.5498, 25.0703, 16.5175, 12.9752, 11.3191]"
2025-05-07 20:44:02.041654,44.0732,0.82273,-0.0309938,0.953036,-0.35199,0.0,0.0,1,5026.58,7.88,42.0,-1.0,"[0.275172, 0.259355, 0.262151, 0.284617, 0.336364, 0.400451, 0.448463, 0.514, 0.607385, 0.749205, 0.987228, 1.46323, 2.86783, 88.3304, 62.9024, 25.5775, 16.7696, 13.1402, 11.4433]"
2025-05-07 20:44:02.060436,44.0096,0.835104,-0.0314002,0.970881,-0.35725,0.0,0.0,1,5017.39,7.902,42.0,0.13841895646199898,"[0.17095, 0.160889, 0.162398, 0.176047, 0.20765, 0.246761, 0.276007, 0.315846, 0.372438, 0.457983, 0.600477, 0.881424, 1.68045, 19.5703, 65.4647, 26.1083, 17.0305, 13.3097, 11.5704]"
2025-05-07 20:44:02.084529,43.9454,0.847462,-0.0318529,0.988947,-0.362619,0.0,0.0,1,5009.84,7.924,42.0,0.14635020646199892,"[0.0650192, 0.0611013, 0.0615873, 0.0666603, 0.0784718, 0.0930792, 0.103983, 0.118804, 0.139794, 0.171375, 0.22359, 0.325121, 0.603989, 4.48538, 68.2485, 26.6617, 17.2994, 13.4835, 11.7001]"
2025-05-07 20:44:02.107646,43.8809,0.860799,-0.0321143,1.00726,-0.368088,0.0,0.0,1,5002.31,7.946,42.0,0.15529800646199898,"[-1.0, -1.0, -1.0, -1.0, -1.0, -1.0, -1.0, -1.0, -1.0, -1.0, -1.0, -1.0, -1.0, -1.0, -1.0, -1.0, -1.0, -1.0, -1.0]"
2025-05-07 20:44:02.130027,43.8162,0.8739,-0.0324128,1.02581,-0.373648,0.0,0.0,1,4994.87,7.968,42.0,0.16517270646199922,"[-1.0, -1.0, -1.0, -1.0, -1.0, -1.0, -1.0, -1.0, -1.0, -1.0, -1.0, -1.0, -1.0, -1.0, -1.0, -1.0, -1.0, -1.0, -1.0]"
2025-05-07 20:44:02.150602,43.7512,0.887613,-0.0323691,1.04459,-0.379294,0.0,0.0,1,4987.4,7.99,42.0,0.17599740646199824,"[-1.0, -1.0, -1.0, -1.0, -1.0, -1.0, -1.0, -1.0, -1.0, -1.0, -1.0, -1.0, -1.0, -1.0, -1.0, -1.0, -1.0, -1.0, -1.0]"
2025-05-07 20:44:02.170818,43.6919,0.900342,-0.0321333,1.06188,-0.384497,0.0,0.0,1,4980.58,8.01,42.0,0.18214810646199897,"[-1.0, -1.0, -1.0, -1.0, -1.0, -1.0, -1.0, -1.0, -1.0, -1.0, -1.0, -1.0, -1.0, -1.0, -1.0, -1.0, -1.0, -1.0, -1.0]"
2025-05-07 20:44:02.190570,43.6325,0.913337,-0.0320519,1.07937,-0.389769,0.0,0.0,1,4973.75,8.03,42.0,0.19427980646199894,"[-1.0, -1.0, -1.0, -1.0, -1.0, -1.0, -1.0, -1.0, -1.0, -1.0, -1.0, -1.0, -1.0, -1.0, -1.0, -1.0, -1.0, -1.0, -1.0]"
2025-05-07 20:44:02.209013,43.5728,0.925771,-0.0319425,1.09706,-0.395107,0.0,0.0,1,4966.89,8.05,42.0,0.20733700646199882,"[-1.0, -1.0, -1.0, -1.0, -1.0, -1.0, -1.0, -1.0, -1.0, -1.0, -1.0, -1.0, -1.0, -1.0, -1.0, -1.0, -1.0, -1.0, -1.0]"
2025-05-07 20:44:02.235149,43.513,0.93786,-0.0318496,1.11495,-0.400507,0.0,0.0,1,4960.02,8.07,42.0,0.2213357064619994,"[-1.0, -1.0, -1.0, -1.0, -1.0, -1.0, -1.0, -1.0, -1.0, -1.0, -1.0, -1.0, -1.0, -1.0, -1.0, -1.0, -1.0, -1.0, -1.0]"
2025-05-07 20:44:02.248805,43.4531,0.949569,-0.0319784,1.13306,-0.405967,0.0,0.0,1,4953.14,8.09,42.0,0.23636390646199823,"[-1.0, -1.0, -1.0, -1.0, -1.0, -1.0, -1.0, -1.0, -1.0, -1.0, -1.0, -1.0, -1.0, -1.0, -1.0, -1.0, -1.0, -1.0, -1.0]"
2025-05-07 20:44:02.276929,43.393,0.960964,-0.0319689,1.15137,-0.411485,0.0,0.0,1,4946.23,8.11,42.0,0.25230060646199903,"[-1.0, -1.0, -1.0, -1.0, -1.0, -1.0, -1.0, -1.0, -1.0, -1.0, -1.0, -1.0, -1.0, -1.0, -1.0, -1.0, -1.0, -1.0, -1.0]"
2025-05-07 20:44:02.289949,43.2731,0.969739,-0.0319884,1.16986,-0.417089,0.0,0.0,1,4904.36,8.13,42.0,0.2690988064619986,"[-1.0, -1.0, -1.0, -1.0, -1.0, -1.0, -1.0, -1.0, -1.0, -1.0, -1.0, -1.0, -1.0, -1.0, -1.0, -1.0, -1.0, -1.0, -1.0]"
2025-05-07 20:44:02.311502,43.146,0.977266,-0.0320173,1.18852,-0.422784,0.0,0.0,1,4889.48,8.15,42.0,0.2867825064619992,"[-1.0, -1.0, -1.0, -1.0, -1.0, -1.0, -1.0, -1.0, -1.0, -1.0, -1.0, -1.0, -1.0, -1.0, -1.0, -1.0, -1.0, -1.0, -1.0]"
2025-05-07 20:44:02.333879,42.9643,1.37176,-0.0319829,1.20756,-0.42985,0.0,0.0,1,4868.28,8.17,42.0,0.3042577064619987,"[-1.0, -1.0, -1.0, -1.0, -1.0, -1.0, -1.0, -1.0, -1.0, -1.0, -1.0, -1.0, -1.0, -1.0, -1.0, -1.0, -1.0, -1.0, -1.0]"
2025-05-07 20:44:02.349187,42.8067,1.49636,-0.0319298,1.22718,-0.439479,0.0,0.0,1,4847.48,8.19,42.0,0.31987540646199875,"[-1.0, -1.0, -1.0, -1.0, -1.0, -1.0, -1.0, -1.0, -1.0, -1.0, -1.0, -1.0, -1.0, -1.0, -1.0, -1.0, -1.0, -1.0, -1.0]"
2025-05-07 20:44:02.370360,42.7071,1.06855,-0.0316704,1.2468,-0.446582,0.0,0.0,1,4840.18,8.21,42.0,0.3385231064619987,"[-1.0, -1.0, -1.0, -1.0, -1.0, -1.0, -1.0, -1.0, -1.0, -1.0, -1.0, -1.0, -1.0, -1.0, -1.0, -1.0, -1.0, -1.0, -1.0]"
2025-05-07 20:44:02.392076,42.5911,0.933737,-0.0311125,1.26634,-0.451978,0.0,0.0,1,4827.86,8.23,42.0,0.3604123064619993,"[-1.0, -1.0, -1.0, -1.0, -1.0, -1.0, -1.0, -1.0, -1.0, -1.0, -1.0, -1.0, -1.0, -1.0, -1.0, -1.0, -1.0, -1.0, -1.0]"
2025-05-07 20:44:02.412857,42.4694,0.911607,-0.0310074,1.28604,-0.457117,0.0,0.0,1,4814.36,8.25,42.0,0.384504006461999,"[-1.0, -1.0, -1.0, -1.0, -1.0, -1.0, -1.0, -1.0, -1.0, -1.0, -1.0, -1.0, -1.0, -1.0, -1.0, -1.0, -1.0, -1.0, -1.0]"
2025-05-07 20:44:02.431833,42.3458,0.932773,-0.0308028,1.30586,-0.462406,0.0,0.0,1,4800.56,8.27,42.0,0.40932570646199884,"[-1.0, -1.0, -1.0, -1.0, -1.0, -1.0, -1.0, -1.0, -1.0, -1.0, -1.0, -1.0, -1.0, -1.0, -1.0, -1.0, -1.0, -1.0, -1.0]"
2025-05-07 20:44:02.453055,42.2216,0.974533,-0.0305275,1.32586,-0.467968,0.0,0.0,1,4786.61,8.29,42.0,0.43504390646199875,"[-1.0, -1.0, -1.0, -1.0, -1.0, -1.0, -1.0, -1.0, -1.0, -1.0, -1.0, -1.0, -1.0, -1.0, -1.0, -1.0, -1.0, -1.0, -1.0]"
2025-05-07 20:44:02.470911,42.0983,1.01034,-0.0304555,1.34606,-0.473776,0.0,0.0,1,4772.74,8.31,42.0,0.46160310646199876,"[-1.0, -1.0, -1.0, -1.0, -1.0, -1.0, -1.0, -1.0, -1.0, -1.0, -1.0, -1.0, -1.0, -1.0, -1.0, -1.0, -1.0, -1.0, -1.0]"
2025-05-07 20:44:02.491012,41.9741,1.06311,-0.0304895,1.36648,-0.479864,0.00025900000000000033,0.0,1,4758.79,8.33,42.0,0.48897730646199833,"[-1.0, -1.0, -1.0, -1.0, -1.0, -1.0, -1.0, -1.0, -1.0, -1.0, -1.0, -1.0, -1.0, -1.0, -1.0, -1.0, -1.0, -1.0, -1.0]"
2025-05-07 20:44:02.511408,41.8494,1.12582,-0.0304473,1.3871,-0.486303,0.0015059999999999718,0.0,1,4744.77,8.35,42.0,0.5169360064619991,"[-1.0, -1.0, -1.0, -1.0, -1.0, -1.0, -1.0, -1.0, -1.0, -1.0, -1.0, -1.0, -1.0, -1.0, -1.0, -1.0, -1.0, -1.0, -1.0]"
2025-05-07 20:44:02.529029,41.7243,1.1954,-0.0302893,1.40798,-0.493132,0.002757000000000005,0.0,1,4730.69,8.37,42.0,0.5457157064619989,"[-1.0, -1.0, -1.0, -1.0, -1.0, -1.0, -1.0, -1.0, -1.0, -1.0, -1.0, -1.0, -1.0, -1.0, -1.0, -1.0, -1.0, -1.0, -1.0]"
2025-05-07 20:44:02.549181,41.5986,1.27071,-0.0303159,1.42913,-0.500381,0.0040140000000000245,0.0,1,4716.52,8.39,42.0,0.5751419064619987,"[-1.0, -1.0, -1.0, -1.0, -1.0, -1.0, -1.0, -1.0, -1.0, -1.0, -1.0, -1.0, -1.0, -1.0, -1.0, -1.0, -1.0, -1.0, -1.0]"
2025-05-07 20:44:02.572245,41.4723,1.35095,-0.0302732,1.45055,-0.508075,0.005277000000000029,0.0,1,4702.28,8.41,42.0,0.6051606064619987,"[-1.0, -1.0, -1.0, -1.0, -1.0, -1.0, -1.0, -1.0, -1.0, -1.0, -1.0, -1.0, -1.0, -1.0, -1.0, -1.0, -1.0, -1.0, -1.0]"
2025-05-07 20:44:02.590060,41.3454,1.43544,-0.0302432,1.47223,-0.516239,0.0065460000000000206,0.0,1,4687.94,8.43,42.0,0.6357103064619987,"[-1.0, -1.0, -1.0, -1.0, -1.0, -1.0, -1.0, -1.0, -1.0, -1.0, -1.0, -1.0, -1.0, -1.0, -1.0, -1.0, -1.0, -1.0, -1.0]"
2025-05-07 20:44:02.612122,41.2178,1.52389,-0.0301511,1.49427,-0.524894,0.00782200000000003,0.0,1,4673.51,8.45,42.0,0.667177506461999,"[-1.0, -1.0, -1.0, -1.0, -1.0, -1.0, -1.0, -1.0, -1.0, -1.0, -1.0, -1.0, -1.0, -1.0, -1.0, -1.0, -1.0, -1.0, -1.0]"
2025-05-07 20:44:02.631766,41.0897,1.61301,-0.0300251,1.5166,-0.534049,0.009102999999999995,0.0,1,4659.02,8.47,42.0,0.699004206461999,"[-1.0, -1.0, -1.0, -1.0, -1.0, -1.0, -1.0, -1.0, -1.0, -1.0, -1.0, -1.0, -1.0, -1.0, -1.0, -1.0, -1.0, -1.0, -1.0]"
2025-05-07 20:44:02.651676,40.962,1.69684,-0.0298732,1.53931,-0.543679,0.010379999999999967,0.0,1,4644.57,8.49,42.0,0.7317899064619988,"[-1.0, -1.0, -1.0, -1.0, -1.0, -1.0, -1.0, -1.0, -1.0, -1.0, -1.0, -1.0, -1.0, -1.0, -1.0, -1.0, -1.0, -1.0, -1.0]"
2025-05-07 20:44:02.669900,40.833,1.78625,-0.0296823,1.56232,-0.553793,0.011670000000000015,0.0,1,4629.97,8.51,42.0,0.764970106461999,"[-1.0, -1.0, -1.0, -1.0, -1.0, -1.0, -1.0, -1.0, -1.0, -1.0, -1.0, -1.0, -1.0, -1.0, -1.0, -1.0, -1.0, -1.0, -1.0]"
2025-05-07 20:44:02.690297,40.702,1.88616,-0.0293584,1.58574,-0.564453,0.012980000000000018,0.0,1,4615.05,8.53,42.0,0.7991193064619988,"[-1.0, -1.0, -1.0, -1.0, -1.0, -1.0, -1.0, -1.0, -1.0, -1.0, -1.0, -1.0, -1.0, -1.0, -1.0, -1.0, -1.0, -1.0, -1.0]"
2025-05-07 20:44:02.708670,40.5685,1.99548,-0.0290097,1.60953,-0.575725,0.014314999999999998,0.0,1,4599.82,8.55,42.0,0.8336790064619989,"[-1.0, -1.0, -1.0, -1.0, -1.0, -1.0, -1.0, -1.0, -1.0, -1.0, -1.0, -1.0, -1.0, -1.0, -1.0, -1.0, -1.0, -1.0, -1.0]"
2025-05-07 20:44:02.729763,40.4332,2.10987,-0.0286126,1.63372,-0.587651,0.015668000000000005,0.0,1,4584.32,8.57,42.0,0.8688372064619996,"[-1.0, -1.0, -1.0, -1.0, -1.0, -1.0, -1.0, -1.0, -1.0, -1.0, -1.0, -1.0, -1.0, -1.0, -1.0, -1.0, -1.0, -1.0, -1.0]"
2025-05-07 20:44:02.749466,40.2959,2.22772,-0.028169,1.65834,-0.600256,0.01704099999999997,0.0,1,4568.57,8.59,42.0,0.9045989064619984,"[-1.0, -1.0, -1.0, -1.0, -1.0, -1.0, -1.0, -1.0, -1.0, -1.0, -1.0, -1.0, -1.0, -1.0, -1.0, -1.0, -1.0, -1.0, -1.0]"
2025-05-07 20:44:02.768496,40.1565,2.34803,-0.0277392,1.68339,-0.613557,0.01843499999999999,0.0,1,4552.54,8.61,42.0,0.9408701064619991,"[-1.0, -1.0, -1.0, -1.0, -1.0, -1.0, -1.0, -1.0, -1.0, -1.0, -1.0, -1.0, -1.0, -1.0, -1.0, -1.0, -1.0, -1.0, -1.0]"
2025-05-07 20:44:02.790536,40.0153,2.47006,-0.0274657,1.7089,-0.62757,0.019846999999999965,0.0,1,4536.41,8.63,42.0,0.9777608064619996,"[-1.0, -1.0, -1.0, -1.0, -1.0, -1.0, -1.0, -1.0, -1.0, -1.0, -1.0, -1.0, -1.0, -1.0, -1.0, -1.0, -1.0, -1.0, -1.0]"
2025-05-07 20:44:02.810657,39.873,2.59313,-0.027072,1.73486,-0.642305,0.021270000000000025,0.0,1,4520.53,8.65,42.0,1.0,"[-1.0, -1.0, -1.0, -1.0, -1.0, -1.0, -1.0, -1.0, -1.0, -1.0, -1.0, -1.0, -1.0, -1.0, -1.0, -1.0, -1.0, -1.0, -1.0]"
2025-05-07 20:44:02.828580,39.7295,2.71709,-0.0266239,1.7613,-0.657771,0.022704999999999986,0.0,1,4504.5,8.67,42.0,1.0,"[-1.0, -1.0, -1.0, -1.0, -1.0, -1.0, -1.0, -1.0, -1.0, -1.0, -1.0, -1.0, -1.0, -1.0, -1.0, -1.0, -1.0, -1.0, -1.0]"
2025-05-07 20:44:02.850601,39.5848,2.84137,-0.0261001,1.78822,-0.673977,0.024151999999999986,0.0,1,4488.3,8.69,42.0,1.0,"[-1.0, -1.0, -1.0, -1.0, -1.0, -1.0, -1.0, -1.0, -1.0, -1.0, -1.0, -1.0, -1.0, -1.0, -1.0, -1.0, -1.0, -1.0, -1.0]"
2025-05-07 20:44:02.872255,39.4386,2.96545,-0.0255164,1.81565,-0.69093,0.02561399999999999,0.0,1,4471.93,8.71,42.0,1.0,"[-1.0, -1.0, -1.0, -1.0, -1.0, -1.0, -1.0, -1.0, -1.0, -1.0, -1.0, -1.0, -1.0, -1.0, -1.0, -1.0, -1.0, -1.0, -1.0]"
2025-05-07 20:44:02.894329,39.2911,3.08859,-0.0251393,1.84357,-0.708636,0.027089,0.0,1,4455.35,8.73,42.0,1.0,"[-1.0, -1.0, -1.0, -1.0, -1.0, -1.0, -1.0, -1.0, -1.0, -1.0, -1.0, -1.0, -1.0, -1.0, -1.0, -1.0, -1.0, -1.0, -1.0]"
2025-05-07 20:44:02.909930,39.1418,3.21127,-0.0246461,1.872,-0.7271,0.028581999999999965,0.0,1,4438.57,8.75,42.0,1.0,"[-1.0, -1.0, -1.0, -1.0, -1.0, -1.0, -1.0, -1.0, -1.0, -1.0, -1.0, -1.0, -1.0, -1.0, -1.0, -1.0, -1.0, -1.0, -1.0]"
2025-05-07 20:44:02.930951,38.9908,3.33253,-0.0240717,1.90092,-0.746329,0.030091999999999997,0.0,1,4421.57,8.77,42.0,1.0,"[-1.0, -1.0, -1.0, -1.0, -1.0, -1.0, -1.0, -1.0, -1.0, -1.0, -1.0, -1.0, -1.0, -1.0, -1.0, -1.0, -1.0, -1.0, -1.0]"
2025-05-07 20:44:02.949904,38.8378,3.45256,-0.0234146,1.93038,-0.766328,0.03162199999999998,0.0,1,4404.32,8.79,42.0,1.0,"[-1.0, -1.0, -1.0, -1.0, -1.0, -1.0, -1.0, -1.0, -1.0, -1.0, -1.0, -1.0, -1.0, -1.0, -1.0, -1.0, -1.0, -1.0, -1.0]"
2025-05-07 20:44:02.972347,38.6827,3.57048,-0.0226725,1.96032,-0.7871,0.03317300000000003,0.0,1,4386.81,8.81,42.0,1.0,"[-1.0, -1.0, -1.0, -1.0, -1.0, -1.0, -1.0, -1.0, -1.0, -1.0, -1.0, -1.0, -1.0, -1.0, -1.0, -1.0, -1.0, -1.0, -1.0]"
2025-05-07 20:44:02.993456,38.5254,3.68631,-0.0219624,1.99077,-0.808651,0.03474600000000003,0.0,1,4369.0,8.83,42.0,1.0,"[-1.0, -1.0, -1.0, -1.0, -1.0, -1.0, -1.0, -1.0, -1.0, -1.0, -1.0, -1.0, -1.0, -1.0, -1.0, -1.0, -1.0, -1.0, -1.0]"
2025-05-07 20:44:03.013242,38.3656,3.79921,-0.0212365,2.02171,-0.830985,0.036343999999999994,0.0,1,4350.94,8.85,42.0,1.0,"[-1.0, -1.0, -1.0, -1.0, -1.0, -1.0, -1.0, -1.0, -1.0, -1.0, -1.0, -1.0, -1.0, -1.0, -1.0, -1.0, -1.0, -1.0, -1.0]"
2025-05-07 20:44:03.029379,38.2035,3.90876,-0.0204759,2.05313,-0.854101,0.03796500000000002,0.0,1,4332.56,8.87,42.0,1.0,"[-1.0, -1.0, -1.0, -1.0, -1.0, -1.0, -1.0, -1.0, -1.0, -1.0, -1.0, -1.0, -1.0, -1.0, -1.0, -1.0, -1.0, -1.0, -1.0]"
2025-05-07 20:44:03.052444,38.0387,4.01459,-0.0196161,2.08503,-0.878003,0.039613000000000016,0.0,1,4313.88,8.89,42.0,1.0,"[-1.0, -1.0, -1.0, -1.0, -1.0, -1.0, -1.0, -1.0, -1.0, -1.0, -1.0, -1.0, -1.0, -1.0, -1.0, -1.0, -1.0, -1.0, -1.0]"
2025-05-07 20:44:03.071781,37.8712,4.11614,-0.0186987,2.11737,-0.90269,0.041287999999999984,0.0,1,4294.88,8.91,42.0,1.0,"[-1.0, -1.0, -1.0, -1.0, -1.0, -1.0, -1.0, -1.0, -1.0, -1.0, -1.0, -1.0, -1.0, -1.0, -1.0, -1.0, -1.0, -1.0, -1.0]"
2025-05-07 20:44:03.094681,37.7008,4.21297,-0.0177669,2.15015,-0.92816,0.04299199999999999,0.0,1,4275.54,8.93,42.0,-1.0,"[-1.0, -1.0, -1.0, -1.0, -1.0, -1.0, -1.0, -1.0, -1.0, -1.0, -1.0, -1.0, -1.0, -1.0, -1.0, -1.0, -1.0, -1.0, -1.0]"
2025-05-07 20:44:03.113418,37.5339,4.29321,-0.0167985,2.18335,-0.954362,0.04466099999999997,0.0,1,4256.64,8.95,42.0,0.7710701064619987,"[-1.0, -1.0, -1.0, -1.0, -1.0, -1.0, -1.0, -1.0, -1.0, -1.0, -1.0, -1.0, -1.0, -1.0, -1.0, -1.0, -1.0, -1.0, -1.0]"
2025-05-07 20:44:03.129783,37.3805,4.34174,-0.0157622,2.21695,-0.981119,0.04619500000000002,0.0,1,4239.45,8.97,42.0,0.7606336064620005,"[-1.0, -1.0, -1.0, -1.0, -1.0, -1.0, -1.0, -1.0, -1.0, -1.0, -1.0, -1.0, -1.0, -1.0, -1.0, -1.0, -1.0, -1.0, -1.0]"
2025-05-07 20:44:03.151237,37.2379,4.36852,-0.0146524,2.25091,-1.00821,0.04762099999999997,0.0,1,4223.87,8.99,42.0,0.7515261064619994,"[-1.0, -1.0, -1.0, -1.0, -1.0, -1.0, -1.0, -1.0, -1.0, -1.0, -1.0, -1.0, -1.0, -1.0, -1.0, -1.0, -1.0, -1.0, -1.0]"
2025-05-07 20:44:03.173038,37.1033,4.3829,-0.0134669,2.28522,-1.03547,0.048967000000000024,0.0,1,4209.46,9.01,42.0,0.7440956064619986,"[-1.0, -1.0, -1.0, -1.0, -1.0, -1.0, -1.0, -1.0, -1.0, -1.0, -1.0, -1.0, -1.0, -1.0, -1.0, -1.0, -1.0, -1.0, -1.0]"
2025-05-07 20:44:03.195413,36.9743,4.39159,-0.0122553,2.31985,-1.06279,0.050257,0.0,1,4195.87,9.03,42.0,0.7384406064620004,"[-1.0, -1.0, -1.0, -1.0, -1.0, -1.0, -1.0, -1.0, -1.0, -1.0, -1.0, -1.0, -1.0, -1.0, -1.0, -1.0, -1.0, -1.0, -1.0]"
2025-05-07 20:44:03.210689,36.8495,4.39865,-0.0111116,2.35476,-1.09009,0.05150500000000001,0.0,1,4182.88,9.05,42.0,0.7346371064619994,"[-1.0, -1.0, -1.0, -1.0, -1.0, -1.0, -1.0, -1.0, -1.0, -1.0, -1.0, -1.0, -1.0, -1.0, -1.0, -1.0, -1.0, -1.0, -1.0]"
2025-05-07 20:44:03.231818,36.7281,4.40642,-0.00999712,2.38991,-1.11731,0.05271900000000002,0.0,1,4170.36,9.07,42.0,0.7327591064619985,"[-1.0, -1.0, -1.0, -1.0, -1.0, -1.0, -1.0, -1.0, -1.0, -1.0, -1.0, -1.0, -1.0, -1.0, -1.0, -1.0, -1.0, -1.0, -1.0]"
2025-05-07 20:44:03.251605,36.6096,4.41588,-0.00897608,2.42529,-1.14444,0.053903999999999994,0.0,1,4158.2,9.09,42.0,0.7329161064619993,"[-1.0, -1.0, -1.0, -1.0, -1.0, -1.0, -1.0, -1.0, -1.0, -1.0, -1.0, -1.0, -1.0, -1.0, -1.0, -1.0, -1.0, -1.0, -1.0]"
2025-05-07 20:44:03.269882,36.4939,4.42713,-0.0081172,2.46087,-1.17146,0.055061000000000034,0.0,1,4146.35,9.11,42.0,0.7350671064619987,"[-1.0, -1.0, -1.0, -1.0, -1.0, -1.0, -1.0, -1.0, -1.0, -1.0, -1.0, -1.0, -1.0, -1.0, -1.0, -1.0, -1.0, -1.0, -1.0]"
2025-05-07 20:44:03.288585,36.3808,4.44012,-0.00728119,2.4966,-1.19836,0.05619199999999999,0.0,1,4134.8,9.13,42.0,0.739139606461999,"[-1.0, -1.0, -1.0, -1.0, -1.0, -1.0, -1.0, -1.0, -1.0, -1.0, -1.0, -1.0, -1.0, -1.0, -1.0, -1.0, -1.0, -1.0, -1.0]"
2025-05-07 20:44:03.310227,36.2704,4.45438,-0.00644158,2.53256,-1.22513,0.05729599999999998,0.0,1,4123.53,9.15,42.0,0.7456061064619997,"[-1.0, -1.0, -1.0, -1.0, -1.0, -1.0, -1.0, -1.0, -1.0, -1.0, -1.0, -1.0, -1.0, -1.0, -1.0, -1.0, -1.0, -1.0, -1.0]"
2025-05-07 20:44:03.328420,11.5121,-3.78966,-0.00439777,2.55713,-1.25179,0.304879,0.0,1,3934.51,9.17,42.0,0.7106331064619984,"[-1.0, -1.0, -1.0, -1.0, -1.0, -1.0, -1.0, -1.0, -1.0, -1.0, -1.0, -1.0, -1.0, -1.0, -1.0, -1.0, -1.0, -1.0, -1.0]"
2025-05-07 20:44:03.351668,3.64978,-6.39439,0.0132571,2.55577,-1.27934,0.3835022,0.0,1,1104.18,9.19,42.0,0.6124861064619991,"[-1.0, -1.0, -1.0, -1.0, -1.0, -1.0, -1.0, -1.0, -1.0, -1.0, -1.0, -1.0, -1.0, -1.0, -1.0, -1.0, -1.0, -1.0, -1.0]"
2025-05-07 20:44:03.369130,3.15806,-5.74877,0.0264867,2.55722,-1.30495,0.3884194,0.0,1,942.478,9.21,42.0,0.6055086064619997,"[-1.0, -1.0, -1.0, -1.0, -1.0, -1.0, -1.0, -1.0, -1.0, -1.0, -1.0, -1.0, -1.0, -1.0, -1.0, -1.0, -1.0, -1.0, -1.0]"
2025-05-07 20:44:03.389912,2.73538,-4.83289,0.0303417,2.55866,-1.32646,0.3926462,0.0,1,942.478,9.23,42.0,0.5962861064619998,"[-1.0, -1.0, -1.0, -1.0, -1.0, -1.0, -1.0, -1.0, -1.0, -1.0, -1.0, -1.0, -1.0, -1.0, -1.0, -1.0, -1.0, -1.0, -1.0]"
2025-05-07 20:44:03.409719,2.4248,-3.98623,0.0268085,2.56006,-1.34486,0.39575200000000005,0.0,1,942.478,9.25,42.0,0.5916806064619986,"[-1.0, -1.0, -1.0, -1.0, -1.0, -1.0, -1.0, -1.0, -1.0, -1.0, -1.0, -1.0, -1.0, -1.0, -1.0, -1.0, -1.0, -1.0, -1.0]"
2025-05-07 20:44:03.428730,2.05785,-3.22082,0.0171835,2.56132,-1.36019,0.3994215,0.0,1,942.478,9.27,42.0,0.5913451064619992,"[-1.0, -1.0, -1.0, -1.0, -1.0, -1.0, -1.0, -1.0, -1.0, -1.0, -1.0, -1.0, -1.0, -1.0, -1.0, -1.0, -1.0, -1.0, -1.0]"
2025-05-07 20:44:03.449638,1.59907,-2.61913,0.00817073,2.56246,-1.3726,0.4040093,0.0,1,942.478,9.29,42.0,0.5954226064620007,"[-1.0, -1.0, -1.0, -1.0, -1.0, -1.0, -1.0, -1.0, -1.0, -1.0, -1.0, -1.0, -1.0, -1.0, -1.0, -1.0, -1.0, -1.0, -1.0]"
2025-05-07 20:44:03.470675,1.22123,-1.95887,0.0014725,2.56332,-1.38208,0.40778770000000003,0.0,1,942.478,9.31,42.0,0.6032621064619992,"[-1.0, -1.0, -1.0, -1.0, -1.0, -1.0, -1.0, -1.0, -1.0, -1.0, -1.0, -1.0, -1.0, -1.0, -1.0, -1.0, -1.0, -1.0, -1.0]"
2025-05-07 20:44:03.490984,0.997687,-1.39279,-0.00279656,2.56401,-1.38885,0.41002313,0.0,1,942.478,9.33,42.0,0.6154121064620002,"[-1.0, -1.0, -1.0, -1.0, -1.0, -1.0, -1.0, -1.0, -1.0, -1.0, -1.0, -1.0, -1.0, -1.0, -1.0, -1.0, -1.0, -1.0, -1.0]"
2025-05-07 20:44:03.512172,0.647209,-0.871813,-0.00492795,2.56441,-1.39315,0.41352791000000005,0.0,1,942.478,9.35,42.0,0.630724106462,"[-1.0, -1.0, -1.0, -1.0, -1.0, -1.0, -1.0, -1.0, -1.0, -1.0, -1.0, -1.0, -1.0, -1.0, -1.0, -1.0, -1.0, -1.0, -1.0]"
2025-05-07 20:44:03.531098,0.425458,-0.545609,-0.00543876,2.56465,-1.3957,0.41574542000000003,0.0,1,942.478,9.37,42.0,0.648951106461999,"[-1.0, -1.0, -1.0, -1.0, -1.0, -1.0, -1.0, -1.0, -1.0, -1.0, -1.0, -1.0, -1.0, -1.0, -1.0, -1.0, -1.0, -1.0, -1.0]"
2025-05-07 20:44:03.552723,0.219123,-0.341417,-0.00498239,2.56483,-1.39716,0.41780876999999994,0.0,1,942.478,9.39,42.0,0.6690801064620007,"[-1.0, -1.0, -1.0, -1.0, -1.0, -1.0, -1.0, -1.0, -1.0, -1.0, -1.0, -1.0, -1.0, -1.0, -1.0, -1.0, -1.0, -1.0, -1.0]"
2025-05-07 20:44:03.568401,0.110412,-0.203277,-0.00393156,2.56483,-1.39785,0.41889588000000005,0.0,1,942.478,9.41,42.0,0.6898781064619999,"[-1.0, -1.0, -1.0, -1.0, -1.0, -1.0, -1.0, -1.0, -1.0, -1.0, -1.0, -1.0, -1.0, -1.0, -1.0, -1.0, -1.0, -1.0, -1.0]"
2025-05-07 20:44:03.590898,0.114428,-0.072963,-0.00265808,2.56483,-1.39792,0.41885572000000004,0.0,1,942.478,9.43,42.0,0.7121461064619998,"[-1.0, -1.0, -1.0, -1.0, -1.0, -1.0, -1.0, -1.0, -1.0, -1.0, -1.0, -1.0, -1.0, -1.0, -1.0, -1.0, -1.0, -1.0, -1.0]"
2025-05-07 20:44:03.612146,0.0231306,-0.0641339,-0.00139904,2.56487,-1.39784,0.419768694,0.0,1,942.478,9.45,42.0,0.7347891064619998,"[-1.0, -1.0, -1.0, -1.0, -1.0, -1.0, -1.0, -1.0, -1.0, -1.0, -1.0, -1.0, -1.0, -1.0, -1.0, -1.0, -1.0, -1.0, -1.0]"
2025-05-07 20:44:03.631491,0.174007,-0.0266683,-0.000241598,2.56487,-1.39776,0.41825992999999995,0.0,1,942.478,9.47,42.0,0.7571641064619996,"[-1.0, -1.0, -1.0, -1.0, -1.0, -1.0, -1.0, -1.0, -1.0, -1.0, -1.0, -1.0, -1.0, -1.0, -1.0, -1.0, -1.0, -1.0, -1.0]"
2025-05-07 20:44:03.650683,0.145437,-0.0257134,0.000882696,2.56485,-1.3975,0.41854563,0.0,1,942.478,9.49,42.0,0.779854106461999,"[-1.0, -1.0, -1.0, -1.0, -1.0, -1.0, -1.0, -1.0, -1.0, -1.0, -1.0, -1.0, -1.0, -1.0, -1.0, -1.0, -1.0, -1.0, -1.0]"
2025-05-07 20:44:03.670160,0.183369,0.0204804,0.00179069,2.56487,-1.39733,0.41816631,0.0,1,942.478,9.51,42.0,0.8026181064620004,"[-1.0, -1.0, -1.0, -1.0, -1.0, -1.0, -1.0, -1.0, -1.0, -1.0, -1.0, -1.0, -1.0, -1.0, -1.0, -1.0, -1.0, -1.0, -1.0]"
2025-05-07 20:44:03.691359,0.139764,-0.0251314,0.00247458,2.56485,-1.39726,0.41860236,0.0,1,942.478,9.53,42.0,0.8249631064619991,"[-1.0, -1.0, -1.0, -1.0, -1.0, -1.0, -1.0, -1.0, -1.0, -1.0, -1.0, -1.0, -1.0, -1.0, -1.0, -1.0, -1.0, -1.0, -1.0]"
2025-05-07 20:44:03.711878,0.037354,-0.041185,0.00281694,2.56485,-1.39746,0.41962646,0.0,1,942.478,9.55,42.0,0.8470971064619994,"[-1.0, -1.0, -1.0, -1.0, -1.0, -1.0, -1.0, -1.0, -1.0, -1.0, -1.0, -1.0, -1.0, -1.0, -1.0, -1.0, -1.0, -1.0, -1.0]"
2025-05-07 20:44:03.730820,-0.0408131,-0.0239245,0.00279392,2.56483,-1.3973,0.420408131,0.0,1,942.478,9.57,42.0,0.8696361064620004,"[-1.0, -1.0, -1.0, -1.0, -1.0, -1.0, -1.0, -1.0, -1.0, -1.0, -1.0, -1.0, -1.0, -1.0, -1.0, -1.0, -1.0, -1.0, -1.0]"
2025-05-07 20:44:03.750961,0.00869799,-0.053724,0.00224243,2.56483,-1.39738,0.4199130201,0.0,1,942.478,9.59,42.0,0.8919491064619995,"[-1.0, -1.0, -1.0, -1.0, -1.0, -1.0, -1.0, -1.0, -1.0, -1.0, -1.0, -1.0, -1.0, -1.0, -1.0, -1.0, -1.0, -1.0, -1.0]"
2025-05-07 20:44:03.770933,-0.0135234,-0.0422759,0.0016503,2.56483,-1.3974,0.42013523399999997,0.0,1,942.478,9.61,42.0,0.9142921064619998,"[-1.0, -1.0, -1.0, -1.0, -1.0, -1.0, -1.0, -1.0, -1.0, -1.0, -1.0, -1.0, -1.0, -1.0, -1.0, -1.0, -1.0, -1.0, -1.0]"
2025-05-07 20:44:03.792609,0.00668863,-0.0493064,0.00107044,2.56483,-1.3974,0.4199331137,0.0,1,942.478,9.63,42.0,0.9366651064619997,"[-1.0, -1.0, -1.0, -1.0, -1.0, -1.0, -1.0, -1.0, -1.0, -1.0, -1.0, -1.0, -1.0, -1.0, -1.0, -1.0, -1.0, -1.0, -1.0]"
2025-05-07 20:44:03.809105,0.0649113,-0.0298129,0.000441338,2.56483,-1.39743,0.419350887,0.0,1,942.478,9.65,42.0,0.9589931064619996,"[-1.0, -1.0, -1.0, -1.0, -1.0, -1.0, -1.0, -1.0, -1.0, -1.0, -1.0, -1.0, -1.0, -1.0, -1.0, -1.0, -1.0, -1.0, -1.0]"
2025-05-07 20:44:03.831043,0.044569,-0.0114231,-2.18248e-05,2.56483,-1.39732,0.41955431,0.0,1,942.478,9.67,42.0,0.9815311064619996,"[-1.0, -1.0, -1.0, -1.0, -1.0, -1.0, -1.0, -1.0, -1.0, -1.0, -1.0, -1.0, -1.0, -1.0, -1.0, -1.0, -1.0, -1.0, -1.0]"
2025-05-07 20:44:03.850035,0.101075,-0.0367154,-0.000340811,2.56483,-1.39742,0.41898925,0.0,1,942.478,9.69,42.0,1.0,"[-1.0, -1.0, -1.0, -1.0, -1.0, -1.0, -1.0, -1.0, -1.0, -1.0, -1.0, -1.0, -1.0, -1.0, -1.0, -1.0, -1.0, -1.0, -1.0]"
2025-05-07 20:44:03.871685,0.0379955,-0.0191601,-0.000559027,2.56481,-1.39717,0.419620045,0.0,1,942.478,9.71,42.0,1.0,"[-1.0, -1.0, -1.0, -1.0, -1.0, -1.0, -1.0, -1.0, -1.0, -1.0, -1.0, -1.0, -1.0, -1.0, -1.0, -1.0, -1.0, -1.0, -1.0]"
2025-05-07 20:44:03.890262,0.0898113,-0.0364389,-0.000670613,2.56481,-1.39716,0.419101887,0.0,1,942.478,9.73,42.0,1.0,"[-1.0, -1.0, -1.0, -1.0, -1.0, -1.0, -1.0, -1.0, -1.0, -1.0, -1.0, -1.0, -1.0, -1.0, -1.0, -1.0, -1.0, -1.0, -1.0]"
2025-05-07 20:44:03.912543,0.0504016,-0.0142097,-0.000692152,2.56476,-1.39687,0.419495984,0.0,1,942.478,9.75,42.0,1.0,"[-1.0, -1.0, -1.0, -1.0, -1.0, -1.0, -1.0, -1.0, -1.0, -1.0, -1.0, -1.0, -1.0, -1.0, -1.0, -1.0, -1.0, -1.0, -1.0]"
2025-05-07 20:44:03.928906,0.0820588,-0.0306247,-0.000620703,2.56476,-1.39684,0.41917941200000003,0.0,1,942.478,9.77,42.0,1.0,"[-1.0, -1.0, -1.0, -1.0, -1.0, -1.0, -1.0, -1.0, -1.0, -1.0, -1.0, -1.0, -1.0, -1.0, -1.0, -1.0, -1.0, -1.0, -1.0]"
2025-05-07 20:44:03.949829,0.0459088,-0.011899,-0.000499012,2.56476,-1.3967,0.419540912,0.0,1,942.478,9.79,42.0,1.0,"[-1.0, -1.0, -1.0, -1.0, -1.0, -1.0, -1.0, -1.0, -1.0, -1.0, -1.0, -1.0, -1.0, -1.0, -1.0, -1.0, -1.0, -1.0, -1.0]"
2025-05-07 20:44:03.968550,0.124431,-0.036292,-0.00045026,2.56479,-1.39692,0.41875569,0.0,1,942.478,9.81,42.0,1.0,"[-1.0, -1.0, -1.0, -1.0, -1.0, -1.0, -1.0, -1.0, -1.0, -1.0, -1.0, -1.0, -1.0, -1.0, -1.0, -1.0, -1.0, -1.0, -1.0]"
2025-05-07 20:44:03.989323,0.13969,-0.0210537,-0.000270321,2.56481,-1.39694,0.4186031,0.0,1,942.478,9.83,42.0,1.0,"[-1.0, -1.0, -1.0, -1.0, -1.0, -1.0, -1.0, -1.0, -1.0, -1.0, -1.0, -1.0, -1.0, -1.0, -1.0, -1.0, -1.0, -1.0, -1.0]"
2025-05-07 20:44:04.012147,0.0857679,-0.0386786,-0.000167488,2.56479,-1.39701,0.419142321,0.0,1,942.478,9.85,42.0,1.0,"[-1.0, -1.0, -1.0, -1.0, -1.0, -1.0, -1.0, -1.0, -1.0, -1.0, -1.0, -1.0, -1.0, -1.0, -1.0, -1.0, -1.0, -1.0, -1.0]"
2025-05-07 20:44:04.030537,0.0818737,0.00150279,-0.000229928,2.56474,-1.39661,0.41918126299999997,0.0,1,942.478,9.87,42.0,1.0,"[-1.0, -1.0, -1.0, -1.0, -1.0, -1.0, -1.0, -1.0, -1.0, -1.0, -1.0, -1.0, -1.0, -1.0, -1.0, -1.0, -1.0, -1.0, -1.0]"
2025-05-07 20:44:04.050037,0.0809517,-0.0164124,-0.000207372,2.56474,-1.39656,0.419190483,0.0,1,942.478,9.89,42.0,1.0,"[-1.0, -1.0, -1.0, -1.0, -1.0, -1.0, -1.0, -1.0, -1.0, -1.0, -1.0, -1.0, -1.0, -1.0, -1.0, -1.0, -1.0, -1.0, -1.0]"
2025-05-07 20:44:04.069819,0.0648222,-0.028029,-0.000139625,2.56474,-1.39655,0.419351778,0.0,1,942.478,9.91,42.0,1.0,"[-1.0, -1.0, -1.0, -1.0, -1.0, -1.0, -1.0, -1.0, -1.0, -1.0, -1.0, -1.0, -1.0, -1.0, -1.0, -1.0, -1.0, -1.0, -1.0]"
2025-05-07 20:44:04.088750,0.0925648,-0.0356486,-3.46351e-06,2.56474,-1.3966,0.41907435200000004,0.0,1,942.478,9.93,42.0,1.0,"[-1.0, -1.0, -1.0, -1.0, -1.0, -1.0, -1.0, -1.0, -1.0, -1.0, -1.0, -1.0, -1.0, -1.0, -1.0, -1.0, -1.0, -1.0, -1.0]"
2025-05-07 20:44:04.110149,0.0848154,0.00156701,-7.56135e-05,2.5647,-1.39622,0.41915184600000005,0.0,1,942.478,9.95,42.0,1.0,"[-1.0, -1.0, -1.0, -1.0, -1.0, -1.0, -1.0, -1.0, -1.0, -1.0, -1.0, -1.0, -1.0, -1.0, -1.0, -1.0, -1.0, -1.0, -1.0]"
2025-05-07 20:44:04.130159,0.0819147,-0.0142551,-8.61138e-05,2.5647,-1.39618,0.419180853,0.0,1,942.478,9.97,42.0,1.0,"[-1.0, -1.0, -1.0, -1.0, -1.0, -1.0, -1.0, -1.0, -1.0, -1.0, -1.0, -1.0, -1.0, -1.0, -1.0, -1.0, -1.0, -1.0, -1.0]"
2025-05-07 20:44:04.151802,0.0664088,-0.0274079,-2.45506e-05,2.5647,-1.39617,0.41933591200000003,0.0,1,942.478,9.99,42.0,1.0,"[-1.0, -1.0, -1.0, -1.0, -1.0, -1.0, -1.0, -1.0, -1.0, -1.0, -1.0, -1.0, -1.0, -1.0, -1.0, -1.0, -1.0, -1.0, -1.0]"
2025-05-07 20:44:04.170178,0.0914717,-0.0321337,9.08403e-05,2.5647,-1.39623,0.41908528300000003,0.0,1,942.478,10.01,42.0,1.0,"[-1.0, -1.0, -1.0, -1.0, -1.0, -1.0, -1.0, -1.0, -1.0, -1.0, -1.0, -1.0, -1.0, -1.0, -1.0, -1.0, -1.0, -1.0, -1.0]"
2025-05-07 20:44:04.190112,0.0462105,-0.0182967,0.00017263,2.5647,-1.39605,0.419537895,0.0,1,942.478,10.03,42.0,1.0,"[-1.0, -1.0, -1.0, -1.0, -1.0, -1.0, -1.0, -1.0, -1.0, -1.0, -1.0, -1.0, -1.0, -1.0, -1.0, -1.0, -1.0, -1.0, -1.0]"
2025-05-07 20:44:04.208604,0.0931182,-0.0600767,0.000157043,2.5647,-1.3962,0.419068818,0.0,1,942.478,10.05,42.0,1.0,"[-1.0, -1.0, -1.0, -1.0, -1.0, -1.0, -1.0, -1.0, -1.0, -1.0, -1.0, -1.0, -1.0, -1.0, -1.0, -1.0, -1.0, -1.0, -1.0]"
2025-05-07 20:44:04.230200,0.0640646,-0.0310379,0.000146262,2.5647,-1.3962,0.41935935399999996,0.0,1,942.478,10.07,42.0,1.0,"[-1.0, -1.0, -1.0, -1.0, -1.0, -1.0, -1.0, -1.0, -1.0, -1.0, -1.0, -1.0, -1.0, -1.0, -1.0, -1.0, -1.0, -1.0, -1.0]"
2025-05-07 20:44:04.250789,0.0873412,-0.0317836,0.000125054,2.5647,-1.39627,0.419126588,0.0,1,942.478,10.09,42.0,1.0,"[-1.0, -1.0, -1.0, -1.0, -1.0, -1.0, -1.0, -1.0, -1.0, -1.0, -1.0, -1.0, -1.0, -1.0, -1.0, -1.0, -1.0, -1.0, -1.0]"
2025-05-07 20:44:04.270681,0.0723576,-0.0125118,8.90636e-05,2.5647,-1.39612,0.41927642400000004,0.0,1,942.478,10.11,42.0,1.0,"[-1.0, -1.0, -1.0, -1.0, -1.0, -1.0, -1.0, -1.0, -1.0, -1.0, -1.0, -1.0, -1.0, -1.0, -1.0, -1.0, -1.0, -1.0, -1.0]"
2025-05-07 20:44:04.290094,0.0931878,-0.0325342,4.88135e-05,2.5647,-1.39623,0.419068122,0.0,1,942.478,10.13,42.0,1.0,"[-1.0, -1.0, -1.0, -1.0, -1.0, -1.0, -1.0, -1.0, -1.0, -1.0, -1.0, -1.0, -1.0, -1.0, -1.0, -1.0, -1.0, -1.0, -1.0]"
2025-05-07 20:44:04.311130,0.0288494,-0.0407169,-0.000239023,2.56468,-1.39597,0.419711506,0.0,1,942.478,10.15,42.0,1.0,"[-1.0, -1.0, -1.0, -1.0, -1.0, -1.0, -1.0, -1.0, -1.0, -1.0, -1.0, -1.0, -1.0, -1.0, -1.0, -1.0, -1.0, -1.0, -1.0]"
2025-05-07 20:44:04.330186,0.0893056,-0.0196377,-0.000273871,2.56468,-1.39596,0.419106944,0.0,1,942.478,10.17,42.0,1.0,"[-1.0, -1.0, -1.0, -1.0, -1.0, -1.0, -1.0, -1.0, -1.0, -1.0, -1.0, -1.0, -1.0, -1.0, -1.0, -1.0, -1.0, -1.0, -1.0]"
2025-05-07 20:44:04.350446,0.0692566,-0.0318471,-0.000199065,2.56468,-1.39598,0.419307434,0.0,1,942.478,10.19,42.0,1.0,"[-1.0, -1.0, -1.0, -1.0, -1.0, -1.0, -1.0, -1.0, -1.0, -1.0, -1.0, -1.0, -1.0, -1.0, -1.0, -1.0, -1.0, -1.0, -1.0]"
2025-05-07 20:44:04.368360,0.0904648,-0.0305826,-0.000127639,2.56468,-1.39603,0.41909535200000003,0.0,1,942.478,10.21,42.0,1.0,"[-1.0, -1.0, -1.0, -1.0, -1.0, -1.0, -1.0, -1.0, -1.0, -1.0, -1.0, -1.0, -1.0, -1.0, -1.0, -1.0, -1.0, -1.0, -1.0]"
2025-05-07 20:44:04.389841,0.0779417,-0.0096965,6.05128e-06,2.56468,-1.39598,0.41922058300000004,0.0,1,942.478,10.23,42.0,1.0,"[-1.0, -1.0, -1.0, -1.0, -1.0, -1.0, -1.0, -1.0, -1.0, -1.0, -1.0, -1.0, -1.0, -1.0, -1.0, -1.0, -1.0, -1.0, -1.0]"
2025-05-07 20:44:04.408912,0.11061,-0.0375324,0.000126101,2.5647,-1.39609,0.4188939,0.0,1,942.478,10.25,42.0,1.0,"[-1.0, -1.0, -1.0, -1.0, -1.0, -1.0, -1.0, -1.0, -1.0, -1.0, -1.0, -1.0, -1.0, -1.0, -1.0, -1.0, -1.0, -1.0, -1.0]"
2025-05-07 20:44:04.428378,0.0436416,-0.0210619,0.000147343,2.56468,-1.39589,0.419563584,0.0,1,942.478,10.27,42.0,1.0,"[-1.0, -1.0, -1.0, -1.0, -1.0, -1.0, -1.0, -1.0, -1.0, -1.0, -1.0, -1.0, -1.0, -1.0, -1.0, -1.0, -1.0, -1.0, -1.0]"
2025-05-07 20:44:04.450152,0.085061,-0.0303538,0.000161252,2.56468,-1.3959,0.41914938999999996,0.0,1,942.478,10.29,42.0,1.0,"[-1.0, -1.0, -1.0, -1.0, -1.0, -1.0, -1.0, -1.0, -1.0, -1.0, -1.0, -1.0, -1.0, -1.0, -1.0, -1.0, -1.0, -1.0, -1.0]"
2025-05-07 20:44:04.470035,0.0431652,-0.0178568,0.00013412,2.56465,-1.3957,0.41956834800000004,0.0,1,942.478,10.31,42.0,1.0,"[-1.0, -1.0, -1.0, -1.0, -1.0, -1.0, -1.0, -1.0, -1.0, -1.0, -1.0, -1.0, -1.0, -1.0, -1.0, -1.0, -1.0, -1.0, -1.0]"
2025-05-07 20:44:04.488877,0.099042,-0.0477006,0.000136251,2.56465,-1.39579,0.41900958000000005,0.0,1,942.478,10.33,42.0,1.0,"[-1.0, -1.0, -1.0, -1.0, -1.0, -1.0, -1.0, -1.0, -1.0, -1.0, -1.0, -1.0, -1.0, -1.0, -1.0, -1.0, -1.0, -1.0, -1.0]"
2025-05-07 20:44:04.509079,0.0492764,-0.0270272,8.19836e-05,2.56465,-1.39564,0.41950723600000006,0.0,1,942.478,10.35,42.0,1.0,"[-1.0, -1.0, -1.0, -1.0, -1.0, -1.0, -1.0, -1.0, -1.0, -1.0, -1.0, -1.0, -1.0, -1.0, -1.0, -1.0, -1.0, -1.0, -1.0]"
2025-05-07 20:44:04.528350,0.0938113,-0.0354091,5.58314e-05,2.56465,-1.39568,0.419061887,0.0,1,942.478,10.37,42.0,1.0,"[-1.0, -1.0, -1.0, -1.0, -1.0, -1.0, -1.0, -1.0, -1.0, -1.0, -1.0, -1.0, -1.0, -1.0, -1.0, -1.0, -1.0, -1.0, -1.0]"
2025-05-07 20:44:04.548740,0.089728,-0.0272987,-0.000191335,2.56463,-1.3954,0.41910272,0.0,1,942.478,10.39,42.0,1.0,"[-1.0, -1.0, -1.0, -1.0, -1.0, -1.0, -1.0, -1.0, -1.0, -1.0, -1.0, -1.0, -1.0, -1.0, -1.0, -1.0, -1.0, -1.0, -1.0]"
2025-05-07 20:44:04.568996,0.104145,-0.0163153,-0.000269107,2.56463,-1.39542,0.41895855,0.0,1,942.478,10.41,42.0,1.0,"[-1.0, -1.0, -1.0, -1.0, -1.0, -1.0, -1.0, -1.0, -1.0, -1.0, -1.0, -1.0, -1.0, -1.0, -1.0, -1.0, -1.0, -1.0, -1.0]"
2025-05-07 20:44:04.589544,0.135752,-0.017154,-0.00019546,2.56465,-1.39543,0.41864248000000004,0.0,1,942.478,10.43,42.0,1.0,"[-1.0, -1.0, -1.0, -1.0, -1.0, -1.0, -1.0, -1.0, -1.0, -1.0, -1.0, -1.0, -1.0, -1.0, -1.0, -1.0, -1.0, -1.0, -1.0]"
2025-05-07 20:44:04.608735,0.0846092,-0.0318285,-0.000116128,2.56463,-1.39549,0.41915390799999996,0.0,1,942.478,10.45,42.0,1.0,"[-1.0, -1.0, -1.0, -1.0, -1.0, -1.0, -1.0, -1.0, -1.0, -1.0, -1.0, -1.0, -1.0, -1.0, -1.0, -1.0, -1.0, -1.0, -1.0]"
2025-05-07 20:44:04.629937,0.0605512,-0.0239352,4.45167e-05,2.56463,-1.39545,0.419394488,0.0,1,942.478,10.47,42.0,1.0,"[-1.0, -1.0, -1.0, -1.0, -1.0, -1.0, -1.0, -1.0, -1.0, -1.0, -1.0, -1.0, -1.0, -1.0, -1.0, -1.0, -1.0, -1.0, -1.0]"
2025-05-07 20:44:04.649168,0.0898247,-0.0319619,0.000153321,2.56463,-1.39554,0.41910175299999997,0.0,1,942.478,10.49,42.0,1.0,"[-1.0, -1.0, -1.0, -1.0, -1.0, -1.0, -1.0, -1.0, -1.0, -1.0, -1.0, -1.0, -1.0, -1.0, -1.0, -1.0, -1.0, -1.0, -1.0]"
2025-05-07 20:44:04.670374,0.0871913,0.00502458,3.94715e-05,2.56461,-1.39515,0.419128087,0.0,1,942.478,10.51,42.0,1.0,"[-1.0, -1.0, -1.0, -1.0, -1.0, -1.0, -1.0, -1.0, -1.0, -1.0, -1.0, -1.0, -1.0, -1.0, -1.0, -1.0, -1.0, -1.0, -1.0]"
2025-05-07 20:44:04.689087,0.0655362,-0.015342,-1.09329e-05,2.56459,-1.39507,0.41934463800000005,0.0,1,942.478,10.53,42.0,1.0,"[-1.0, -1.0, -1.0, -1.0, -1.0, -1.0, -1.0, -1.0, -1.0, -1.0, -1.0, -1.0, -1.0, -1.0, -1.0, -1.0, -1.0, -1.0, -1.0]"
2025-05-07 20:44:04.708533,0.0618236,-0.0275025,1.81123e-05,2.56459,-1.39505,0.41938176400000005,0.0,1,942.478,10.55,42.0,1.0,"[-1.0, -1.0, -1.0, -1.0, -1.0, -1.0, -1.0, -1.0, -1.0, -1.0, -1.0, -1.0, -1.0, -1.0, -1.0, -1.0, -1.0, -1.0, -1.0]"
2025-05-07 20:44:04.730474,0.0913626,-0.0322694,9.41609e-05,2.56459,-1.39511,0.41908637400000004,0.0,1,942.478,10.57,42.0,1.0,"[-1.0, -1.0, -1.0, -1.0, -1.0, -1.0, -1.0, -1.0, -1.0, -1.0, -1.0, -1.0, -1.0, -1.0, -1.0, -1.0, -1.0, -1.0, -1.0]"
2025-05-07 20:44:04.749139,-0.00761524,-0.0231315,0.000105416,2.56456,-1.39481,0.4200761524,0.0,1,942.478,10.59,42.0,1.0,"[-1.0, -1.0, -1.0, -1.0, -1.0, -1.0, -1.0, -1.0, -1.0, -1.0, -1.0, -1.0, -1.0, -1.0, -1.0, -1.0, -1.0, -1.0, -1.0]"
2025-05-07 20:44:04.769882,0.0858941,-0.025503,0.000140109,2.56456,-1.39476,0.41914105900000004,0.0,1,942.478,10.61,42.0,1.0,"[-1.0, -1.0, -1.0, -1.0, -1.0, -1.0, -1.0, -1.0, -1.0, -1.0, -1.0, -1.0, -1.0, -1.0, -1.0, -1.0, -1.0, -1.0, -1.0]"
2025-05-07 20:44:04.789547,0.0580121,-0.000498696,0.000147736,2.56454,-1.39462,0.419419879,0.0,1,942.478,10.63,42.0,1.0,"[-1.0, -1.0, -1.0, -1.0, -1.0, -1.0, -1.0, -1.0, -1.0, -1.0, -1.0, -1.0, -1.0, -1.0, -1.0, -1.0, -1.0, -1.0, -1.0]"
2025-05-07 20:44:04.808988,0.097946,-0.0395535,0.000111754,2.56454,-1.39469,0.41902054,0.0,1,942.478,10.65,42.0,1.0,"[-1.0, -1.0, -1.0, -1.0, -1.0, -1.0, -1.0, -1.0, -1.0, -1.0, -1.0, -1.0, -1.0, -1.0, -1.0, -1.0, -1.0, -1.0, -1.0]"
2025-05-07 20:44:04.830666,0.0439523,-0.0225485,6.24907e-05,2.56452,-1.3945,0.419560477,0.0,1,942.478,10.67,42.0,1.0,"[-1.0, -1.0, -1.0, -1.0, -1.0, -1.0, -1.0, -1.0, -1.0, -1.0, -1.0, -1.0, -1.0, -1.0, -1.0, -1.0, -1.0, -1.0, -1.0]"
2025-05-07 20:44:04.850041,0.0864488,-0.031498,4.05527e-05,2.56452,-1.39452,0.419135512,0.0,1,942.478,10.69,42.0,1.0,"[-1.0, -1.0, -1.0, -1.0, -1.0, -1.0, -1.0, -1.0, -1.0, -1.0, -1.0, -1.0, -1.0, -1.0, -1.0, -1.0, -1.0, -1.0, -1.0]"
2025-05-07 20:44:04.869716,0.0289423,-0.0149588,-7.38536e-05,2.5645,-1.39421,0.41971057700000003,0.0,1,942.478,10.71,42.0,1.0,"[-1.0, -1.0, -1.0, -1.0, -1.0, -1.0, -1.0, -1.0, -1.0, -1.0, -1.0, -1.0, -1.0, -1.0, -1.0, -1.0, -1.0, -1.0, -1.0]"
2025-05-07 20:44:04.888787,0.0930243,-0.0214579,-0.000124986,2.5645,-1.3942,0.419069757,0.0,1,942.478,10.73,42.0,1.0,"[-1.0, -1.0, -1.0, -1.0, -1.0, -1.0, -1.0, -1.0, -1.0, -1.0, -1.0, -1.0, -1.0, -1.0, -1.0, -1.0, -1.0, -1.0, -1.0]"
2025-05-07 20:44:04.912779,0.0539884,-0.00978887,-0.000128072,2.5645,-1.39411,0.419460116,0.0,1,942.478,10.75,42.0,1.0,"[-1.0, -1.0, -1.0, -1.0, -1.0, -1.0, -1.0, -1.0, -1.0, -1.0, -1.0, -1.0, -1.0, -1.0, -1.0, -1.0, -1.0, -1.0, -1.0]"
2025-05-07 20:44:04.931488,0.0936812,-0.0367361,-0.000185368,2.5645,-1.39427,0.41906318800000003,0.0,1,942.478,10.77,42.0,1.0,"[-1.0, -1.0, -1.0, -1.0, -1.0, -1.0, -1.0, -1.0, -1.0, -1.0, -1.0, -1.0, -1.0, -1.0, -1.0, -1.0, -1.0, -1.0, -1.0]"
2025-05-07 20:44:04.949352,0.0565823,-0.0186618,-0.000176277,2.5645,-1.39419,0.41943417699999996,0.0,1,942.478,10.79,42.0,1.0,"[-1.0, -1.0, -1.0, -1.0, -1.0, -1.0, -1.0, -1.0, -1.0, -1.0, -1.0, -1.0, -1.0, -1.0, -1.0, -1.0, -1.0, -1.0, -1.0]"
2025-05-07 20:44:04.969550,0.0910452,-0.0360004,-0.000208169,2.5645,-1.3943,0.419089548,0.0,1,942.478,10.81,42.0,1.0,"[-1.0, -1.0, -1.0, -1.0, -1.0, -1.0, -1.0, -1.0, -1.0, -1.0, -1.0, -1.0, -1.0, -1.0, -1.0, -1.0, -1.0, -1.0, -1.0]"
2025-05-07 20:44:04.989044,0.0637865,-0.0141025,-0.000259274,2.56448,-1.39407,0.419362135,0.0,1,942.478,10.83,42.0,1.0,"[-1.0, -1.0, -1.0, -1.0, -1.0, -1.0, -1.0, -1.0, -1.0, -1.0, -1.0, -1.0, -1.0, -1.0, -1.0, -1.0, -1.0, -1.0, -1.0]"
2025-05-07 20:44:05.012268,0.100389,-0.0287615,-0.000211064,2.5645,-1.39411,0.41899611,0.0,1,942.478,10.85,42.0,1.0,"[-1.0, -1.0, -1.0, -1.0, -1.0, -1.0, -1.0, -1.0, -1.0, -1.0, -1.0, -1.0, -1.0, -1.0, -1.0, -1.0, -1.0, -1.0, -1.0]"
2025-05-07 20:44:05.031424,0.0549472,-0.0117711,-0.000238176,2.56448,-1.39385,0.419450528,0.0,1,942.478,10.87,42.0,1.0,"[-1.0, -1.0, -1.0, -1.0, -1.0, -1.0, -1.0, -1.0, -1.0, -1.0, -1.0, -1.0, -1.0, -1.0, -1.0, -1.0, -1.0, -1.0, -1.0]"
2025-05-07 20:44:05.050744,0.070623,-0.0272151,-0.000193445,2.56445,-1.39382,0.41929377,0.0,1,942.478,10.89,42.0,1.0,"[-1.0, -1.0, -1.0, -1.0, -1.0, -1.0, -1.0, -1.0, -1.0, -1.0, -1.0, -1.0, -1.0, -1.0, -1.0, -1.0, -1.0, -1.0, -1.0]"
2025-05-07 20:44:05.070359,0.041969,-0.00691241,-0.000127331,2.56445,-1.39367,0.41958030999999996,0.0,1,942.478,10.91,42.0,1.0,"[-1.0, -1.0, -1.0, -1.0, -1.0, -1.0, -1.0, -1.0, -1.0, -1.0, -1.0, -1.0, -1.0, -1.0, -1.0, -1.0, -1.0, -1.0, -1.0]"
2025-05-07 20:44:05.088932,0.0982564,-0.0393109,-0.000190796,2.56445,-1.39386,0.419017436,0.0,1,942.478,10.93,42.0,1.0,"[-1.0, -1.0, -1.0, -1.0, -1.0, -1.0, -1.0, -1.0, -1.0, -1.0, -1.0, -1.0, -1.0, -1.0, -1.0, -1.0, -1.0, -1.0, -1.0]"
2025-05-07 20:44:05.109926,0.0904275,-0.0223519,-0.000198532,2.56445,-1.39389,0.41909572500000003,0.0,1,942.478,10.95,42.0,1.0,"[-1.0, -1.0, -1.0, -1.0, -1.0, -1.0, -1.0, -1.0, -1.0, -1.0, -1.0, -1.0, -1.0, -1.0, -1.0, -1.0, -1.0, -1.0, -1.0]"
2025-05-07 20:44:05.129028,0.090679,-0.0490386,-0.000187321,2.56448,-1.39404,0.41909321,0.0,1,942.478,10.97,42.0,1.0,"[-1.0, -1.0, -1.0, -1.0, -1.0, -1.0, -1.0, -1.0, -1.0, -1.0, -1.0, -1.0, -1.0, -1.0, -1.0, -1.0, -1.0, -1.0, -1.0]"
2025-05-07 20:44:05.150568,0.0638151,-0.0239406,-0.000199544,2.56448,-1.39405,0.419361849,0.0,1,942.478,10.99,42.0,1.0,"[-1.0, -1.0, -1.0, -1.0, -1.0, -1.0, -1.0, -1.0, -1.0, -1.0, -1.0, -1.0, -1.0, -1.0, -1.0, -1.0, -1.0, -1.0, -1.0]"
2025-05-07 20:44:05.170116,0.121566,-0.0282653,-0.000174842,2.56452,-1.39414,0.41878434,0.0,1,942.478,11.01,42.0,1.0,"[-1.0, -1.0, -1.0, -1.0, -1.0, -1.0, -1.0, -1.0, -1.0, -1.0, -1.0, -1.0, -1.0, -1.0, -1.0, -1.0, -1.0, -1.0, -1.0]"
2025-05-07 20:44:05.188804,0.0787734,0.000464759,-0.000249766,2.56445,-1.39382,0.41921226599999994,0.0,1,942.478,11.03,42.0,1.0,"[-1.0, -1.0, -1.0, -1.0, -1.0, -1.0, -1.0, -1.0, -1.0, -1.0, -1.0, -1.0, -1.0, -1.0, -1.0, -1.0, -1.0, -1.0, -1.0]"
2025-05-07 20:44:05.212054,0.0837973,-0.0200876,-0.000199365,2.56445,-1.39379,0.419162027,0.0,1,942.478,11.05,42.0,1.0,"[-1.0, -1.0, -1.0, -1.0, -1.0, -1.0, -1.0, -1.0, -1.0, -1.0, -1.0, -1.0, -1.0, -1.0, -1.0, -1.0, -1.0, -1.0, -1.0]"
2025-05-07 20:44:05.230567,0.0602462,-0.0178379,-0.000152275,2.56445,-1.39376,0.41939753799999996,0.0,1,942.478,11.07,42.0,1.0,"[-1.0, -1.0, -1.0, -1.0, -1.0, -1.0, -1.0, -1.0, -1.0, -1.0, -1.0, -1.0, -1.0, -1.0, -1.0, -1.0, -1.0, -1.0, -1.0]"
2025-05-07 20:44:05.249922,0.0914571,-0.0338527,-8.98907e-05,2.56445,-1.39385,0.419085429,0.0,1,942.478,11.09,42.0,1.0,"[-1.0, -1.0, -1.0, -1.0, -1.0, -1.0, -1.0, -1.0, -1.0, -1.0, -1.0, -1.0, -1.0, -1.0, -1.0, -1.0, -1.0, -1.0, -1.0]"
2025-05-07 20:44:05.270502,0.0282762,-0.0150093,-0.00014522,2.56443,-1.39354,0.419717238,0.0,1,942.478,11.11,42.0,1.0,"[-1.0, -1.0, -1.0, -1.0, -1.0, -1.0, -1.0, -1.0, -1.0, -1.0, -1.0, -1.0, -1.0, -1.0, -1.0, -1.0, -1.0, -1.0, -1.0]"
2025-05-07 20:44:05.291241,0.0912378,-0.0218997,-0.000138725,2.56443,-1.39351,0.419087622,0.0,1,942.478,11.13,42.0,1.0,"[-1.0, -1.0, -1.0, -1.0, -1.0, -1.0, -1.0, -1.0, -1.0, -1.0, -1.0, -1.0, -1.0, -1.0, -1.0, -1.0, -1.0, -1.0, -1.0]"
2025-05-07 20:44:05.310541,0.0576363,-0.0140349,-8.67346e-05,2.56443,-1.39345,0.419423637,0.0,1,942.478,11.15,42.0,1.0,"[-1.0, -1.0, -1.0, -1.0, -1.0, -1.0, -1.0, -1.0, -1.0, -1.0, -1.0, -1.0, -1.0, -1.0, -1.0, -1.0, -1.0, -1.0, -1.0]"
2025-05-07 20:44:05.331394,0.0916962,-0.0348791,-4.32563e-05,2.56443,-1.39357,0.41908303799999996,0.0,1,942.478,11.17,42.0,1.0,"[-1.0, -1.0, -1.0, -1.0, -1.0, -1.0, -1.0, -1.0, -1.0, -1.0, -1.0, -1.0, -1.0, -1.0, -1.0, -1.0, -1.0, -1.0, -1.0]"
2025-05-07 20:44:05.349548,-0.00339115,-0.0245614,-5.95016e-05,2.56441,-1.3933,0.42003391149999997,0.0,1,942.478,11.19,42.0,1.0,"[-1.0, -1.0, -1.0, -1.0, -1.0, -1.0, -1.0, -1.0, -1.0, -1.0, -1.0, -1.0, -1.0, -1.0, -1.0, -1.0, -1.0, -1.0, -1.0]"
2025-05-07 20:44:05.372366,0.0853389,-0.0316939,-3.34607e-05,2.56441,-1.39327,0.41914661100000006,0.0,1,942.478,11.21,42.0,1.0,"[-1.0, -1.0, -1.0, -1.0, -1.0, -1.0, -1.0, -1.0, -1.0, -1.0, -1.0, -1.0, -1.0, -1.0, -1.0, -1.0, -1.0, -1.0, -1.0]"
2025-05-07 20:44:05.394885,0.0460988,-0.0171864,-2.14031e-05,2.56439,-1.3931,0.7,0.0,1,942.478,11.23,42.0,-1.0,"[-1.0, -1.0, -1.0, -1.0, -1.0, -1.0, -1.0, -1.0, -1.0, -1.0, -1.0, -1.0, -1.0, -1.0, -1.0, -1.0, -1.0, -1.0, -1.0]"
2025-05-07 20:44:05.413700,0.096976,-0.0444373,1.36578e-05,2.56439,-1.39319,0.7,0.0,1,942.478,11.25,42.0,-1.0,"[-1.0, -1.0, -1.0, -1.0, -1.0, -1.0, -1.0, -1.0, -1.0, -1.0, -1.0, -1.0, -1.0, -1.0, -1.0, -1.0, -1.0, -1.0, -1.0]"
2025-05-07 20:44:05.433334,0.0342206,-0.0241174,-7.21816e-05,2.56436,-1.39292,0.7,0.0,1,942.478,11.27,42.0,-1.0,"[-1.0, -1.0, -1.0, -1.0, -1.0, -1.0, -1.0, -1.0, -1.0, -1.0, -1.0, -1.0, -1.0, -1.0, -1.0, -1.0, -1.0, -1.0, -1.0]"
2025-05-07 20:44:05.450744,0.078631,-0.0279438,-0.000120444,2.56436,-1.39289,0.7,0.0,1,942.478,11.29,42.0,-1.0,"[-1.0, -1.0, -1.0, -1.0, -1.0, -1.0, -1.0, -1.0, -1.0, -1.0, -1.0, -1.0, -1.0, -1.0, -1.0, -1.0, -1.0, -1.0, -1.0]"
2025-05-07 20:44:05.469843,0.057733,-0.0193629,-8.86857e-05,2.56436,-1.39284,0.7,0.0,1,942.478,11.31,42.0,-1.0,"[-1.0, -1.0, -1.0, -1.0, -1.0, -1.0, -1.0, -1.0, -1.0, -1.0, -1.0, -1.0, -1.0, -1.0, -1.0, -1.0, -1.0, -1.0, -1.0]"
2025-05-07 20:44:05.491250,0.090234,-0.0344839,-6.04905e-05,2.56436,-1.39293,0.7,0.0,1,942.478,11.33,42.0,-1.0,"[-1.0, -1.0, -1.0, -1.0, -1.0, -1.0, -1.0, -1.0, -1.0, -1.0, -1.0, -1.0, -1.0, -1.0, -1.0, -1.0, -1.0, -1.0, -1.0]"
2025-05-07 20:44:05.510402,0.0872945,-0.0238549,-0.000255848,2.56434,-1.39264,0.7,0.0,1,942.478,11.35,42.0,-1.0,"[-1.0, -1.0, -1.0, -1.0, -1.0, -1.0, -1.0, -1.0, -1.0, -1.0, -1.0, -1.0, -1.0, -1.0, -1.0, -1.0, -1.0, -1.0, -1.0]"
2025-05-07 20:44:05.530592,0.0861938,-0.0193417,-0.000240072,2.56434,-1.39265,0.7,0.0,1,942.478,11.37,42.0,-1.0,"[-1.0, -1.0, -1.0, -1.0, -1.0, -1.0, -1.0, -1.0, -1.0, -1.0, -1.0, -1.0, -1.0, -1.0, -1.0, -1.0, -1.0, -1.0, -1.0]"
2025-05-07 20:44:05.549905,0.0686038,-0.0303413,-0.000176695,2.56434,-1.39267,0.7,0.0,1,942.478,11.39,42.0,-1.0,"[-1.0, -1.0, -1.0, -1.0, -1.0, -1.0, -1.0, -1.0, -1.0, -1.0, -1.0, -1.0, -1.0, -1.0, -1.0, -1.0, -1.0, -1.0, -1.0]"
2025-05-07 20:44:05.573123,0.0905056,-0.0302632,-6.87006e-05,2.56434,-1.39272,0.7,0.0,1,942.478,11.41,42.0,-1.0,"[-1.0, -1.0, -1.0, -1.0, -1.0, -1.0, -1.0, -1.0, -1.0, -1.0, -1.0, -1.0, -1.0, -1.0, -1.0, -1.0, -1.0, -1.0, -1.0]"
2025-05-07 20:44:05.590573,0.0607295,-0.0208869,0.000101018,2.56434,-1.39268,0.7,0.0,1,942.478,11.43,42.0,-1.0,"[-1.0, -1.0, -1.0, -1.0, -1.0, -1.0, -1.0, -1.0, -1.0, -1.0, -1.0, -1.0, -1.0, -1.0, -1.0, -1.0, -1.0, -1.0, -1.0]"
2025-05-07 20:44:05.609397,0.0902423,-0.0330324,0.000170858,2.56434,-1.39277,0.7,0.0,1,942.478,11.45,42.0,-1.0,"[-1.0, -1.0, -1.0, -1.0, -1.0, -1.0, -1.0, -1.0, -1.0, -1.0, -1.0, -1.0, -1.0, -1.0, -1.0, -1.0, -1.0, -1.0, -1.0]"
2025-05-07 20:44:05.629412,0.0163985,-0.0154779,-1.33835e-05,2.56432,-1.39239,0.7,0.0,1,942.478,11.47,42.0,-1.0,"[-1.0, -1.0, -1.0, -1.0, -1.0, -1.0, -1.0, -1.0, -1.0, -1.0, -1.0, -1.0, -1.0, -1.0, -1.0, -1.0, -1.0, -1.0, -1.0]"
2025-05-07 20:44:05.650087,0.097206,-0.0102034,-8.94062e-05,2.56432,-1.39233,0.7,0.0,1,942.478,11.49,42.0,-1.0,"[-1.0, -1.0, -1.0, -1.0, -1.0, -1.0, -1.0, -1.0, -1.0, -1.0, -1.0, -1.0, -1.0, -1.0, -1.0, -1.0, -1.0, -1.0, -1.0]"
2025-05-07 20:44:05.669487,0.149758,-0.00725067,-8.71234e-05,2.56432,-1.39235,0.7,0.0,1,942.478,11.51,42.0,-1.0,"[-1.0, -1.0, -1.0, -1.0, -1.0, -1.0, -1.0, -1.0, -1.0, -1.0, -1.0, -1.0, -1.0, -1.0, -1.0, -1.0, -1.0, -1.0, -1.0]"
2025-05-07 20:44:05.689231,-0.118968,-0.0193825,-0.000266182,2.5643,-1.39242,0.7,0.0,-1,956.343,11.53,42.0,-1.0,"[-1.0, -1.0, -1.0, -1.0, -1.0, -1.0, -1.0, -1.0, -1.0, -1.0, -1.0, -1.0, -1.0, -1.0, -1.0, -1.0, -1.0, -1.0, -1.0]"
2025-05-07 20:44:05.710972,0.0449096,-0.00661186,-0.00101116,2.56423,-1.39238,0.7,0.0,-1,971.761,11.55,42.0,-1.0,"[-1.0, -1.0, -1.0, -1.0, -1.0, -1.0, -1.0, -1.0, -1.0, -1.0, -1.0, -1.0, -1.0, -1.0, -1.0, -1.0, -1.0, -1.0, -1.0]"
2025-05-07 20:44:05.730528,-0.00626586,0.0162511,-0.00167581,2.56419,-1.39227,0.7,0.0,-1,987.193,11.57,42.0,-1.0,"[-1.0, -1.0, -1.0, -1.0, -1.0, -1.0, -1.0, -1.0, -1.0, -1.0, -1.0, -1.0, -1.0, -1.0, -1.0, -1.0, -1.0, -1.0, -1.0]"
2025-05-07 20:44:05.749625,-0.0105675,0.0019605,-0.00186681,2.56419,-1.39222,0.7,0.0,-1,1002.64,11.59,42.0,-1.0,"[-1.0, -1.0, -1.0, -1.0, -1.0, -1.0, -1.0, -1.0, -1.0, -1.0, -1.0, -1.0, -1.0, -1.0, -1.0, -1.0, -1.0, -1.0, -1.0]"
2025-05-07 20:44:05.770499,-0.0138593,-0.00586429,-0.00194382,2.56419,-1.39224,0.7,0.0,-1,1018.09,11.61,42.0,-1.0,"[-1.0, -1.0, -1.0, -1.0, -1.0, -1.0, -1.0, -1.0, -1.0, -1.0, -1.0, -1.0, -1.0, -1.0, -1.0, -1.0, -1.0, -1.0, -1.0]"
2025-05-07 20:44:05.792410,-0.0162354,-0.00579455,-0.00181026,2.56419,-1.39233,0.7,0.0,-1,1033.55,11.63,42.0,-1.0,"[-1.0, -1.0, -1.0, -1.0, -1.0, -1.0, -1.0, -1.0, -1.0, -1.0, -1.0, -1.0, -1.0, -1.0, -1.0, -1.0, -1.0, -1.0, -1.0]"
2025-05-07 20:44:05.811236,-0.0198538,-0.00791418,-0.00150354,2.56419,-1.39237,0.7,0.0,-1,1049.03,11.65,42.0,-1.0,"[-1.0, -1.0, -1.0, -1.0, -1.0, -1.0, -1.0, -1.0, -1.0, -1.0, -1.0, -1.0, -1.0, -1.0, -1.0, -1.0, -1.0, -1.0, -1.0]"
2025-05-07 20:44:05.831287,-0.0213378,-0.00319905,-0.00110058,2.56419,-1.39246,0.7,0.0,-1,942.478,11.67,42.0,-1.0,"[-1.0, -1.0, -1.0, -1.0, -1.0, -1.0, -1.0, -1.0, -1.0, -1.0, -1.0, -1.0, -1.0, -1.0, -1.0, -1.0, -1.0, -1.0, -1.0]"
2025-05-07 20:44:05.851011,-0.146633,0.00687974,-0.00106663,2.56412,-1.39245,0.7,0.0,-1,942.478,11.69,42.0,-1.0,"[-1.0, -1.0, -1.0, -1.0, -1.0, -1.0, -1.0, -1.0, -1.0, -1.0, -1.0, -1.0, -1.0, -1.0, -1.0, -1.0, -1.0, -1.0, -1.0]"
2025-05-07 20:44:05.869104,-0.303188,0.0445295,-0.001306,2.5639,-1.3926,0.7,0.0,-1,942.478,11.71,42.0,-1.0,"[-1.0, -1.0, -1.0, -1.0, -1.0, -1.0, -1.0, -1.0, -1.0, -1.0, -1.0, -1.0, -1.0, -1.0, -1.0, -1.0, -1.0, -1.0, -1.0]"
2025-05-07 20:44:05.891289,-0.461254,0.0613621,-0.00160846,2.5635,-1.39282,0.7,0.0,-1,942.478,11.73,42.0,-1.0,"[-1.0, -1.0, -1.0, -1.0, -1.0, -1.0, -1.0, -1.0, -1.0, -1.0, -1.0, -1.0, -1.0, -1.0, -1.0, -1.0, -1.0, -1.0, -1.0]"
2025-05-07 20:44:05.909585,-0.622329,0.0940772,-0.00177635,2.56297,-1.39318,0.7,0.0,-1,942.478,11.75,42.0,-1.0,"[-1.0, -1.0, -1.0, -1.0, -1.0, -1.0, -1.0, -1.0, -1.0, -1.0, -1.0, -1.0, -1.0, -1.0, -1.0, -1.0, -1.0, -1.0, -1.0]"
2025-05-07 20:44:05.931967,-0.775696,0.114067,-0.0017042,2.5623,-1.39363,0.7,0.0,-1,942.478,11.77,42.0,-1.0,"[-1.0, -1.0, -1.0, -1.0, -1.0, -1.0, -1.0, -1.0, -1.0, -1.0, -1.0, -1.0, -1.0, -1.0, -1.0, -1.0, -1.0, -1.0, -1.0]"
2025-05-07 20:44:05.950266,-0.933428,0.143661,-0.00142978,2.56143,-1.39421,0.7,0.0,-1,942.478,11.79,42.0,-1.0,"[-1.0, -1.0, -1.0, -1.0, -1.0, -1.0, -1.0, -1.0, -1.0, -1.0, -1.0, -1.0, -1.0, -1.0, -1.0, -1.0, -1.0, -1.0, -1.0]"
2025-05-07 20:44:05.968418,-1.08705,0.169983,-0.00102739,2.56046,-1.39489,0.7,0.0,-1,942.478,11.81,42.0,-1.0,"[-1.0, -1.0, -1.0, -1.0, -1.0, -1.0, -1.0, -1.0, -1.0, -1.0, -1.0, -1.0, -1.0, -1.0, -1.0, -1.0, -1.0, -1.0, -1.0]"
2025-05-07 20:44:05.991188,-1.24376,0.200097,-0.000574725,2.55935,-1.39568,0.7,0.0,-1,942.478,11.83,42.0,-1.0,"[-1.0, -1.0, -1.0, -1.0, -1.0, -1.0, -1.0, -1.0, -1.0, -1.0, -1.0, -1.0, -1.0, -1.0, -1.0, -1.0, -1.0, -1.0, -1.0]"
2025-05-07 20:44:06.011273,-1.39342,0.226287,-0.000112462,2.55804,-1.39658,0.7,0.0,-1,942.478,11.85,42.0,-1.0,"[-1.0, -1.0, -1.0, -1.0, -1.0, -1.0, -1.0, -1.0, -1.0, -1.0, -1.0, -1.0, -1.0, -1.0, -1.0, -1.0, -1.0, -1.0, -1.0]"
2025-05-07 20:44:06.029264,-1.54931,0.257547,0.000265589,2.55662,-1.39759,0.7,0.0,-1,942.478,11.87,42.0,-1.0,"[-1.0, -1.0, -1.0, -1.0, -1.0, -1.0, -1.0, -1.0, -1.0, -1.0, -1.0, -1.0, -1.0, -1.0, -1.0, -1.0, -1.0, -1.0, -1.0]"
2025-05-07 20:44:06.053407,-1.69951,0.283175,0.000566372,2.55506,-1.39872,0.7,0.0,-1,942.478,11.89,42.0,-1.0,"[-1.0, -1.0, -1.0, -1.0, -1.0, -1.0, -1.0, -1.0, -1.0, -1.0, -1.0, -1.0, -1.0, -1.0, -1.0, -1.0, -1.0, -1.0, -1.0]"
2025-05-07 20:44:06.070291,-1.85584,0.315912,0.000745248,2.55331,-1.39995,0.7,0.0,-1,942.478,11.91,42.0,-1.0,"[-1.0, -1.0, -1.0, -1.0, -1.0, -1.0, -1.0, -1.0, -1.0, -1.0, -1.0, -1.0, -1.0, -1.0, -1.0, -1.0, -1.0, -1.0, -1.0]"
2025-05-07 20:44:06.092022,-2.00582,0.339682,0.00091024,2.55145,-1.40129,0.7,0.0,-1,942.478,11.93,42.0,-1.0,"[-1.0, -1.0, -1.0, -1.0, -1.0, -1.0, -1.0, -1.0, -1.0, -1.0, -1.0, -1.0, -1.0, -1.0, -1.0, -1.0, -1.0, -1.0, -1.0]"
2025-05-07 20:44:06.112847,-2.16193,0.373647,0.00106851,2.54945,-1.40273,0.7,0.0,-1,942.478,11.95,42.0,-1.0,"[-1.0, -1.0, -1.0, -1.0, -1.0, -1.0, -1.0, -1.0, -1.0, -1.0, -1.0, -1.0, -1.0, -1.0, -1.0, -1.0, -1.0, -1.0, -1.0]"
2025-05-07 20:44:06.131498,-2.31229,0.395749,0.00108073,2.54725,-1.40429,0.7,0.0,-1,942.478,11.97,42.0,-1.0,"[-1.0, -1.0, -1.0, -1.0, -1.0, -1.0, -1.0, -1.0, -1.0, -1.0, -1.0, -1.0, -1.0, -1.0, -1.0, -1.0, -1.0, -1.0, -1.0]"
2025-05-07 20:44:06.150454,-2.46849,0.429844,0.00103757,2.54494,-1.40595,0.7,0.0,-1,942.478,11.99,42.0,-1.0,"[-1.0, -1.0, -1.0, -1.0, -1.0, -1.0, -1.0, -1.0, -1.0, -1.0, -1.0, -1.0, -1.0, -1.0, -1.0, -1.0, -1.0, -1.0, -1.0]"
2025-05-07 20:44:06.168814,-2.61956,0.451261,0.0010733,2.5425,-1.40773,0.7,0.0,-1,942.478,12.01,42.0,-1.0,"[-1.0, -1.0, -1.0, -1.0, -1.0, -1.0, -1.0, -1.0, -1.0, -1.0, -1.0, -1.0, -1.0, -1.0, -1.0, -1.0, -1.0, -1.0, -1.0]"
2025-05-07 20:44:06.191610,-2.77574,0.485083,0.00104498,2.53986,-1.40961,0.7,0.0,-1,942.478,12.03,42.0,-1.0,"[-1.0, -1.0, -1.0, -1.0, -1.0, -1.0, -1.0, -1.0, -1.0, -1.0, -1.0, -1.0, -1.0, -1.0, -1.0, -1.0, -1.0, -1.0, -1.0]"
2025-05-07 20:44:06.210141,-2.92732,0.506526,0.00106019,2.53711,-1.41161,0.7,0.0,-1,942.478,12.05,42.0,-1.0,"[-1.0, -1.0, -1.0, -1.0, -1.0, -1.0, -1.0, -1.0, -1.0, -1.0, -1.0, -1.0, -1.0, -1.0, -1.0, -1.0, -1.0, -1.0, -1.0]"
2025-05-07 20:44:06.229607,-3.08344,0.539996,0.00104302,2.53422,-1.41372,0.7,0.0,-1,942.478,12.07,42.0,-1.0,"[-1.0, -1.0, -1.0, -1.0, -1.0, -1.0, -1.0, -1.0, -1.0, -1.0, -1.0, -1.0, -1.0, -1.0, -1.0, -1.0, -1.0, -1.0, -1.0]"
2025-05-07 20:44:06.248936,-3.23539,0.56183,0.00107663,2.53114,-1.41595,0.45235390000000003,0.0,-1,942.478,12.09,42.0,1.0,"[-1.0, -1.0, -1.0, -1.0, -1.0, -1.0, -1.0, -1.0, -1.0, -1.0, -1.0, -1.0, -1.0, -1.0, -1.0, -1.0, -1.0, -1.0, -1.0]"
2025-05-07 20:44:06.272831,-3.39145,0.594983,0.00106126,2.5279,-1.41828,0.4539145,0.0,-1,942.478,12.11,42.0,1.0,"[-1.0, -1.0, -1.0, -1.0, -1.0, -1.0, -1.0, -1.0, -1.0, -1.0, -1.0, -1.0, -1.0, -1.0, -1.0, -1.0, -1.0, -1.0, -1.0]"
2025-05-07 20:44:06.289820,-3.54367,0.617356,0.0010707,2.5245,-1.42073,0.45543669999999997,0.0,-1,942.478,12.13,42.0,1.0,"[-1.0, -1.0, -1.0, -1.0, -1.0, -1.0, -1.0, -1.0, -1.0, -1.0, -1.0, -1.0, -1.0, -1.0, -1.0, -1.0, -1.0, -1.0, -1.0]"
2025-05-07 20:44:06.310703,-3.69966,0.650287,0.00109249,2.52095,-1.42329,0.45699660000000003,0.0,-1,942.478,12.15,42.0,1.0,"[-1.0, -1.0, -1.0, -1.0, -1.0, -1.0, -1.0, -1.0, -1.0, -1.0, -1.0, -1.0, -1.0, -1.0, -1.0, -1.0, -1.0, -1.0, -1.0]"
2025-05-07 20:44:06.332590,-3.85207,0.673116,0.0010824,2.51722,-1.42597,0.4585207,0.0,-1,942.478,12.17,42.0,1.0,"[-1.0, -1.0, -1.0, -1.0, -1.0, -1.0, -1.0, -1.0, -1.0, -1.0, -1.0, -1.0, -1.0, -1.0, -1.0, -1.0, -1.0, -1.0, -1.0]"
2025-05-07 20:44:06.351465,-4.00798,0.705815,0.00108196,2.51338,-1.42875,0.46007980000000004,0.0,-1,942.478,12.19,42.0,1.0,"[-1.0, -1.0, -1.0, -1.0, -1.0, -1.0, -1.0, -1.0, -1.0, -1.0, -1.0, -1.0, -1.0, -1.0, -1.0, -1.0, -1.0, -1.0, -1.0]"
2025-05-07 20:44:06.371139,-4.16054,0.729121,0.00109964,2.50939,-1.43165,0.4616054,0.0,-1,942.478,12.21,42.0,1.0,"[-1.0, -1.0, -1.0, -1.0, -1.0, -1.0, -1.0, -1.0, -1.0, -1.0, -1.0, -1.0, -1.0, -1.0, -1.0, -1.0, -1.0, -1.0, -1.0]"
2025-05-07 20:44:06.389225,-4.31634,0.761682,0.0011089,2.50522,-1.43466,0.46316339999999995,0.0,-1,942.478,12.23,42.0,1.0,"[-1.0, -1.0, -1.0, -1.0, -1.0, -1.0, -1.0, -1.0, -1.0, -1.0, -1.0, -1.0, -1.0, -1.0, -1.0, -1.0, -1.0, -1.0, -1.0]"
2025-05-07 20:44:06.411183,-4.46898,0.785331,0.00109685,2.50091,-1.43778,0.46468980000000004,0.0,-1,942.478,12.25,42.0,1.0,"[-1.0, -1.0, -1.0, -1.0, -1.0, -1.0, -1.0, -1.0, -1.0, -1.0, -1.0, -1.0, -1.0, -1.0, -1.0, -1.0, -1.0, -1.0, -1.0]"
2025-05-07 20:44:06.431984,-4.62467,0.817748,0.00112866,2.49647,-1.44102,0.4662467,0.0,-1,942.478,12.27,42.0,1.0,"[-1.0, -1.0, -1.0, -1.0, -1.0, -1.0, -1.0, -1.0, -1.0, -1.0, -1.0, -1.0, -1.0, -1.0, -1.0, -1.0, -1.0, -1.0, -1.0]"
2025-05-07 20:44:06.451925,-4.77738,0.84172,0.00118139,2.49183,-1.44437,0.4677738,0.0,-1,942.478,12.29,42.0,1.0,"[-1.0, -1.0, -1.0, -1.0, -1.0, -1.0, -1.0, -1.0, -1.0, -1.0, -1.0, -1.0, -1.0, -1.0, -1.0, -1.0, -1.0, -1.0, -1.0]"
2025-05-07 20:44:06.471449,-4.933,0.874054,0.00124166,2.48708,-1.44783,0.46933,0.0,-1,942.478,12.31,42.0,1.0,"[-1.0, -1.0, -1.0, -1.0, -1.0, -1.0, -1.0, -1.0, -1.0, -1.0, -1.0, -1.0, -1.0, -1.0, -1.0, -1.0, -1.0, -1.0, -1.0]"
2025-05-07 20:44:06.490077,-5.08575,0.898283,0.00135125,2.4822,-1.4514,0.4708575,0.0,-1,942.478,12.33,42.0,1.0,"[-1.0, -1.0, -1.0, -1.0, -1.0, -1.0, -1.0, -1.0, -1.0, -1.0, -1.0, -1.0, -1.0, -1.0, -1.0, -1.0, -1.0, -1.0, -1.0]"
2025-05-07 20:44:06.512959,-5.2413,0.930558,0.0014949,2.4771,-1.45508,0.472413,0.0,-1,942.478,12.35,42.0,1.0,"[-1.0, -1.0, -1.0, -1.0, -1.0, -1.0, -1.0, -1.0, -1.0, -1.0, -1.0, -1.0, -1.0, -1.0, -1.0, -1.0, -1.0, -1.0, -1.0]"
2025-05-07 20:44:06.530218,-5.39406,0.954992,0.00147953,2.47181,-1.45888,0.47394059999999993,0.0,-1,942.478,12.37,42.0,1.0,"[-1.0, -1.0, -1.0, -1.0, -1.0, -1.0, -1.0, -1.0, -1.0, -1.0, -1.0, -1.0, -1.0, -1.0, -1.0, -1.0, -1.0, -1.0, -1.0]"
2025-05-07 20:44:06.551915,-5.54647,0.833764,0.00150185,2.46642,-1.4624,0.4754647,0.0,-1,942.478,12.39,42.0,1.0,"[-1.0, -1.0, -1.0, -1.0, -1.0, -1.0, -1.0, -1.0, -1.0, -1.0, -1.0, -1.0, -1.0, -1.0, -1.0, -1.0, -1.0, -1.0, -1.0]"
2025-05-07 20:44:06.569444,-5.69328,0.535514,0.001497,2.46085,-1.46473,0.4769328,0.0,-1,942.478,12.41,42.0,1.0,"[-1.0, -1.0, -1.0, -1.0, -1.0, -1.0, -1.0, -1.0, -1.0, -1.0, -1.0, -1.0, -1.0, -1.0, -1.0, -1.0, -1.0, -1.0, -1.0]"
2025-05-07 20:44:06.592388,-5.80453,0.205253,0.00148372,2.45508,-1.46574,0.4780453,0.0,-1,942.478,12.43,42.0,1.0,"[-1.0, -1.0, -1.0, -1.0, -1.0, -1.0, -1.0, -1.0, -1.0, -1.0, -1.0, -1.0, -1.0, -1.0, -1.0, -1.0, -1.0, -1.0, -1.0]"
2025-05-07 20:44:06.610754,-5.92918,-0.190759,0.0015064,2.44917,-1.46515,0.47929180000000005,0.0,-1,942.478,12.45,42.0,1.0,"[-1.0, -1.0, -1.0, -1.0, -1.0, -1.0, -1.0, -1.0, -1.0, -1.0, -1.0, -1.0, -1.0, -1.0, -1.0, -1.0, -1.0, -1.0, -1.0]"
2025-05-07 20:44:06.630220,-5.91383,-0.533957,0.00148019,2.44318,-1.46316,0.47913829999999996,0.0,-1,942.478,12.47,42.0,1.0,"[-1.0, -1.0, -1.0, -1.0, -1.0, -1.0, -1.0, -1.0, -1.0, -1.0, -1.0, -1.0, -1.0, -1.0, -1.0, -1.0, -1.0, -1.0, -1.0]"
2025-05-07 20:44:06.651133,-5.9925,-0.905497,0.00150438,2.43712,-1.45973,0.479925,0.0,-1,942.478,12.49,42.0,1.0,"[-1.0, -1.0, -1.0, -1.0, -1.0, -1.0, -1.0, -1.0, -1.0, -1.0, -1.0, -1.0, -1.0, -1.0, -1.0, -1.0, -1.0, -1.0, -1.0]"
2025-05-07 20:44:06.670745,-6.0046,-1.03778,0.00134591,2.43097,-1.45548,0.480046,0.0,-1,942.478,12.51,42.0,1.0,"[-1.0, -1.0, -1.0, -1.0, -1.0, -1.0, -1.0, -1.0, -1.0, -1.0, -1.0, -1.0, -1.0, -1.0, -1.0, -1.0, -1.0, -1.0, -1.0]"
2025-05-07 20:44:06.690810,-6.16792,-1.1059,0.000968495,2.42476,-1.45113,0.48167920000000003,0.0,-1,942.478,12.53,42.0,1.0,"[-1.0, -1.0, -1.0, -1.0, -1.0, -1.0, -1.0, -1.0, -1.0, -1.0, -1.0, -1.0, -1.0, -1.0, -1.0, -1.0, -1.0, -1.0, -1.0]"
2025-05-07 20:44:06.711013,-6.20105,-1.10778,0.000405583,2.41841,-1.44669,0.4820105,0.0,-1,942.478,12.55,42.0,1.0,"[-1.0, -1.0, -1.0, -1.0, -1.0, -1.0, -1.0, -1.0, -1.0, -1.0, -1.0, -1.0, -1.0, -1.0, -1.0, -1.0, -1.0, -1.0, -1.0]"
2025-05-07 20:44:06.731428,-6.37011,-1.15096,-0.000109394,2.41198,-1.44219,0.4837011,0.0,-1,942.478,12.57,42.0,1.0,"[-1.0, -1.0, -1.0, -1.0, -1.0, -1.0, -1.0, -1.0, -1.0, -1.0, -1.0, -1.0, -1.0, -1.0, -1.0, -1.0, -1.0, -1.0, -1.0]"
2025-05-07 20:44:06.749567,-6.40558,-1.14706,-0.000658255,2.40543,-1.4376,0.4840558,0.0,-1,942.478,12.59,42.0,1.0,"[-1.0, -1.0, -1.0, -1.0, -1.0, -1.0, -1.0, -1.0, -1.0, -1.0, -1.0, -1.0, -1.0, -1.0, -1.0, -1.0, -1.0, -1.0, -1.0]"
2025-05-07 20:44:06.771793,-6.57536,-1.18918,-0.000954423,2.39877,-1.43294,0.4857536,0.0,-1,942.478,12.61,42.0,1.0,"[-1.0, -1.0, -1.0, -1.0, -1.0, -1.0, -1.0, -1.0, -1.0, -1.0, -1.0, -1.0, -1.0, -1.0, -1.0, -1.0, -1.0, -1.0, -1.0]"
2025-05-07 20:44:06.789720,-6.61172,-1.18519,-0.00116624,2.392,-1.42821,0.48611719999999997,0.0,-1,942.478,12.63,42.0,1.0,"[-1.0, -1.0, -1.0, -1.0, -1.0, -1.0, -1.0, -1.0, -1.0, -1.0, -1.0, -1.0, -1.0, -1.0, -1.0, -1.0, -1.0, -1.0, -1.0]"
2025-05-07 20:44:06.811231,-6.78192,-1.22728,-0.00109353,2.38512,-1.4234,0.4878192,0.0,-1,942.478,12.65,42.0,1.0,"[-1.0, -1.0, -1.0, -1.0, -1.0, -1.0, -1.0, -1.0, -1.0, -1.0, -1.0, -1.0, -1.0, -1.0, -1.0, -1.0, -1.0, -1.0, -1.0]"
2025-05-07 20:44:06.831355,-6.81812,-1.22456,-0.00110063,2.37813,-1.41851,0.4881812,0.0,-1,942.478,12.67,42.0,1.0,"[-1.0, -1.0, -1.0, -1.0, -1.0, -1.0, -1.0, -1.0, -1.0, -1.0, -1.0, -1.0, -1.0, -1.0, -1.0, -1.0, -1.0, -1.0, -1.0]"
2025-05-07 20:44:06.849999,-6.9905,-1.26659,-0.000970602,2.37105,-1.41355,0.489905,0.0,-1,942.478,12.69,42.0,1.0,"[-1.0, -1.0, -1.0, -1.0, -1.0, -1.0, -1.0, -1.0, -1.0, -1.0, -1.0, -1.0, -1.0, -1.0, -1.0, -1.0, -1.0, -1.0, -1.0]"
2025-05-07 20:44:06.872942,-7.02929,-1.2638,-0.000832129,2.36386,-1.4085,0.49029290000000003,0.0,-1,942.478,12.71,42.0,1.0,"[-1.0, -1.0, -1.0, -1.0, -1.0, -1.0, -1.0, -1.0, -1.0, -1.0, -1.0, -1.0, -1.0, -1.0, -1.0, -1.0, -1.0, -1.0, -1.0]"
2025-05-07 20:44:06.891537,-7.20089,-1.30636,-0.000579169,2.35656,-1.40338,0.4920089,0.0,-1,942.478,12.73,42.0,1.0,"[-1.0, -1.0, -1.0, -1.0, -1.0, -1.0, -1.0, -1.0, -1.0, -1.0, -1.0, -1.0, -1.0, -1.0, -1.0, -1.0, -1.0, -1.0, -1.0]"
2025-05-07 20:44:06.910250,-7.2411,-1.30338,-0.000471503,2.34914,-1.39818,0.49241100000000004,0.0,-1,942.478,12.75,42.0,1.0,"[-1.0, -1.0, -1.0, -1.0, -1.0, -1.0, -1.0, -1.0, -1.0, -1.0, -1.0, -1.0, -1.0, -1.0, -1.0, -1.0, -1.0, -1.0, -1.0]"
2025-05-07 20:44:06.930614,-7.41221,-1.3457,-0.000181437,2.34162,-1.39291,0.4941221,0.0,-1,942.478,12.77,42.0,1.0,"[-1.0, -1.0, -1.0, -1.0, -1.0, -1.0, -1.0, -1.0, -1.0, -1.0, -1.0, -1.0, -1.0, -1.0, -1.0, -1.0, -1.0, -1.0, -1.0]"
2025-05-07 20:44:06.949855,-7.45343,-1.34295,-0.000137488,2.33398,-1.38755,0.4945343,0.0,-1,942.478,12.79,42.0,1.0,"[-1.0, -1.0, -1.0, -1.0, -1.0, -1.0, -1.0, -1.0, -1.0, -1.0, -1.0, -1.0, -1.0, -1.0, -1.0, -1.0, -1.0, -1.0, -1.0]"
2025-05-07 20:44:06.969284,-7.62384,-1.38512,-7.68836e-06,2.32624,-1.38213,0.4962384,0.0,-1,942.478,12.81,42.0,1.0,"[-1.0, -1.0, -1.0, -1.0, -1.0, -1.0, -1.0, -1.0, -1.0, -1.0, -1.0, -1.0, -1.0, -1.0, -1.0, -1.0, -1.0, -1.0, -1.0]"
2025-05-07 20:44:06.988573,-7.66632,-1.38262,0.000113757,2.31838,-1.37662,0.49666319999999997,0.0,-1,942.478,12.83,42.0,1.0,"[-1.0, -1.0, -1.0, -1.0, -1.0, -1.0, -1.0, -1.0, -1.0, -1.0, -1.0, -1.0, -1.0, -1.0, -1.0, -1.0, -1.0, -1.0, -1.0]"
2025-05-07 20:44:07.009956,-7.83618,-1.42464,0.00023503,2.31041,-1.37104,0.49836179999999997,0.0,-1,942.478,12.85,42.0,1.0,"[-1.0, -1.0, -1.0, -1.0, -1.0, -1.0, -1.0, -1.0, -1.0, -1.0, -1.0, -1.0, -1.0, -1.0, -1.0, -1.0, -1.0, -1.0, -1.0]"
2025-05-07 20:44:07.028599,-7.88017,-1.42248,0.000204932,2.30236,-1.36537,0.4988017,0.0,-1,942.478,12.87,42.0,1.0,"[-1.0, -1.0, -1.0, -1.0, -1.0, -1.0, -1.0, -1.0, -1.0, -1.0, -1.0, -1.0, -1.0, -1.0, -1.0, -1.0, -1.0, -1.0, -1.0]"
2025-05-07 20:44:07.049745,-8.04941,-1.46437,0.000244791,2.29417,-1.35964,0.5004941,0.0,-1,942.478,12.89,42.0,1.0,"[-1.0, -1.0, -1.0, -1.0, -1.0, -1.0, -1.0, -1.0, -1.0, -1.0, -1.0, -1.0, -1.0, -1.0, -1.0, -1.0, -1.0, -1.0, -1.0]"
2025-05-07 20:44:07.068645,-8.09527,-1.46258,0.000200857,2.28591,-1.35382,0.5009527,0.0,-1,942.478,12.91,42.0,1.0,"[-1.0, -1.0, -1.0, -1.0, -1.0, -1.0, -1.0, -1.0, -1.0, -1.0, -1.0, -1.0, -1.0, -1.0, -1.0, -1.0, -1.0, -1.0, -1.0]"
2025-05-07 20:44:07.092366,-8.2634,-1.50426,0.000249912,2.2775,-1.34793,0.502634,0.0,-1,942.478,12.93,42.0,1.0,"[-1.0, -1.0, -1.0, -1.0, -1.0, -1.0, -1.0, -1.0, -1.0, -1.0, -1.0, -1.0, -1.0, -1.0, -1.0, -1.0, -1.0, -1.0, -1.0]"
2025-05-07 20:44:07.109133,-8.31332,-1.50334,0.000224344,2.26902,-1.34196,0.5031332,0.0,-1,942.478,12.95,42.0,1.0,"[-1.0, -1.0, -1.0, -1.0, -1.0, -1.0, -1.0, -1.0, -1.0, -1.0, -1.0, -1.0, -1.0, -1.0, -1.0, -1.0, -1.0, -1.0, -1.0]"
2025-05-07 20:44:07.128976,-8.47826,-1.5442,0.000271714,2.26039,-1.33592,0.5047826,0.0,-1,942.478,12.97,42.0,1.0,"[-1.0, -1.0, -1.0, -1.0, -1.0, -1.0, -1.0, -1.0, -1.0, -1.0, -1.0, -1.0, -1.0, -1.0, -1.0, -1.0, -1.0, -1.0, -1.0]"
2025-05-07 20:44:07.150531,-8.54888,-1.54948,0.000278788,2.25169,-1.32977,0.5054888,0.0,-1,942.478,12.99,42.0,1.0,"[-1.0, -1.0, -1.0, -1.0, -1.0, -1.0, -1.0, -1.0, -1.0, -1.0, -1.0, -1.0, -1.0, -1.0, -1.0, -1.0, -1.0, -1.0, -1.0]"
2025-05-07 20:44:07.168993,-8.66453,-1.57465,0.000373692,2.24283,-1.3236,0.5066453,0.0,-1,942.478,13.01,42.0,1.0,"[-1.0, -1.0, -1.0, -1.0, -1.0, -1.0, -1.0, -1.0, -1.0, -1.0, -1.0, -1.0, -1.0, -1.0, -1.0, -1.0, -1.0, -1.0, -1.0]"
2025-05-07 20:44:07.191748,-8.77733,-1.59459,0.000477535,2.23393,-1.3173,0.5077733,0.0,-1,942.478,13.03,42.0,1.0,"[-1.0, -1.0, -1.0, -1.0, -1.0, -1.0, -1.0, -1.0, -1.0, -1.0, -1.0, -1.0, -1.0, -1.0, -1.0, -1.0, -1.0, -1.0, -1.0]"
2025-05-07 20:44:07.210198,-8.90207,-1.61951,0.000646424,2.22485,-1.31093,0.5090207,0.0,-1,942.478,13.05,42.0,1.0,"[-1.0, -1.0, -1.0, -1.0, -1.0, -1.0, -1.0, -1.0, -1.0, -1.0, -1.0, -1.0, -1.0, -1.0, -1.0, -1.0, -1.0, -1.0, -1.0]"
2025-05-07 20:44:07.232111,-8.95895,-1.62527,0.000655096,2.21573,-1.30453,0.5095895,0.0,-1,942.478,13.07,42.0,1.0,"[-1.0, -1.0, -1.0, -1.0, -1.0, -1.0, -1.0, -1.0, -1.0, -1.0, -1.0, -1.0, -1.0, -1.0, -1.0, -1.0, -1.0, -1.0, -1.0]"
2025-05-07 20:44:07.249129,-9.13397,-1.66545,0.000701014,2.20643,-1.29801,0.5113397,0.0,-1,942.478,13.09,42.0,1.0,"[-1.0, -1.0, -1.0, -1.0, -1.0, -1.0, -1.0, -1.0, -1.0, -1.0, -1.0, -1.0, -1.0, -1.0, -1.0, -1.0, -1.0, -1.0, -1.0]"
2025-05-07 20:44:07.270117,-9.21907,-1.67778,0.000680016,2.19709,-1.29138,0.5121907,0.0,-1,942.478,13.11,42.0,1.0,"[-1.0, -1.0, -1.0, -1.0, -1.0, -1.0, -1.0, -1.0, -1.0, -1.0, -1.0, -1.0, -1.0, -1.0, -1.0, -1.0, -1.0, -1.0, -1.0]"
2025-05-07 20:44:07.292316,-9.32072,-1.69817,0.000752317,2.18759,-1.28472,0.5132072,0.0,-1,942.478,13.13,42.0,1.0,"[-1.0, -1.0, -1.0, -1.0, -1.0, -1.0, -1.0, -1.0, -1.0, -1.0, -1.0, -1.0, -1.0, -1.0, -1.0, -1.0, -1.0, -1.0, -1.0]"
2025-05-07 20:44:07.310636,-9.42394,-1.71627,0.000854293,2.17805,-1.27798,0.5142394,0.0,-1,942.478,13.15,42.0,1.0,"[-1.0, -1.0, -1.0, -1.0, -1.0, -1.0, -1.0, -1.0, -1.0, -1.0, -1.0, -1.0, -1.0, -1.0, -1.0, -1.0, -1.0, -1.0, -1.0]"
2025-05-07 20:44:07.331455,-9.5775,-1.74982,0.00103245,2.16832,-1.27113,0.515775,0.0,-1,942.478,13.17,42.0,1.0,"[-1.0, -1.0, -1.0, -1.0, -1.0, -1.0, -1.0, -1.0, -1.0, -1.0, -1.0, -1.0, -1.0, -1.0, -1.0, -1.0, -1.0, -1.0, -1.0]"
2025-05-07 20:44:07.351103,-9.65838,-1.76089,0.00107083,2.15854,-1.2642,0.5165838,0.0,-1,942.478,13.19,42.0,1.0,"[-1.0, -1.0, -1.0, -1.0, -1.0, -1.0, -1.0, -1.0, -1.0, -1.0, -1.0, -1.0, -1.0, -1.0, -1.0, -1.0, -1.0, -1.0, -1.0]"
2025-05-07 20:44:07.369315,-9.75905,-1.7799,0.00111752,2.14864,-1.25722,0.5175905000000001,0.0,-1,942.478,13.21,42.0,1.0,"[-1.0, -1.0, -1.0, -1.0, -1.0, -1.0, -1.0, -1.0, -1.0, -1.0, -1.0, -1.0, -1.0, -1.0, -1.0, -1.0, -1.0, -1.0, -1.0]"
2025-05-07 20:44:07.390586,-9.89474,-1.81579,0.00119061,2.13865,-1.25018,0.5189474,0.0,-1,942.478,13.23,42.0,1.0,"[-1.0, -1.0, -1.0, -1.0, -1.0, -1.0, -1.0, -1.0, -1.0, -1.0, -1.0, -1.0, -1.0, -1.0, -1.0, -1.0, -1.0, -1.0, -1.0]"
2025-05-07 20:44:07.409337,-9.99815,-1.82483,0.00125544,2.12855,-1.24301,0.5199815,0.0,-1,942.478,13.25,42.0,1.0,"[-1.0, -1.0, -1.0, -1.0, -1.0, -1.0, -1.0, -1.0, -1.0, -1.0, -1.0, -1.0, -1.0, -1.0, -1.0, -1.0, -1.0, -1.0, -1.0]"
2025-05-07 20:44:07.429584,-10.1039,-1.84364,0.0014202,2.11834,-1.23576,0.5210389999999999,0.0,-1,942.478,13.27,42.0,1.0,"[-1.0, -1.0, -1.0, -1.0, -1.0, -1.0, -1.0, -1.0, -1.0, -1.0, -1.0, -1.0, -1.0, -1.0, -1.0, -1.0, -1.0, -1.0, -1.0]"
2025-05-07 20:44:07.449520,-10.2369,-1.87463,0.00152965,2.10804,-1.22845,0.522369,0.0,-1,942.478,13.29,42.0,1.0,"[-1.0, -1.0, -1.0, -1.0, -1.0, -1.0, -1.0, -1.0, -1.0, -1.0, -1.0, -1.0, -1.0, -1.0, -1.0, -1.0, -1.0, -1.0, -1.0]"
2025-05-07 20:44:07.472252,-10.3117,-1.8838,0.00152588,2.09761,-1.22111,0.523117,0.0,-1,942.478,13.31,42.0,1.0,"[-1.0, -1.0, -1.0, -1.0, -1.0, -1.0, -1.0, -1.0, -1.0, -1.0, -1.0, -1.0, -1.0, -1.0, -1.0, -1.0, -1.0, -1.0, -1.0]"
2025-05-07 20:44:07.490840,-10.3853,-1.89199,0.00159351,2.08714,-1.21366,0.523853,0.0,-1,942.478,13.33,42.0,1.0,"[-1.0, -1.0, -1.0, -1.0, -1.0, -1.0, -1.0, -1.0, -1.0, -1.0, -1.0, -1.0, -1.0, -1.0, -1.0, -1.0, -1.0, -1.0, -1.0]"
2025-05-07 20:44:07.511895,-10.5528,-1.93502,0.00171084,2.07648,-1.20609,0.525528,0.0,-1,942.478,13.35,42.0,1.0,"[-1.0, -1.0, -1.0, -1.0, -1.0, -1.0, -1.0, -1.0, -1.0, -1.0, -1.0, -1.0, -1.0, -1.0, -1.0, -1.0, -1.0, -1.0, -1.0]"
2025-05-07 20:44:07.912584,-10.6938,-1.96313,0.00189728,2.06581,-1.19845,0.5269379999999999,0.0,-1,942.478,13.37,42.0,1.0,"[-1.0, -1.0, -1.0, -1.0, -1.0, -1.0, -1.0, -1.0, -1.0, -1.0, -1.0, -1.0, -1.0, -1.0, -1.0, -1.0, -1.0, -1.0, -1.0]"
2025-05-07 20:44:07.914958,-10.7697,-1.96941,0.00193228,2.05498,-1.19072,0.527697,0.0,-1,942.478,13.39,42.0,1.0,"[-1.0, -1.0, -1.0, -1.0, -1.0, -1.0, -1.0, -1.0, -1.0, -1.0, -1.0, -1.0, -1.0, -1.0, -1.0, -1.0, -1.0, -1.0, -1.0]"
2025-05-07 20:44:07.916622,-10.852,-1.98197,0.00198275,2.0441,-1.18291,0.52852,0.0,-1,942.478,13.41,42.0,1.0,"[-1.0, -1.0, -1.0, -1.0, -1.0, -1.0, -1.0, -1.0, -1.0, -1.0, -1.0, -1.0, -1.0, -1.0, -1.0, -1.0, -1.0, -1.0, -1.0]"
2025-05-07 20:44:07.918234,-10.9851,-2.01776,0.00208417,2.03309,-1.17506,0.5298510000000001,0.0,-1,942.478,13.43,42.0,1.0,"[-1.0, -1.0, -1.0, -1.0, -1.0, -1.0, -1.0, -1.0, -1.0, -1.0, -1.0, -1.0, -1.0, -1.0, -1.0, -1.0, -1.0, -1.0, -1.0]"
2025-05-07 20:44:07.920016,-11.1269,-2.05029,0.00227088,2.02199,-1.16709,0.531269,0.0,-1,942.478,13.45,42.0,1.0,"[-1.0, -1.0, -1.0, -1.0, -1.0, -1.0, -1.0, -1.0, -1.0, -1.0, -1.0, -1.0, -1.0, -1.0, -1.0, -1.0, -1.0, -1.0, -1.0]"
2025-05-07 20:44:07.921706,-11.2261,-2.05714,0.00238676,2.01083,-1.15904,0.532261,0.0,-1,942.478,13.47,42.0,1.0,"[-1.0, -1.0, -1.0, -1.0, -1.0, -1.0, -1.0, -1.0, -1.0, -1.0, -1.0, -1.0, -1.0, -1.0, -1.0, -1.0, -1.0, -1.0, -1.0]"
2025-05-07 20:44:07.923612,-11.3289,-2.07756,0.00243376,1.99951,-1.15088,0.533289,0.0,-1,942.478,13.49,42.0,1.0,"[-1.0, -1.0, -1.0, -1.0, -1.0, -1.0, -1.0, -1.0, -1.0, -1.0, -1.0, -1.0, -1.0, -1.0, -1.0, -1.0, -1.0, -1.0, -1.0]"
2025-05-07 20:44:07.928665,-11.4456,-2.09954,0.00254322,1.98819,-1.14265,0.534456,0.0,-1,942.478,13.51,42.0,1.0,"[-1.0, -1.0, -1.0, -1.0, -1.0, -1.0, -1.0, -1.0, -1.0, -1.0, -1.0, -1.0, -1.0, -1.0, -1.0, -1.0, -1.0, -1.0, -1.0]"
2025-05-07 20:44:07.930266,-11.5459,-2.12456,0.00270203,1.9767,-1.13439,0.535459,0.0,-1,942.478,13.53,42.0,1.0,"[-1.0, -1.0, -1.0, -1.0, -1.0, -1.0, -1.0, -1.0, -1.0, -1.0, -1.0, -1.0, -1.0, -1.0, -1.0, -1.0, -1.0, -1.0, -1.0]"
2025-05-07 20:44:07.931605,-11.6684,-2.1516,0.0028124,1.96515,-1.12605,0.5366839999999999,0.0,-1,942.478,13.55,42.0,1.0,"[-1.0, -1.0, -1.0, -1.0, -1.0, -1.0, -1.0, -1.0, -1.0, -1.0, -1.0, -1.0, -1.0, -1.0, -1.0, -1.0, -1.0, -1.0, -1.0]"
2025-05-07 20:44:07.933244,-11.7827,-2.17177,0.00285003,1.95355,-1.11756,0.5378269999999999,0.0,-1,951.465,13.57,42.0,1.0,"[-1.0, -1.0, -1.0, -1.0, -1.0, -1.0, -1.0, -1.0, -1.0, -1.0, -1.0, -1.0, -1.0, -1.0, -1.0, -1.0, -1.0, -1.0, -1.0]"
2025-05-07 20:44:07.934472,-11.9004,-2.18501,0.00293006,1.94178,-1.109,0.5390039999999999,0.0,-1,959.67,13.59,42.0,1.0,"[-1.0, -1.0, -1.0, -1.0, -1.0, -1.0, -1.0, -1.0, -1.0, -1.0, -1.0, -1.0, -1.0, -1.0, -1.0, -1.0, -1.0, -1.0, -1.0]"
2025-05-07 20:44:07.935775,-12.0172,-2.20855,0.0030798,1.93002,-1.10033,0.540172,0.0,-1,965.675,13.61,42.0,1.0,"[-1.0, -1.0, -1.0, -1.0, -1.0, -1.0, -1.0, -1.0, -1.0, -1.0, -1.0, -1.0, -1.0, -1.0, -1.0, -1.0, -1.0, -1.0, -1.0]"
2025-05-07 20:44:07.937689,-12.1484,-2.23887,0.00323284,1.9181,-1.0916,0.5414840000000001,0.0,-1,976.049,13.63,42.0,1.0,"[-1.0, -1.0, -1.0, -1.0, -1.0, -1.0, -1.0, -1.0, -1.0, -1.0, -1.0, -1.0, -1.0, -1.0, -1.0, -1.0, -1.0, -1.0, -1.0]"
2025-05-07 20:44:07.939132,-12.2603,-2.26589,0.00328249,1.90612,-1.08281,0.5426030000000001,0.0,-1,987.699,13.65,42.0,1.0,"[-1.0, -1.0, -1.0, -1.0, -1.0, -1.0, -1.0, -1.0, -1.0, -1.0, -1.0, -1.0, -1.0, -1.0, -1.0, -1.0, -1.0, -1.0, -1.0]"
2025-05-07 20:44:07.940403,-12.3661,-2.2836,0.00340106,1.89409,-1.07395,0.5436610000000001,0.0,-1,998.383,13.67,42.0,1.0,"[-1.0, -1.0, -1.0, -1.0, -1.0, -1.0, -1.0, -1.0, -1.0, -1.0, -1.0, -1.0, -1.0, -1.0, -1.0, -1.0, -1.0, -1.0, -1.0]"
2025-05-07 20:44:07.942841,-12.4728,-2.29744,0.00361067,1.8819,-1.06496,0.544728,0.0,-1,1005.63,13.69,42.0,1.0,"[-1.0, -1.0, -1.0, -1.0, -1.0, -1.0, -1.0, -1.0, -1.0, -1.0, -1.0, -1.0, -1.0, -1.0, -1.0, -1.0, -1.0, -1.0, -1.0]"
2025-05-07 20:44:07.945030,-12.6052,-2.3221,0.00374008,1.8697,-1.05586,0.546052,0.0,-1,1003.38,13.71,42.0,1.0,"[-1.0, -1.0, -1.0, -1.0, -1.0, -1.0, -1.0, -1.0, -1.0, -1.0, -1.0, -1.0, -1.0, -1.0, -1.0, -1.0, -1.0, -1.0, -1.0]"
2025-05-07 20:44:07.946703,-12.7615,-2.353,0.00389569,1.85747,-1.04665,0.547615,0.0,-1,955.91,13.73,42.0,1.0,"[-1.0, -1.0, -1.0, -1.0, -1.0, -1.0, -1.0, -1.0, -1.0, -1.0, -1.0, -1.0, -1.0, -1.0, -1.0, -1.0, -1.0, -1.0, -1.0]"
2025-05-07 20:44:07.948014,-12.9139,-2.385,0.00410246,1.84508,-1.03738,0.5491389999999999,0.0,-1,942.478,13.75,42.0,1.0,"[-1.0, -1.0, -1.0, -1.0, -1.0, -1.0, -1.0, -1.0, -1.0, -1.0, -1.0, -1.0, -1.0, -1.0, -1.0, -1.0, -1.0, -1.0, -1.0]"
2025-05-07 20:44:07.949312,-13.0041,-2.40194,0.0041874,1.83265,-1.02806,0.550041,0.0,-1,961.257,13.77,42.0,1.0,"[-1.0, -1.0, -1.0, -1.0, -1.0, -1.0, -1.0, -1.0, -1.0, -1.0, -1.0, -1.0, -1.0, -1.0, -1.0, -1.0, -1.0, -1.0, -1.0]"
2025-05-07 20:44:07.950938,-13.0618,-2.40724,0.00433745,1.82016,-1.01863,0.5506179999999999,0.0,-1,1019.87,13.79,42.0,1.0,"[-1.0, -1.0, -1.0, -1.0, -1.0, -1.0, -1.0, -1.0, -1.0, -1.0, -1.0, -1.0, -1.0, -1.0, -1.0, -1.0, -1.0, -1.0, -1.0]"
2025-05-07 20:44:07.970022,-13.1541,-2.42548,0.00453334,1.80757,-1.0091,0.551541,0.0,-1,1079.42,13.81,42.0,1.0,"[-1.0, -1.0, -1.0, -1.0, -1.0, -1.0, -1.0, -1.0, -1.0, -1.0, -1.0, -1.0, -1.0, -1.0, -1.0, -1.0, -1.0, -1.0, -1.0]"
2025-05-07 20:44:07.991550,-13.2992,-2.45657,0.00466404,1.79492,-0.999467,0.552992,0.0,-1,1064.9,13.83,42.0,1.0,"[-1.0, -1.0, -1.0, -1.0, -1.0, -1.0, -1.0, -1.0, -1.0, -1.0, -1.0, -1.0, -1.0, -1.0, -1.0, -1.0, -1.0, -1.0, -1.0]"
2025-05-07 20:44:08.011288,-13.4792,-2.49745,0.00487755,1.78225,-0.989751,0.554792,0.0,-1,1023.75,13.85,42.0,1.0,"[-1.0, -1.0, -1.0, -1.0, -1.0, -1.0, -1.0, -1.0, -1.0, -1.0, -1.0, -1.0, -1.0, -1.0, -1.0, -1.0, -1.0, -1.0, -1.0]"
2025-05-07 20:44:08.031698,-13.6338,-2.52953,0.00499884,1.76949,-0.979953,0.556338,0.0,-1,1002.85,13.87,42.0,1.0,"[-1.0, -1.0, -1.0, -1.0, -1.0, -1.0, -1.0, -1.0, -1.0, -1.0, -1.0, -1.0, -1.0, -1.0, -1.0, -1.0, -1.0, -1.0, -1.0]"
2025-05-07 20:44:08.051332,-13.7397,-2.54669,0.00507731,1.75664,-0.970075,0.557397,0.0,-1,1021.74,13.89,42.0,1.0,"[-1.0, -1.0, -1.0, -1.0, -1.0, -1.0, -1.0, -1.0, -1.0, -1.0, -1.0, -1.0, -1.0, -1.0, -1.0, -1.0, -1.0, -1.0, -1.0]"
2025-05-07 20:44:08.072307,-13.7972,-2.55736,0.00524013,1.74374,-0.960117,0.557972,0.0,-1,1079.21,13.91,42.0,1.0,"[-1.0, -1.0, -1.0, -1.0, -1.0, -1.0, -1.0, -1.0, -1.0, -1.0, -1.0, -1.0, -1.0, -1.0, -1.0, -1.0, -1.0, -1.0, -1.0]"
2025-05-07 20:44:08.092515,-13.876,-2.56873,0.00545833,1.7308,-0.950077,0.5587599999999999,0.0,-1,1139.0,13.93,42.0,1.0,"[-1.0, -1.0, -1.0, -1.0, -1.0, -1.0, -1.0, -1.0, -1.0, -1.0, -1.0, -1.0, -1.0, -1.0, -1.0, -1.0, -1.0, -1.0, -1.0]"
2025-05-07 20:44:08.110039,-14.0031,-2.59572,0.0056478,1.71777,-0.939931,0.5600310000000001,0.0,-1,1133.35,13.95,42.0,1.0,"[-1.0, -1.0, -1.0, -1.0, -1.0, -1.0, -1.0, -1.0, -1.0, -1.0, -1.0, -1.0, -1.0, -1.0, -1.0, -1.0, -1.0, -1.0, -1.0]"
2025-05-07 20:44:08.130776,-14.183,-2.6379,0.00586024,1.70468,-0.92968,0.56183,0.0,-1,1111.93,13.97,42.0,1.0,"[-1.0, -1.0, -1.0, -1.0, -1.0, -1.0, -1.0, -1.0, -1.0, -1.0, -1.0, -1.0, -1.0, -1.0, -1.0, -1.0, -1.0, -1.0, -1.0]"
2025-05-07 20:44:08.150257,-14.3656,-2.67509,0.00601851,1.69158,-0.919347,0.563656,0.0,-1,1071.85,13.99,42.0,1.0,"[-1.0, -1.0, -1.0, -1.0, -1.0, -1.0, -1.0, -1.0, -1.0, -1.0, -1.0, -1.0, -1.0, -1.0, -1.0, -1.0, -1.0, -1.0, -1.0]"
2025-05-07 20:44:08.171981,-14.4911,-2.70041,0.00621058,1.67842,-0.908921,0.564911,0.0,-1,1071.19,14.01,42.0,1.0,"[-1.0, -1.0, -1.0, -1.0, -1.0, -1.0, -1.0, -1.0, -1.0, -1.0, -1.0, -1.0, -1.0, -1.0, -1.0, -1.0, -1.0, -1.0, -1.0]"
2025-05-07 20:44:08.189452,-14.5695,-2.71188,0.00632845,1.66522,-0.898405,0.565695,0.0,-1,1117.45,14.03,42.0,1.0,"[-1.0, -1.0, -1.0, -1.0, -1.0, -1.0, -1.0, -1.0, -1.0, -1.0, -1.0, -1.0, -1.0, -1.0, -1.0, -1.0, -1.0, -1.0, -1.0]"
2025-05-07 20:44:08.211611,-14.6443,-2.72515,0.00650357,1.65197,-0.887821,0.566443,0.0,-1,1169.47,14.05,42.0,1.0,"[-1.0, -1.0, -1.0, -1.0, -1.0, -1.0, -1.0, -1.0, -1.0, -1.0, -1.0, -1.0, -1.0, -1.0, -1.0, -1.0, -1.0, -1.0, -1.0]"
2025-05-07 20:44:08.231414,-14.7392,-2.74546,0.00673325,1.63867,-0.877141,0.567392,0.0,-1,1227.81,14.07,42.0,1.0,"[-1.0, -1.0, -1.0, -1.0, -1.0, -1.0, -1.0, -1.0, -1.0, -1.0, -1.0, -1.0, -1.0, -1.0, -1.0, -1.0, -1.0, -1.0, -1.0]"
2025-05-07 20:44:08.249363,-14.8593,-2.77108,0.00692002,1.62536,-0.866349,0.568593,0.0,-1,1254.99,14.09,42.0,1.0,"[-1.0, -1.0, -1.0, -1.0, -1.0, -1.0, -1.0, -1.0, -1.0, -1.0, -1.0, -1.0, -1.0, -1.0, -1.0, -1.0, -1.0, -1.0, -1.0]"
2025-05-07 20:44:08.272296,-15.0485,-2.81664,0.00715025,1.61204,-0.855442,0.570485,0.0,-1,1207.9,14.11,42.0,1.0,"[-1.0, -1.0, -1.0, -1.0, -1.0, -1.0, -1.0, -1.0, -1.0, -1.0, -1.0, -1.0, -1.0, -1.0, -1.0, -1.0, -1.0, -1.0, -1.0]"
2025-05-07 20:44:08.291561,-15.2165,-2.85026,0.00732805,1.59872,-0.844445,0.5721649999999999,0.0,-1,1176.08,14.13,42.0,1.0,"[-1.0, -1.0, -1.0, -1.0, -1.0, -1.0, -1.0, -1.0, -1.0, -1.0, -1.0, -1.0, -1.0, -1.0, -1.0, -1.0, -1.0, -1.0, -1.0]"
2025-05-07 20:44:08.309909,-15.3519,-2.87324,0.00756007,1.58538,-0.833362,0.573519,0.0,-1,1156.32,14.15,42.0,1.0,"[-1.0, -1.0, -1.0, -1.0, -1.0, -1.0, -1.0, -1.0, -1.0, -1.0, -1.0, -1.0, -1.0, -1.0, -1.0, -1.0, -1.0, -1.0, -1.0]"
2025-05-07 20:44:08.331466,-15.4369,-2.88391,0.00767491,1.572,-0.822193,0.574369,0.0,-1,1169.21,14.17,42.0,1.0,"[-1.0, -1.0, -1.0, -1.0, -1.0, -1.0, -1.0, -1.0, -1.0, -1.0, -1.0, -1.0, -1.0, -1.0, -1.0, -1.0, -1.0, -1.0, -1.0]"
2025-05-07 20:44:08.348901,-15.5183,-2.89891,0.00792974,1.55857,-0.810945,0.575183,0.0,-1,1214.24,14.19,42.0,1.0,"[-1.0, -1.0, -1.0, -1.0, -1.0, -1.0, -1.0, -1.0, -1.0, -1.0, -1.0, -1.0, -1.0, -1.0, -1.0, -1.0, -1.0, -1.0, -1.0]"
2025-05-07 20:44:08.370856,-15.6483,-2.92551,0.00810854,1.54517,-0.799609,0.576483,0.0,-1,1206.55,14.21,42.0,1.0,"[-1.0, -1.0, -1.0, -1.0, -1.0, -1.0, -1.0, -1.0, -1.0, -1.0, -1.0, -1.0, -1.0, -1.0, -1.0, -1.0, -1.0, -1.0, -1.0]"
2025-05-07 20:44:08.391815,-15.8133,-2.95855,0.00840461,1.53169,-0.788179,0.578133,0.0,-1,1188.45,14.23,42.0,1.0,"[-1.0, -1.0, -1.0, -1.0, -1.0, -1.0, -1.0, -1.0, -1.0, -1.0, -1.0, -1.0, -1.0, -1.0, -1.0, -1.0, -1.0, -1.0, -1.0]"
2025-05-07 20:44:08.411160,-15.9954,-3.00391,0.00856678,1.51824,-0.77664,0.5799540000000001,0.0,-1,1160.27,14.25,42.0,1.0,"[-1.0, -1.0, -1.0, -1.0, -1.0, -1.0, -1.0, -1.0, -1.0, -1.0, -1.0, -1.0, -1.0, -1.0, -1.0, -1.0, -1.0, -1.0, -1.0]"
2025-05-07 20:44:08.430056,-16.1481,-3.03572,0.00879714,1.50477,-0.765001,0.581481,0.0,-1,1161.47,14.27,42.0,1.0,"[-1.0, -1.0, -1.0, -1.0, -1.0, -1.0, -1.0, -1.0, -1.0, -1.0, -1.0, -1.0, -1.0, -1.0, -1.0, -1.0, -1.0, -1.0, -1.0]"
2025-05-07 20:44:08.448817,-16.2636,-3.0557,0.00898328,1.4913,-0.753275,0.5826359999999999,0.0,-1,1199.81,14.29,42.0,1.0,"[-1.0, -1.0, -1.0, -1.0, -1.0, -1.0, -1.0, -1.0, -1.0, -1.0, -1.0, -1.0, -1.0, -1.0, -1.0, -1.0, -1.0, -1.0, -1.0]"
2025-05-07 20:44:08.469179,-16.3277,-3.06765,0.00921683,1.47785,-0.741455,0.583277,0.0,-1,1283.53,14.31,42.0,1.0,"[-1.0, -1.0, -1.0, -1.0, -1.0, -1.0, -1.0, -1.0, -1.0, -1.0, -1.0, -1.0, -1.0, -1.0, -1.0, -1.0, -1.0, -1.0, -1.0]"
2025-05-07 20:44:08.488932,-16.404,-3.08086,0.00940368,1.46442,-0.729538,0.58404,0.0,-1,1357.21,14.33,42.0,1.0,"[-1.0, -1.0, -1.0, -1.0, -1.0, -1.0, -1.0, -1.0, -1.0, -1.0, -1.0, -1.0, -1.0, -1.0, -1.0, -1.0, -1.0, -1.0, -1.0]"
2025-05-07 20:44:08.512279,-16.5261,-3.11096,0.00963434,1.45102,-0.717525,0.585261,0.0,-1,1378.2,14.35,42.0,1.0,"[-1.0, -1.0, -1.0, -1.0, -1.0, -1.0, -1.0, -1.0, -1.0, -1.0, -1.0, -1.0, -1.0, -1.0, -1.0, -1.0, -1.0, -1.0, -1.0]"
2025-05-07 20:44:08.530089,-16.6966,-3.14665,0.00979687,1.43763,-0.705411,0.586966,0.0,-1,1339.97,14.37,42.0,1.0,"[-1.0, -1.0, -1.0, -1.0, -1.0, -1.0, -1.0, -1.0, -1.0, -1.0, -1.0, -1.0, -1.0, -1.0, -1.0, -1.0, -1.0, -1.0, -1.0]"
2025-05-07 20:44:08.548558,-16.8814,-3.18754,0.0100411,1.42425,-0.693186,0.588814,0.0,-1,1291.88,14.39,42.0,1.0,"[-1.0, -1.0, -1.0, -1.0, -1.0, -1.0, -1.0, -1.0, -1.0, -1.0, -1.0, -1.0, -1.0, -1.0, -1.0, -1.0, -1.0, -1.0, -1.0]"
2025-05-07 20:44:08.572097,-17.0534,-3.22097,0.0102317,1.41093,-0.680858,0.590534,0.0,-1,1252.38,14.41,42.0,1.0,"[-1.0, -1.0, -1.0, -1.0, -1.0, -1.0, -1.0, -1.0, -1.0, -1.0, -1.0, -1.0, -1.0, -1.0, -1.0, -1.0, -1.0, -1.0, -1.0]"
2025-05-07 20:44:08.590327,-17.1897,-3.24693,0.0104467,1.39762,-0.668451,0.591897,0.0,-1,1263.6,14.43,42.0,1.0,"[-1.0, -1.0, -1.0, -1.0, -1.0, -1.0, -1.0, -1.0, -1.0, -1.0, -1.0, -1.0, -1.0, -1.0, -1.0, -1.0, -1.0, -1.0, -1.0]"
2025-05-07 20:44:08.611668,-17.2698,-3.25936,0.0106191,1.3843,-0.655949,0.5926980000000001,0.0,-1,1319.99,14.45,42.0,1.0,"[-1.0, -1.0, -1.0, -1.0, -1.0, -1.0, -1.0, -1.0, -1.0, -1.0, -1.0, -1.0, -1.0, -1.0, -1.0, -1.0, -1.0, -1.0, -1.0]"
2025-05-07 20:44:08.632976,-17.3499,-3.27544,0.0108422,1.37105,-0.643355,0.593499,0.0,-1,1395.75,14.47,42.0,1.0,"[-1.0, -1.0, -1.0, -1.0, -1.0, -1.0, -1.0, -1.0, -1.0, -1.0, -1.0, -1.0, -1.0, -1.0, -1.0, -1.0, -1.0, -1.0, -1.0]"
2025-05-07 20:44:08.650760,-17.4621,-3.30146,0.0110862,1.35787,-0.630651,0.594621,0.0,-1,1437.61,14.49,42.0,1.0,"[-1.0, -1.0, -1.0, -1.0, -1.0, -1.0, -1.0, -1.0, -1.0, -1.0, -1.0, -1.0, -1.0, -1.0, -1.0, -1.0, -1.0, -1.0, -1.0]"
2025-05-07 20:44:08.669230,-17.6101,-3.33062,0.0114153,1.34477,-0.617851,0.596101,0.0,-1,1424.1,14.51,42.0,1.0,"[-1.0, -1.0, -1.0, -1.0, -1.0, -1.0, -1.0, -1.0, -1.0, -1.0, -1.0, -1.0, -1.0, -1.0, -1.0, -1.0, -1.0, -1.0, -1.0]"
2025-05-07 20:44:08.688456,-17.7993,-3.3773,0.0116354,1.33168,-0.604929,0.597993,0.0,-1,1383.73,14.53,42.0,1.0,"[-1.0, -1.0, -1.0, -1.0, -1.0, -1.0, -1.0, -1.0, -1.0, -1.0, -1.0, -1.0, -1.0, -1.0, -1.0, -1.0, -1.0, -1.0, -1.0]"
2025-05-07 20:44:08.712605,-17.9839,-3.41417,0.0118999,1.31867,-0.591915,0.599839,0.0,-1,1340.87,14.55,42.0,1.0,"[-1.0, -1.0, -1.0, -1.0, -1.0, -1.0, -1.0, -1.0, -1.0, -1.0, -1.0, -1.0, -1.0, -1.0, -1.0, -1.0, -1.0, -1.0, -1.0]"
2025-05-07 20:44:08.730300,-18.1265,-3.44338,0.012108,1.30578,-0.578808,0.601265,0.0,-1,1339.37,14.57,42.0,1.0,"[-1.0, -1.0, -1.0, -1.0, -1.0, -1.0, -1.0, -1.0, -1.0, -1.0, -1.0, -1.0, -1.0, -1.0, -1.0, -1.0, -1.0, -1.0, -1.0]"
2025-05-07 20:44:08.750781,-18.2363,-3.46191,0.0122706,1.2929,-0.565613,0.602363,0.0,-1,1379.15,14.59,42.0,1.0,"[-1.0, -1.0, -1.0, -1.0, -1.0, -1.0, -1.0, -1.0, -1.0, -1.0, -1.0, -1.0, -1.0, -1.0, -1.0, -1.0, -1.0, -1.0, -1.0]"
2025-05-07 20:44:08.771375,-18.3172,-3.47886,0.0123695,1.28012,-0.552317,0.603172,0.0,-1,1446.61,14.61,42.0,1.0,"[-1.0, -1.0, -1.0, -1.0, -1.0, -1.0, -1.0, -1.0, -1.0, -1.0, -1.0, -1.0, -1.0, -1.0, -1.0, -1.0, -1.0, -1.0, -1.0]"
2025-05-07 20:44:08.789554,-18.4181,-3.4973,0.0126379,1.26747,-0.538924,0.604181,0.0,-1,1493.99,14.63,42.0,1.0,"[-1.0, -1.0, -1.0, -1.0, -1.0, -1.0, -1.0, -1.0, -1.0, -1.0, -1.0, -1.0, -1.0, -1.0, -1.0, -1.0, -1.0, -1.0, -1.0]"
2025-05-07 20:44:08.814024,-18.5541,-3.52883,0.0128527,1.25486,-0.52542,0.605541,0.0,-1,1505.32,14.65,42.0,1.0,"[-1.0, -1.0, -1.0, -1.0, -1.0, -1.0, -1.0, -1.0, -1.0, -1.0, -1.0, -1.0, -1.0, -1.0, -1.0, -1.0, -1.0, -1.0, -1.0]"
2025-05-07 20:44:08.832250,-18.7336,-3.56871,0.0131464,1.24239,-0.511798,0.607336,0.0,-1,1472.65,14.67,42.0,1.0,"[-1.0, -1.0, -1.0, -1.0, -1.0, -1.0, -1.0, -1.0, -1.0, -1.0, -1.0, -1.0, -1.0, -1.0, -1.0, -1.0, -1.0, -1.0, -1.0]"
2025-05-07 20:44:08.850287,-18.9209,-3.61124,0.0133879,1.23,-0.498082,0.609209,0.0,-1,1436.75,14.69,42.0,1.0,"[-1.0, -1.0, -1.0, -1.0, -1.0, -1.0, -1.0, -1.0, -1.0, -1.0, -1.0, -1.0, -1.0, -1.0, -1.0, -1.0, -1.0, -1.0, -1.0]"
2025-05-07 20:44:08.868771,-19.0875,-3.64618,0.013616,1.21777,-0.484262,0.610875,0.0,-1,1419.73,14.71,42.0,1.0,"[-1.0, -1.0, -1.0, -1.0, -1.0, -1.0, -1.0, -1.0, -1.0, -1.0, -1.0, -1.0, -1.0, -1.0, -1.0, -1.0, -1.0, -1.0, -1.0]"
2025-05-07 20:44:08.889618,-19.2212,-3.67285,0.0138489,1.20559,-0.47035,0.612212,0.0,-1,1441.14,14.73,42.0,1.0,"[-1.0, -1.0, -1.0, -1.0, -1.0, -1.0, -1.0, -1.0, -1.0, -1.0, -1.0, -1.0, -1.0, -1.0, -1.0, -1.0, -1.0, -1.0, -1.0]"
2025-05-07 20:44:08.908470,-19.3139,-3.68879,0.0140479,1.1936,-0.456347,0.613139,0.0,-1,1493.78,14.75,42.0,1.0,"[-1.0, -1.0, -1.0, -1.0, -1.0, -1.0, -1.0, -1.0, -1.0, -1.0, -1.0, -1.0, -1.0, -1.0, -1.0, -1.0, -1.0, -1.0, -1.0]"
2025-05-07 20:44:08.931413,-19.408,-3.70844,0.01418,1.18171,-0.44224,0.61408,0.0,-1,1550.75,14.77,42.0,1.0,"[-1.0, -1.0, -1.0, -1.0, -1.0, -1.0, -1.0, -1.0, -1.0, -1.0, -1.0, -1.0, -1.0, -1.0, -1.0, -1.0, -1.0, -1.0, -1.0]"
2025-05-07 20:44:08.950542,-19.5284,-3.73437,0.0144108,1.16997,-0.428018,0.615284,0.0,-1,1581.63,14.79,42.0,1.0,"[-1.0, -1.0, -1.0, -1.0, -1.0, -1.0, -1.0, -1.0, -1.0, -1.0, -1.0, -1.0, -1.0, -1.0, -1.0, -1.0, -1.0, -1.0, -1.0]"
2025-05-07 20:44:08.970043,-19.6832,-3.76695,0.0145881,1.15836,-0.413695,0.616832,0.0,-1,1566.57,14.81,42.0,1.0,"[-1.0, -1.0, -1.0, -1.0, -1.0, -1.0, -1.0, -1.0, -1.0, -1.0, -1.0, -1.0, -1.0, -1.0, -1.0, -1.0, -1.0, -1.0, -1.0]"
2025-05-07 20:44:08.990608,-19.8717,-3.81201,0.0148673,1.14688,-0.399252,0.6187170000000001,0.0,-1,1538.68,14.83,42.0,1.0,"[-1.0, -1.0, -1.0, -1.0, -1.0, -1.0, -1.0, -1.0, -1.0, -1.0, -1.0, -1.0, -1.0, -1.0, -1.0, -1.0, -1.0, -1.0, -1.0]"
2025-05-07 20:44:09.012035,-20.057,-3.85267,0.0150882,1.13561,-0.384712,0.6205700000000001,0.0,-1,1510.61,14.85,42.0,1.0,"[-1.0, -1.0, -1.0, -1.0, -1.0, -1.0, -1.0, -1.0, -1.0, -1.0, -1.0, -1.0, -1.0, -1.0, -1.0, -1.0, -1.0, -1.0, -1.0]"
2025-05-07 20:44:09.029690,-20.2121,-3.88544,0.0153339,1.12449,-0.370073,0.622121,0.0,-1,1512.69,14.87,42.0,1.0,"[-1.0, -1.0, -1.0, -1.0, -1.0, -1.0, -1.0, -1.0, -1.0, -1.0, -1.0, -1.0, -1.0, -1.0, -1.0, -1.0, -1.0, -1.0, -1.0]"
2025-05-07 20:44:09.050513,-20.3402,-3.91121,0.0155778,1.11357,-0.355335,0.623402,0.0,-1,1545.81,14.89,42.0,1.0,"[-1.0, -1.0, -1.0, -1.0, -1.0, -1.0, -1.0, -1.0, -1.0, -1.0, -1.0, -1.0, -1.0, -1.0, -1.0, -1.0, -1.0, -1.0, -1.0]"
2025-05-07 20:44:09.068754,-20.4347,-3.93005,0.0158274,1.10281,-0.340496,0.624347,0.0,-1,1598.24,14.91,42.0,1.0,"[-1.0, -1.0, -1.0, -1.0, -1.0, -1.0, -1.0, -1.0, -1.0, -1.0, -1.0, -1.0, -1.0, -1.0, -1.0, -1.0, -1.0, -1.0, -1.0]"
2025-05-07 20:44:09.091732,-20.5394,-3.95059,0.0160934,1.09224,-0.325554,0.625394,0.0,-1,1642.11,14.93,42.0,1.0,"[-1.0, -1.0, -1.0, -1.0, -1.0, -1.0, -1.0, -1.0, -1.0, -1.0, -1.0, -1.0, -1.0, -1.0, -1.0, -1.0, -1.0, -1.0, -1.0]"
2025-05-07 20:44:09.110982,-20.6739,-3.98072,0.0163509,1.08185,-0.310496,0.626739,0.0,-1,1656.45,14.95,42.0,1.0,"[-1.0, -1.0, -1.0, -1.0, -1.0, -1.0, -1.0, -1.0, -1.0, -1.0, -1.0, -1.0, -1.0, -1.0, -1.0, -1.0, -1.0, -1.0, -1.0]"
2025-05-07 20:44:09.131175,-20.8373,-4.0149,0.0166392,1.07169,-0.295333,0.628373,0.0,-1,1640.85,14.97,42.0,1.0,"[-1.0, -1.0, -1.0, -1.0, -1.0, -1.0, -1.0, -1.0, -1.0, -1.0, -1.0, -1.0, -1.0, -1.0, -1.0, -1.0, -1.0, -1.0, -1.0]"
2025-05-07 20:44:09.151722,-21.0278,-4.06122,0.0169438,1.06177,-0.280054,0.630278,0.0,-1,1617.45,14.99,42.0,1.0,"[-1.0, -1.0, -1.0, -1.0, -1.0, -1.0, -1.0, -1.0, -1.0, -1.0, -1.0, -1.0, -1.0, -1.0, -1.0, -1.0, -1.0, -1.0, -1.0]"
2025-05-07 20:44:09.170089,-21.21,-4.10198,0.0171638,1.05207,-0.264672,0.6321,0.0,-1,1602.57,15.01,42.0,1.0,"[-1.0, -1.0, -1.0, -1.0, -1.0, -1.0, -1.0, -1.0, -1.0, -1.0, -1.0, -1.0, -1.0, -1.0, -1.0, -1.0, -1.0, -1.0, -1.0]"
2025-05-07 20:44:09.192182,-21.3637,-4.13555,0.0174304,1.04261,-0.249188,0.633637,0.0,-1,1612.3,15.03,42.0,1.0,"[-1.0, -1.0, -1.0, -1.0, -1.0, -1.0, -1.0, -1.0, -1.0, -1.0, -1.0, -1.0, -1.0, -1.0, -1.0, -1.0, -1.0, -1.0, -1.0]"
2025-05-07 20:44:09.210459,-21.4933,-4.1619,0.0176482,1.03338,-0.233602,0.6349330000000001,0.0,-1,1645.83,15.05,42.0,1.0,"[-1.0, -1.0, -1.0, -1.0, -1.0, -1.0, -1.0, -1.0, -1.0, -1.0, -1.0, -1.0, -1.0, -1.0, -1.0, -1.0, -1.0, -1.0, -1.0]"
2025-05-07 20:44:09.232318,-21.5956,-4.18326,0.0179068,1.02439,-0.217912,0.6359560000000001,0.0,-1,1690.3,15.07,42.0,1.0,"[-1.0, -1.0, -1.0, -1.0, -1.0, -1.0, -1.0, -1.0, -1.0, -1.0, -1.0, -1.0, -1.0, -1.0, -1.0, -1.0, -1.0, -1.0, -1.0]"
2025-05-07 20:44:09.250866,-21.7087,-4.20571,0.018156,1.01565,-0.202116,0.637087,0.0,-1,1724.98,15.09,42.0,1.0,"[-1.0, -1.0, -1.0, -1.0, -1.0, -1.0, -1.0, -1.0, -1.0, -1.0, -1.0, -1.0, -1.0, -1.0, -1.0, -1.0, -1.0, -1.0, -1.0]"
2025-05-07 20:44:09.271477,-21.8487,-4.23694,0.0183697,1.00715,-0.186206,0.638487,0.0,-1,1734.83,15.11,42.0,1.0,"[-1.0, -1.0, -1.0, -1.0, -1.0, -1.0, -1.0, -1.0, -1.0, -1.0, -1.0, -1.0, -1.0, -1.0, -1.0, -1.0, -1.0, -1.0, -1.0]"
2025-05-07 20:44:09.289565,-22.0133,-4.27227,0.0186616,0.998979,-0.170189,0.6401330000000001,0.0,-1,1725.28,15.13,42.0,1.0,"[0.00569755, 0.00563888, 0.00598513, 0.00687592, 0.0087813, 0.0113157, 0.0134119, 0.0166163, 0.0220534, 0.033154, 0.0677946, 200.0, 120.18, 61.7923, 31.7666, 19.0501, 14.3002, 12.1066, 11.1556]"
2025-05-07 20:44:09.309827,-22.2022,-4.31845,0.0187741,0.991056,-0.154054,0.6420220000000001,0.0,-1,1710.05,15.15,42.0,1.0,"[0.0497839, 0.0494813, 0.0527558, 0.0609418, 0.0784641, 0.102029, 0.121777, 0.152443, 0.205847, 0.320599, 0.737131, 200.0, 101.833, 56.512, 30.3186, 18.5534, 14.0567, 11.9711, 11.082]"
2025-05-07 20:44:09.329892,-22.3847,-4.36076,0.0188696,0.983443,-0.137813,0.643847,0.0,-1,1703.18,15.17,42.0,1.0,"[0.0919361, 0.0917689, 0.0982883, 0.114181, 0.148257, 0.194636, 0.234062, 0.296345, 0.408024, 0.662877, 1.80235, 200.0, 88.2111, 52.0254, 28.991, 18.0833, 13.8241, 11.8419, 11.0134]"
2025-05-07 20:44:09.348262,-22.5439,-4.39657,0.0189575,0.976119,-0.121465,0.6454390000000001,0.0,-1,1714.22,15.19,42.0,1.0,"[0.132323, 0.132652, 0.142734, 0.166775, 0.218458, 0.289721, 0.351244, 0.450291, 0.633858, 1.08402, 3.84145, 200.0, 77.7032, 48.168, 27.7699, 17.6376, 13.6018, 11.7189, 10.9493]"
2025-05-07 20:44:09.369124,-22.6821,-4.42632,0.0190317,0.969105,-0.105013,0.6468209999999999,0.0,-1,1742.15,15.21,42.0,1.0,"[0.170863, 0.172032, 0.185978, 0.218597, 0.288972, 0.387388, 0.473793, 0.615839, 0.889192, 1.62108, 9.57533, 155.91, 69.3593, 44.8196, 26.6443, 17.2154, 13.3896, 11.6019, 10.8901]"
2025-05-07 20:44:09.389796,-22.7956,-4.44982,0.0191113,0.96238,-0.0884562,0.6479560000000001,0.0,-1,1777.18,15.23,42.0,1.0,"[0.207721, 0.210057, 0.228173, 0.269832, 0.360124, 0.488343, 0.602991, 0.795902, 1.18356, 2.34217, 173.917, 125.544, 62.5772, 41.8873, 25.604, 16.8149, 13.1869, 11.4908, 10.8355]"
2025-05-07 20:44:09.408763,-22.9142,-4.47497,0.0191844,0.956033,-0.0717914,0.6491419999999999,0.0,-1,1805.63,15.25,42.0,1.0,"[0.242446, 0.246253, 0.268792, 0.319867, 0.431183, 0.591911, 0.738526, 0.991718, 1.52677, 3.37128, 200.0, 104.895, 56.9617, 39.3014, 24.6412, 16.4356, 12.9941, 11.3859, 10.786]"
2025-05-07 20:44:09.429711,-23.0533,-4.50472,0.019351,0.949996,-0.0550157,0.650533,0.0,-1,1817.78,15.27,42.0,1.0,"[0.275441, 0.281011, 0.308251, 0.3692, 0.502911, 0.699497, 0.882785, 1.2087, 1.93949, 5.00154, 200.0, 89.9498, 52.2371, 37.0042, 23.7476, 16.0757, 12.8102, 11.2867, 10.7412]"
2025-05-07 20:44:09.450059,-23.2142,-4.54105,0.0195847,0.944314,-0.0381291,0.652142,0.0,-1,1816.61,15.29,42.0,1.0,"[0.306497, 0.314099, 0.346286, 0.417525, 0.575002, 0.811124, 1.03663, 1.45111, 2.44888, 8.03452, 200.0, 78.6412, 48.2112, 34.9525, 22.9172, 15.7344, 12.6353, 11.1934, 10.7015]"
2025-05-07 20:44:09.469128,-23.3976,-4.58464,0.0197954,0.938987,-0.0211258,0.653976,0.0,-1,1810.63,15.31,42.0,1.0,"[0.335646, 0.34553, 0.3829, 0.464854, 0.647593, 0.92752, 1.20205, 1.72608, 3.10197, 15.8856, 161.356, 69.7906, 44.7414, 33.1097, 22.144, 15.4108, 12.4691, 11.106, 10.6668]"
2025-05-07 20:44:09.490053,-23.582,-4.63013,0.0200616,0.934015,-0.00401301,0.65582,0.0,-1,1809.09,15.33,42.0,1.0,"[0.362918, 0.375317, 0.418093, 0.511192, 0.720826, 1.04953, 1.38152, 2.04345, 3.98139, 90.4349, 127.915, 62.6837, 41.7238, 31.4477, 21.4232, 15.1038, 12.3113, 11.0243, 10.6372]"
2025-05-07 20:44:09.510006,-23.752,-4.66949,0.0202816,0.929421,0.0132108,0.65752,0.0,-1,1818.76,15.35,42.0,1.0,"[0.388217, 0.40334, 0.451721, 0.556373, 0.794618, 1.17783, 1.57775, 2.41673, 5.24658, 200.0, 105.792, 56.8563, 39.0777, 29.9427, 20.7506, 14.813, 12.1618, 10.9484, 10.6127]"
2025-05-07 20:44:09.528628,-23.9012,-4.70401,0.0202869,0.925204,0.0305406,0.659012,0.0,-1,1839.08,15.37,42.0,1.0,"[0.411569, 0.429604, 0.483772, 0.600388, 0.869127, 1.31361, 1.79482, 2.86683, 7.25591, 200.0, 90.0893, 51.997, 36.7413, 28.575, 20.1224, 14.5374, 12.0204, 10.8782, 10.5936]"
2025-05-07 20:44:09.548521,-24.0323,-4.73172,0.0201443,0.921365,0.0479752,0.6603229999999999,0.0,-1,1865.1,15.39,42.0,1.0,"[0.432993, 0.45411, 0.514232, 0.643228, 0.944533, 1.45836, 2.03816, 3.42651, 11.0103, 200.0, 78.3766, 47.8868, 34.6653, 27.328, 19.5348, 14.2765, 11.8869, 10.8138, 10.5797]"
2025-05-07 20:44:09.568589,-24.1553,-4.75933,0.0200409,0.917924,0.0655183,0.661553,0.0,-1,1888.85,15.41,42.0,1.0,"[0.452387, 0.476726, 0.542938, 0.684696, 1.02078, 1.61356, 2.31468, 4.14909, 20.7582, 161.117, 69.3115, 44.3679, 32.8101, 26.1875, 18.985, 14.0295, 11.7611, 10.7551, 10.5713]"
2025-05-07 20:44:09.589472,-24.2909,-4.78786,0.020016,0.914928,0.083169,0.662909,0.0,-1,1904.34,15.43,42.0,1.0,"[0.469518, 0.497187, 0.569566, 0.724385, 1.0975, 1.7806, 2.63333, 5.12836, 114.191, 126.781, 62.0955, 41.3252, 31.1447, 25.1422, 18.4704, 13.7962, 11.6432, 10.7024, 10.5686]"
2025-05-07 20:44:09.609188,-24.4457,-4.82398,0.0200934,0.912331,0.100933,0.6644570000000001,0.0,-1,1911.4,15.45,42.0,1.0,"[0.484644, 0.515736, 0.594374, 0.762628, 1.17549, 1.96331, 3.01035, 6.55729, 200.0, 104.383, 56.2177, 38.6691, 29.6418, 24.1809, 17.9879, 13.5756, 11.5327, 10.6554, 10.5716]"
2025-05-07 20:44:09.628336,-24.6178,-4.8638,0.0202843,0.910134,0.11881,0.666178,0.0,-1,1913.8,15.47,42.0,1.0,"[0.497772, 0.532359, 0.617323, 0.799379, 1.25503, 2.16566, 3.46844, 8.87454, 200.0, 88.6333, 51.3425, 36.3327, 28.2803, 23.2948, 17.5351, 13.3672, 11.4294, 10.6141, 10.5803]"
2025-05-07 20:44:09.648948,-24.8027,-4.91072,0.0204627,0.908381,0.136802,0.668027,0.0,-1,1916.72,15.49,42.0,1.0,"[0.508659, 0.546771, 0.638061, 0.834188, 1.33583, 2.39189, 4.04186, 13.3586, 200.0, 76.9643, 47.2374, 34.264, 27.0427, 22.4767, 17.1104, 13.1706, 11.3334, 10.5786, 10.5951]"
2025-05-07 20:44:09.670244,-24.9826,-4.95495,0.0206443,0.907071,0.154905,0.669826,0.0,-1,1924.63,15.51,42.0,1.0,"[0.517302, 0.558938, 0.656519, 0.866956, 1.41818, 2.64901, 4.79054, 26.0413, 155.191, 67.9834, 43.7381, 32.4221, 25.9146, 21.7203, 16.7119, 12.9855, 11.2445, 10.5491, 10.616]"
2025-05-07 20:44:09.691009,-25.1471,-4.99442,0.0208886,0.906228,0.173118,0.6714709999999999,0.0,-1,1938.89,15.53,42.0,1.0,"[0.523573, 0.568689, 0.672462, 0.897365, 1.50211, 2.94643, 5.82336, 200.0, 122.271, 60.8649, 40.7231, 30.7736, 24.8834, 21.02, 16.3382, 12.8116, 11.1629, 10.5256, 10.6433]"
2025-05-07 20:44:09.711313,-25.2969,-5.02921,0.0210319,0.90585,0.191437,0.6729689999999999,0.0,-1,1958.02,15.55,42.0,1.0,"[0.527458, 0.575976, 0.685794, 0.925265, 1.58799, 3.29872, 7.36548, 200.0, 100.807, 55.091, 38.1018, 29.2916, 23.9386, 20.3708, 15.9876, 12.6485, 11.0883, 10.5082, 10.6772]"
2025-05-07 20:44:09.729577,-25.4319,-5.05939,0.0212315,0.905939,0.209864,0.674319,0.0,-1,1978.33,15.57,42.0,1.0,"[0.528939, 0.580743, 0.696408, 0.950487, 1.67632, 3.72845, 9.96552, 200.0, 85.7195, 50.3184, 35.8042, 27.9538, 23.0709, 19.7682, 15.6587, 12.4957, 11.0206, 10.4968, 10.7178]"
2025-05-07 20:44:09.750562,-25.5661,-5.09027,0.0213288,0.906516,0.228398,0.6756610000000001,0.0,-1,1996.07,15.59,42.0,1.0,"[0.527869, 0.58279, 0.704014, 0.972606, 1.76729, 4.27132, 15.3964, 194.762, 74.5454, 46.3119, 33.7764, 26.7416, 22.2724, 19.2083, 15.3504, 12.3531, 10.9599, 10.4917, 10.7654]"
2025-05-07 20:44:09.771675,-25.7122,-5.12313,0.0214706,0.907582,0.247042,0.677122,0.0,-1,2008.92,15.61,42.0,1.0,"[0.524216, 0.58204, 0.708469, 0.991371, 1.8616, 4.99085, 34.4461, 144.821, 65.9453, 42.9043, 31.9755, 25.6396, 21.5362, 18.6876, 15.0614, 12.2202, 10.9061, 10.4928, 10.8202]"
2025-05-07 20:44:09.791064,-25.8737,-5.16195,0.0216809,0.909135,0.2658,0.678737,0.0,-1,2017.61,15.63,42.0,1.0,"[0.517945, 0.578409, 0.709606, 1.00649, 1.96019, 6.00885, 200.0, 115.21, 59.1276, 39.9734, 30.3671, 24.6346, 20.8562, 18.2028, 14.7905, 12.0968, 10.8591, 10.5003, 10.8824]"
2025-05-07 20:44:09.810366,-26.0496,-5.20474,0.0217302,0.911177,0.28467,0.680496,0.0,-1,2024.37,15.65,42.0,1.0,"[0.509011, 0.5718, 0.707238, 1.01762, 2.06423, 7.59153, 200.0, 95.6332, 53.5961, 37.4286, 28.9238, 23.7154, 20.2271, 17.7511, 14.5368, 11.9825, 10.8188, 10.5142, 10.9523]"
2025-05-07 20:44:09.829370,-26.2335,-5.25225,0.0218006,0.913752,0.303655,0.6823349999999999,0.0,-1,2031.95,15.67,42.0,1.0,"[0.497108, 0.561814, 0.700791, 1.02383, 2.17424, 10.4497, 200.0, 81.7439, 49.024, 35.2016, 27.6234, 22.8733, 19.6447, 17.3304, 14.2997, 11.8774, 10.7855, 10.5349, 11.0303]"
2025-05-07 20:44:09.851156,-26.4127,-5.29739,0.0218294,0.916859,0.32275,0.684127,0.0,-1,2042.68,15.69,42.0,1.0,"[0.482172, 0.548318, 0.689996, 1.02455, 2.2921, 17.3788, 173.077, 71.3912, 45.1869, 33.2393, 26.4477, 22.1003, 19.1052, 16.9386, 14.0783, 11.7812, 10.759, 10.5623, 11.1167]"
2025-05-07 20:44:09.870415,-26.5795,-5.33864,0.0216493,0.920477,0.341956,0.6857949999999999,0.0,-1,2056.94,15.71,42.0,1.0,"[0.464258, 0.531308, 0.674739, 1.01941, 2.4212, 61.5211, 131.915, 63.385, 41.9243, 31.4991, 25.3809, 21.3892, 18.6047, 16.5734, 13.8716, 11.6936, 10.7393, 10.5966, 11.2118]"
2025-05-07 20:44:09.888983,-26.7342,-5.37579,0.0216173,0.924649,0.361269,0.687342,0.0,-1,2073.88,15.73,42.0,1.0,"[0.443027, 0.510323, 0.654301, 1.00705, 2.56426, 200.0, 106.595, 57.018, 39.1207, 29.9483, 24.4106, 20.7344, 18.1406, 16.2333, 13.6794, 11.6147, 10.7266, 10.6382, 11.316]"
2025-05-07 20:44:09.910739,-26.8779,-5.40964,0.0215816,0.929355,0.38069,0.6887789999999999,0.0,-1,2091.38,15.75,42.0,1.0,"[0.418512, 0.485319, 0.628472, 0.986792, 2.72814, 200.0, 89.4646, 51.8391, 36.6885, 28.5591, 23.5254, 20.1305, 17.7097, 15.9167, 13.5008, 11.544, 10.7207, 10.6869, 11.4297]"
2025-05-07 20:44:09.930177,-27.0208,-5.44383,0.0214525,0.934637,0.400219,0.690208,0.0,-1,2107.37,15.77,42.0,1.0,"[0.390344, 0.455779, 0.5964, 0.956809, 2.92116, 200.0, 77.1172, 47.5499, 34.5617, 27.3099, 22.7164, 19.5732, 17.3098, 15.6222, 13.3355, 11.4818, 10.722, 10.7433, 11.5535]"
2025-05-07 20:44:09.950997,-27.1732,-5.48,0.0211941,0.940452,0.419859,0.6917320000000001,0.0,-1,2120.9,15.79,42.0,1.0,"[0.358666, 0.421767, 0.557954, 0.916245, 3.16274, 150.883, 67.8041, 43.9428, 32.6881, 26.1817, 21.9749, 19.0578, 16.9383, 15.3481, 13.1825, 11.4275, 10.7302, 10.8072, 11.6876]"
2025-05-07 20:44:09.969605,-27.3386,-5.52073,0.021112,0.946844,0.43961,0.693386,0.0,-1,2132.16,15.81,42.0,1.0,"[0.323077, 0.382701, 0.512111, 0.862572, 3.48503, 118.42, 60.5378, 40.8714, 31.0278, 25.1597, 21.2945, 18.5813, 16.5934, 15.0935, 13.0418, 11.3813, 10.7455, 10.8792, 11.8327]"
2025-05-07 20:44:09.994912,-27.5162,-5.56532,0.0210247,0.953835,0.459475,0.695162,0.0,-1,2142.23,15.83,42.0,1.0,"[0.283287, 0.338107, 0.457928, 0.793002, 3.96233, 97.528, 54.718, 38.2285, 29.5487, 24.2314, 20.6693, 18.1406, 16.2735, 14.8574, 12.9128, 11.3433, 10.7682, 10.9595, 11.9896]"
2025-05-07 20:44:10.008658,-27.7017,-5.61372,0.0209734,0.961381,0.479453,0.697017,0.0,-1,2152.57,15.85,42.0,1.0,"[0.239395, 0.287955, 0.394997, 0.705201, 4.81299, 82.9698, 49.9566, 35.9326, 28.2243, 23.3855, 20.0936, 17.7324, 15.9766, 14.6385, 12.7949, 11.3129, 10.7981, 11.0483, 12.1585]"
2025-05-07 20:44:10.031156,-27.886,-5.66169,0.0208049,0.969549,0.499544,0.6988599999999999,0.0,-1,2164.69,15.87,42.0,1.0,"[0.190795, 0.231355, 0.321654, 0.59395, 6.96301, 72.2599, 45.9958, 33.9238, 27.0342, 22.6137, 19.5636, 17.3549, 15.7017, 14.4364, 12.6882, 11.2907, 10.8357, 11.146, 12.3405]"
2025-05-07 20:44:10.051385,-28.0627,-5.70692,0.0205614,0.978294,0.519744,0.7006270000000001,0.0,-1,2178.83,15.89,42.0,1.0,"[0.137549, 0.168189, 0.237188, 0.454729, 30.9733, 64.0598, 42.6534, 32.1535, 25.9605, 21.9076, 19.0749, 17.0055, 15.4472, 14.2498, 12.592, 11.2762, 10.8807, 11.2529, 12.536]"
2025-05-07 20:44:10.070103,-28.2302,-5.74918,0.020356,0.987615,0.540055,0.702302,0.0,-1,2194.68,15.91,42.0,1.0,"[0.0794179, 0.0979546, 0.140247, 0.280437, 200.0, 57.5879, 39.7989, 30.5841, 24.9886, 21.2607, 18.624, 16.6821, 15.2118, 14.0781, 12.5059, 11.2694, 10.9334, 11.3692, 12.7459]"
2025-05-07 20:44:10.088458,-28.3903,-5.78891,0.0203151,0.997581,0.560475,0.703903,0.0,-1,2211.3,15.93,42.0,1.0,"[0.0157091, 0.0195512, 0.0284472, 0.0596582, 200.0, 52.358, 37.3374, 29.1864, 24.1071, 20.6677, 18.2084, 16.3836, 14.9949, 13.9209, 12.4302, 11.2706, 10.9942, 11.4956, 12.9713]"
2025-05-07 20:44:10.108585,-28.548,-5.82839,0.0202911,1.00815,0.581007,0.70548,0.0,-1,2227.49,15.95,42.0,1.0,"[-1.0, -1.0, -1.0, -1.0, -1.0, -1.0, -1.0, -1.0, -1.0, -1.0, -1.0, -1.0, -1.0, -1.0, -1.0, -1.0, -1.0, -1.0, -1.0]"
2025-05-07 20:44:10.129682,-28.7113,-5.86937,0.0202824,1.01933,0.601651,0.707113,0.0,-1,2242.45,15.97,42.0,1.0,"[-1.0, -1.0, -1.0, -1.0, -1.0, -1.0, -1.0, -1.0, -1.0, -1.0, -1.0, -1.0, -1.0, -1.0, -1.0, -1.0, -1.0, -1.0, -1.0]"
2025-05-07 20:44:10.150617,-28.8839,-5.91347,0.0202301,1.03116,0.622409,0.708839,0.0,-1,2256.11,15.99,42.0,1.0,"[-1.0, -1.0, -1.0, -1.0, -1.0, -1.0, -1.0, -1.0, -1.0, -1.0, -1.0, -1.0, -1.0, -1.0, -1.0, -1.0, -1.0, -1.0, -1.0]"
2025-05-07 20:44:10.174970,-29.1087,-5.97442,0.0198822,1.0449,0.645378,0.711087,0.0,-1,2266.92,16.012,42.0,1.0,"[-1.0, -1.0, -1.0, -1.0, -1.0, -1.0, -1.0, -1.0, -1.0, -1.0, -1.0, -1.0, -1.0, -1.0, -1.0, -1.0, -1.0, -1.0, -1.0]"
2025-05-07 20:44:10.192836,-29.31,-6.02764,0.0196196,1.05941,0.668486,0.7131000000000001,0.0,-1,2284.73,16.034,42.0,1.0,"[-1.0, -1.0, -1.0, -1.0, -1.0, -1.0, -1.0, -1.0, -1.0, -1.0, -1.0, -1.0, -1.0, -1.0, -1.0, -1.0, -1.0, -1.0, -1.0]"
2025-05-07 20:44:10.216443,-29.4767,-6.06931,0.0194534,1.07471,0.691721,0.7147669999999999,0.0,-1,2303.89,16.056,42.0,1.0,"[-1.0, -1.0, -1.0, -1.0, -1.0, -1.0, -1.0, -1.0, -1.0, -1.0, -1.0, -1.0, -1.0, -1.0, -1.0, -1.0, -1.0, -1.0, -1.0]"
2025-05-07 20:44:10.239222,-29.6935,-6.12773,0.0193701,1.09078,0.7151,0.716935,0.0,-1,2316.6,16.078,42.0,1.0,"[-1.0, -1.0, -1.0, -1.0, -1.0, -1.0, -1.0, -1.0, -1.0, -1.0, -1.0, -1.0, -1.0, -1.0, -1.0, -1.0, -1.0, -1.0, -1.0]"
2025-05-07 20:44:10.263575,-29.9088,-6.18661,0.0191986,1.10764,0.738623,0.719088,0.0,-1,2333.08,16.1,42.0,1.0,"[-1.0, -1.0, -1.0, -1.0, -1.0, -1.0, -1.0, -1.0, -1.0, -1.0, -1.0, -1.0, -1.0, -1.0, -1.0, -1.0, -1.0, -1.0, -1.0]"
2025-05-07 20:44:10.281187,-30.0854,-6.23247,0.0190539,1.12531,0.762274,0.7208539999999999,0.0,-1,2352.74,16.122,42.0,1.0,"[-1.0, -1.0, -1.0, -1.0, -1.0, -1.0, -1.0, -1.0, -1.0, -1.0, -1.0, -1.0, -1.0, -1.0, -1.0, -1.0, -1.0, -1.0, -1.0]"
2025-05-07 20:44:10.305316,-30.2933,-6.28894,0.0185338,1.14375,0.786066,0.722933,0.0,-1,2367.56,16.144,42.0,1.0,"[-1.0, -1.0, -1.0, -1.0, -1.0, -1.0, -1.0, -1.0, -1.0, -1.0, -1.0, -1.0, -1.0, -1.0, -1.0, -1.0, -1.0, -1.0, -1.0]"
2025-05-07 20:44:10.329462,-30.5169,-6.35175,0.0181015,1.163,0.810002,0.725169,0.0,-1,2383.33,16.166,42.0,1.0,"[-1.0, -1.0, -1.0, -1.0, -1.0, -1.0, -1.0, -1.0, -1.0, -1.0, -1.0, -1.0, -1.0, -1.0, -1.0, -1.0, -1.0, -1.0, -1.0]"
2025-05-07 20:44:10.346615,-30.7082,-6.40374,0.0177637,1.18306,0.834072,0.727082,0.0,-1,2402.6,16.188,42.0,1.0,"[-1.0, -1.0, -1.0, -1.0, -1.0, -1.0, -1.0, -1.0, -1.0, -1.0, -1.0, -1.0, -1.0, -1.0, -1.0, -1.0, -1.0, -1.0, -1.0]"
2025-05-07 20:44:10.369447,-30.9099,-6.45941,0.0175168,1.20392,0.858279,0.7290989999999999,0.0,-1,2419.43,16.21,42.0,1.0,"[-1.0, -1.0, -1.0, -1.0, -1.0, -1.0, -1.0, -1.0, -1.0, -1.0, -1.0, -1.0, -1.0, -1.0, -1.0, -1.0, -1.0, -1.0, -1.0]"
2025-05-07 20:44:10.393955,-31.134,-6.52366,0.0173077,1.22559,0.882629,0.73134,0.0,-1,2435.36,16.232,42.0,1.0,"[-1.0, -1.0, -1.0, -1.0, -1.0, -1.0, -1.0, -1.0, -1.0, -1.0, -1.0, -1.0, -1.0, -1.0, -1.0, -1.0, -1.0, -1.0, -1.0]"
2025-05-07 20:44:10.415705,-31.3411,-6.58264,0.0171256,1.24809,0.907117,0.7334109999999999,0.0,-1,2453.95,16.254,42.0,1.0,"[-1.0, -1.0, -1.0, -1.0, -1.0, -1.0, -1.0, -1.0, -1.0, -1.0, -1.0, -1.0, -1.0, -1.0, -1.0, -1.0, -1.0, -1.0, -1.0]"
2025-05-07 20:44:10.437362,-31.5438,-6.6407,0.0169103,1.2714,0.931744,0.735438,0.0,-1,2472.15,16.276,42.0,1.0,"[-1.0, -1.0, -1.0, -1.0, -1.0, -1.0, -1.0, -1.0, -1.0, -1.0, -1.0, -1.0, -1.0, -1.0, -1.0, -1.0, -1.0, -1.0, -1.0]"
2025-05-07 20:44:10.457869,-31.7633,-6.70544,0.0163981,1.2955,0.956513,0.737633,0.0,-1,2489.18,16.298,42.0,1.0,"[-1.0, -1.0, -1.0, -1.0, -1.0, -1.0, -1.0, -1.0, -1.0, -1.0, -1.0, -1.0, -1.0, -1.0, -1.0, -1.0, -1.0, -1.0, -1.0]"
2025-05-07 20:44:10.481714,-31.9815,-6.7705,0.0159091,1.32042,0.981424,0.739815,0.0,-1,2507.29,16.32,42.0,1.0,"[-1.0, -1.0, -1.0, -1.0, -1.0, -1.0, -1.0, -1.0, -1.0, -1.0, -1.0, -1.0, -1.0, -1.0, -1.0, -1.0, -1.0, -1.0, -1.0]"
2025-05-07 20:44:10.500884,-32.1928,-6.83386,0.0154868,1.34617,1.00647,0.741928,0.0,-1,2526.06,16.342,42.0,1.0,"[-1.0, -1.0, -1.0, -1.0, -1.0, -1.0, -1.0, -1.0, -1.0, -1.0, -1.0, -1.0, -1.0, -1.0, -1.0, -1.0, -1.0, -1.0, -1.0]"
2025-05-07 20:44:10.522872,-32.4096,-6.8999,0.015138,1.37271,1.03167,0.744096,0.0,-1,2544.31,16.364,42.0,1.0,"[-1.0, -1.0, -1.0, -1.0, -1.0, -1.0, -1.0, -1.0, -1.0, -1.0, -1.0, -1.0, -1.0, -1.0, -1.0, -1.0, -1.0, -1.0, -1.0]"
2025-05-07 20:44:10.545733,-32.631,-6.96843,0.0147836,1.40008,1.057,0.74631,0.0,-1,2562.7,16.386,42.0,1.0,"[-1.0, -1.0, -1.0, -1.0, -1.0, -1.0, -1.0, -1.0, -1.0, -1.0, -1.0, -1.0, -1.0, -1.0, -1.0, -1.0, -1.0, -1.0, -1.0]"
2025-05-07 20:44:10.566935,-32.8509,-7.03728,0.0145121,1.42822,1.08247,0.748509,0.0,-1,2581.53,16.408,42.0,1.0,"[-1.0, -1.0, -1.0, -1.0, -1.0, -1.0, -1.0, -1.0, -1.0, -1.0, -1.0, -1.0, -1.0, -1.0, -1.0, -1.0, -1.0, -1.0, -1.0]"
2025-05-07 20:44:10.590270,-33.0712,-7.10709,0.0142175,1.45716,1.10809,0.750712,0.0,-1,2600.54,16.43,42.0,1.0,"[-1.0, -1.0, -1.0, -1.0, -1.0, -1.0, -1.0, -1.0, -1.0, -1.0, -1.0, -1.0, -1.0, -1.0, -1.0, -1.0, -1.0, -1.0, -1.0]"
2025-05-07 20:44:10.612334,-33.2941,-7.17868,0.0138667,1.48688,1.13384,0.752941,0.0,-1,2619.63,16.452,42.0,1.0,"[-1.0, -1.0, -1.0, -1.0, -1.0, -1.0, -1.0, -1.0, -1.0, -1.0, -1.0, -1.0, -1.0, -1.0, -1.0, -1.0, -1.0, -1.0, -1.0]"
2025-05-07 20:44:10.634391,-33.5187,-7.25187,0.0133568,1.5174,1.15973,0.7551869999999999,0.0,-1,2639.13,16.474,42.0,1.0,"[-1.0, -1.0, -1.0, -1.0, -1.0, -1.0, -1.0, -1.0, -1.0, -1.0, -1.0, -1.0, -1.0, -1.0, -1.0, -1.0, -1.0, -1.0, -1.0]"
2025-05-07 20:44:10.654587,-33.7444,-7.3263,0.0128054,1.54869,1.18576,0.757444,0.0,-1,2658.77,16.496,42.0,1.0,"[-1.0, -1.0, -1.0, -1.0, -1.0, -1.0, -1.0, -1.0, -1.0, -1.0, -1.0, -1.0, -1.0, -1.0, -1.0, -1.0, -1.0, -1.0, -1.0]"
2025-05-07 20:44:10.677429,-33.9714,-7.40201,0.0122678,1.58074,1.21192,0.759714,0.0,-1,2678.58,16.518,42.0,1.0,"[-1.0, -1.0, -1.0, -1.0, -1.0, -1.0, -1.0, -1.0, -1.0, -1.0, -1.0, -1.0, -1.0, -1.0, -1.0, -1.0, -1.0, -1.0, -1.0]"
2025-05-07 20:44:10.698860,-34.1999,-7.47914,0.0118122,1.61357,1.23821,0.761999,0.0,-1,2698.67,16.54,42.0,1.0,"[-1.0, -1.0, -1.0, -1.0, -1.0, -1.0, -1.0, -1.0, -1.0, -1.0, -1.0, -1.0, -1.0, -1.0, -1.0, -1.0, -1.0, -1.0, -1.0]"
2025-05-07 20:44:10.721636,-34.4301,-7.55779,0.0113686,1.64713,1.26463,0.7643010000000001,0.0,-1,2719.01,16.562,42.0,1.0,"[-1.0, -1.0, -1.0, -1.0, -1.0, -1.0, -1.0, -1.0, -1.0, -1.0, -1.0, -1.0, -1.0, -1.0, -1.0, -1.0, -1.0, -1.0, -1.0]"
2025-05-07 20:44:10.743255,-34.6615,-7.63793,0.0109578,1.68142,1.29118,0.7666149999999999,0.0,-1,2739.55,16.584,42.0,1.0,"[-1.0, -1.0, -1.0, -1.0, -1.0, -1.0, -1.0, -1.0, -1.0, -1.0, -1.0, -1.0, -1.0, -1.0, -1.0, -1.0, -1.0, -1.0, -1.0]"
2025-05-07 20:44:10.764451,-34.8944,-7.71968,0.0105118,1.71644,1.31785,0.7689439999999998,0.0,-1,2760.4,16.606,42.0,1.0,"[-1.0, -1.0, -1.0, -1.0, -1.0, -1.0, -1.0, -1.0, -1.0, -1.0, -1.0, -1.0, -1.0, -1.0, -1.0, -1.0, -1.0, -1.0, -1.0]"
2025-05-07 20:44:10.788295,-35.1288,-7.80319,0.00990758,1.75218,1.34464,0.771288,0.0,-1,2781.52,16.628,42.0,1.0,"[-1.0, -1.0, -1.0, -1.0, -1.0, -1.0, -1.0, -1.0, -1.0, -1.0, -1.0, -1.0, -1.0, -1.0, -1.0, -1.0, -1.0, -1.0, -1.0]"
2025-05-07 20:44:10.810933,-35.3646,-7.88845,0.00911717,1.78857,1.37156,0.773646,0.0,-1,2802.91,16.65,42.0,1.0,"[-1.0, -1.0, -1.0, -1.0, -1.0, -1.0, -1.0, -1.0, -1.0, -1.0, -1.0, -1.0, -1.0, -1.0, -1.0, -1.0, -1.0, -1.0, -1.0]"
2025-05-07 20:44:10.831460,-35.6018,-7.97529,0.00845118,1.82571,1.39858,0.776018,0.0,-1,2824.59,16.672,42.0,1.0,"[-1.0, -1.0, -1.0, -1.0, -1.0, -1.0, -1.0, -1.0, -1.0, -1.0, -1.0, -1.0, -1.0, -1.0, -1.0, -1.0, -1.0, -1.0, -1.0]"
2025-05-07 20:44:10.853676,-35.8406,-8.06389,0.00786473,1.86348,1.42571,0.7784059999999999,0.0,-1,2846.65,16.694,42.0,1.0,"[-1.0, -1.0, -1.0, -1.0, -1.0, -1.0, -1.0, -1.0, -1.0, -1.0, -1.0, -1.0, -1.0, -1.0, -1.0, -1.0, -1.0, -1.0, -1.0]"
2025-05-07 20:44:10.877887,-36.0808,-8.15428,0.00734419,1.9019,1.45295,0.7808080000000001,0.0,-1,2868.99,16.716,42.0,1.0,"[-1.0, -1.0, -1.0, -1.0, -1.0, -1.0, -1.0, -1.0, -1.0, -1.0, -1.0, -1.0, -1.0, -1.0, -1.0, -1.0, -1.0, -1.0, -1.0]"
2025-05-07 20:44:10.897638,-36.3224,-8.24654,0.00683278,1.94094,1.48028,0.783224,0.0,-1,2891.65,16.738,42.0,1.0,"[-1.0, -1.0, -1.0, -1.0, -1.0, -1.0, -1.0, -1.0, -1.0, -1.0, -1.0, -1.0, -1.0, -1.0, -1.0, -1.0, -1.0, -1.0, -1.0]"
2025-05-07 20:44:10.920495,-36.5655,-8.34076,0.00631748,1.9806,1.50771,0.785655,0.0,-1,2914.73,16.76,42.0,1.0,"[-1.0, -1.0, -1.0, -1.0, -1.0, -1.0, -1.0, -1.0, -1.0, -1.0, -1.0, -1.0, -1.0, -1.0, -1.0, -1.0, -1.0, -1.0, -1.0]"
2025-05-07 20:44:10.943861,-36.8101,-8.437,0.00579659,2.02086,1.53523,0.788101,0.0,-1,2938.18,16.782,42.0,1.0,"[-1.0, -1.0, -1.0, -1.0, -1.0, -1.0, -1.0, -1.0, -1.0, -1.0, -1.0, -1.0, -1.0, -1.0, -1.0, -1.0, -1.0, -1.0, -1.0]"
2025-05-07 20:44:10.962387,-37.0562,-8.53531,0.00527779,2.06168,1.56283,0.7905619999999999,0.0,-1,2961.97,16.804,42.0,1.0,"[-1.0, -1.0, -1.0, -1.0, -1.0, -1.0, -1.0, -1.0, -1.0, -1.0, -1.0, -1.0, -1.0, -1.0, -1.0, -1.0, -1.0, -1.0, -1.0]"
2025-05-07 20:44:10.988323,-37.3038,-8.63571,0.00474425,2.10303,1.5905,0.7930379999999999,0.0,-1,2986.21,16.826,42.0,1.0,"[-1.0, -1.0, -1.0, -1.0, -1.0, -1.0, -1.0, -1.0, -1.0, -1.0, -1.0, -1.0, -1.0, -1.0, -1.0, -1.0, -1.0, -1.0, -1.0]"
2025-05-07 20:44:11.008574,-37.5528,-8.73831,0.00416342,2.14493,1.61824,0.7955279999999999,0.0,-1,3010.94,16.848,42.0,1.0,"[-1.0, -1.0, -1.0, -1.0, -1.0, -1.0, -1.0, -1.0, -1.0, -1.0, -1.0, -1.0, -1.0, -1.0, -1.0, -1.0, -1.0, -1.0, -1.0]"
2025-05-07 20:44:11.031145,-37.8034,-8.84312,0.00357133,2.18732,1.64604,0.7980340000000001,0.0,-1,3036.12,16.87,42.0,1.0,"[-1.0, -1.0, -1.0, -1.0, -1.0, -1.0, -1.0, -1.0, -1.0, -1.0, -1.0, -1.0, -1.0, -1.0, -1.0, -1.0, -1.0, -1.0, -1.0]"
2025-05-07 20:44:11.050528,-38.0556,-8.95016,0.0029939,2.23018,1.67389,0.8005559999999999,0.0,-1,3061.76,16.892,42.0,1.0,"[-1.0, -1.0, -1.0, -1.0, -1.0, -1.0, -1.0, -1.0, -1.0, -1.0, -1.0, -1.0, -1.0, -1.0, -1.0, -1.0, -1.0, -1.0, -1.0]"
2025-05-07 20:44:11.073495,-38.3093,-9.05955,0.00234747,2.2735,1.70179,0.8030930000000001,0.0,-1,3088.0,16.914,42.0,1.0,"[-1.0, -1.0, -1.0, -1.0, -1.0, -1.0, -1.0, -1.0, -1.0, -1.0, -1.0, -1.0, -1.0, -1.0, -1.0, -1.0, -1.0, -1.0, -1.0]"
2025-05-07 20:44:11.095672,-38.5646,-9.17125,0.00172951,2.31725,1.72972,0.805646,0.0,-1,3114.74,16.936,42.0,1.0,"[-1.0, -1.0, -1.0, -1.0, -1.0, -1.0, -1.0, -1.0, -1.0, -1.0, -1.0, -1.0, -1.0, -1.0, -1.0, -1.0, -1.0, -1.0, -1.0]"
2025-05-07 20:44:11.119530,-38.8216,-9.28535,0.00107484,2.36135,1.75767,0.8082159999999999,0.0,-1,3142.14,16.958,42.0,1.0,"[-1.0, -1.0, -1.0, -1.0, -1.0, -1.0, -1.0, -1.0, -1.0, -1.0, -1.0, -1.0, -1.0, -1.0, -1.0, -1.0, -1.0, -1.0, -1.0]"
2025-05-07 20:44:11.141933,-39.0802,-9.40177,0.000434669,2.40585,1.78563,0.8108019999999999,0.0,-1,3169.67,16.98,42.0,1.0,"[-1.0, -1.0, -1.0, -1.0, -1.0, -1.0, -1.0, -1.0, -1.0, -1.0, -1.0, -1.0, -1.0, -1.0, -1.0, -1.0, -1.0, -1.0, -1.0]"
2025-05-07 20:44:11.162344,-39.3398,-9.52034,-0.000243447,2.45066,1.8136,0.813398,0.0,-1,3197.67,17.002,42.0,1.0,"[-1.0, -1.0, -1.0, -1.0, -1.0, -1.0, -1.0, -1.0, -1.0, -1.0, -1.0, -1.0, -1.0, -1.0, -1.0, -1.0, -1.0, -1.0, -1.0]"
2025-05-07 20:44:11.184104,-39.6006,-9.64097,-0.000890386,2.49578,1.84157,0.816006,0.0,-1,3226.15,17.024,42.0,1.0,"[-1.0, -1.0, -1.0, -1.0, -1.0, -1.0, -1.0, -1.0, -1.0, -1.0, -1.0, -1.0, -1.0, -1.0, -1.0, -1.0, -1.0, -1.0, -1.0]"
2025-05-07 20:44:11.204854,-39.8625,-9.76373,-0.0015637,2.54119,1.86952,0.8186249999999999,0.0,-1,3255.22,17.046,42.0,1.0,"[-1.0, -1.0, -1.0, -1.0, -1.0, -1.0, -1.0, -1.0, -1.0, -1.0, -1.0, -1.0, -1.0, -1.0, -1.0, -1.0, -1.0, -1.0, -1.0]"
2025-05-07 20:44:11.228217,-0.964343,2.87827,-0.00274859,2.55447,1.89769,0.42964343,0.0,-1,2879.37,17.068,42.0,1.0,"[-1.0, -1.0, -1.0, -1.0, -1.0, -1.0, -1.0, -1.0, -1.0, -1.0, -1.0, -1.0, -1.0, -1.0, -1.0, -1.0, -1.0, -1.0, -1.0]"
2025-05-07 20:44:11.248619,-0.794381,3.56114,-0.00744281,2.5534,1.92656,0.42794381000000004,0.0,-1,2095.31,17.09,42.0,1.0,"[-1.0, -1.0, -1.0, -1.0, -1.0, -1.0, -1.0, -1.0, -1.0, -1.0, -1.0, -1.0, -1.0, -1.0, -1.0, -1.0, -1.0, -1.0, -1.0]"
2025-05-07 20:44:11.271864,-1.43485,3.86276,-0.00946954,2.55302,1.95037,0.43434849999999997,0.0,-1,1195.13,17.112,42.0,1.0,"[-1.0, -1.0, -1.0, -1.0, -1.0, -1.0, -1.0, -1.0, -1.0, -1.0, -1.0, -1.0, -1.0, -1.0, -1.0, -1.0, -1.0, -1.0, -1.0]"
2025-05-07 20:44:11.294183,-1.71709,3.74454,-0.0084424,2.55289,1.97118,0.4371709,0.0,-1,942.478,17.134,42.0,1.0,"[-1.0, -1.0, -1.0, -1.0, -1.0, -1.0, -1.0, -1.0, -1.0, -1.0, -1.0, -1.0, -1.0, -1.0, -1.0, -1.0, -1.0, -1.0, -1.0]"
2025-05-07 20:44:11.316361,-1.51818,3.20388,-0.00474587,2.55289,1.98825,0.4351818,0.0,-1,942.478,17.156,42.0,1.0,"[-1.0, -1.0, -1.0, -1.0, -1.0, -1.0, -1.0, -1.0, -1.0, -1.0, -1.0, -1.0, -1.0, -1.0, -1.0, -1.0, -1.0, -1.0, -1.0]"
2025-05-07 20:44:11.336255,-1.46318,2.57481,0.000199455,2.553,2.00172,0.4346318,0.0,-1,942.478,17.178,42.0,1.0,"[-1.0, -1.0, -1.0, -1.0, -1.0, -1.0, -1.0, -1.0, -1.0, -1.0, -1.0, -1.0, -1.0, -1.0, -1.0, -1.0, -1.0, -1.0, -1.0]"
2025-05-07 20:44:11.359445,-1.40827,2.04549,0.00481251,2.55318,2.01277,0.43408270000000004,0.0,-1,942.478,17.2,42.0,1.0,"[-1.0, -1.0, -1.0, -1.0, -1.0, -1.0, -1.0, -1.0, -1.0, -1.0, -1.0, -1.0, -1.0, -1.0, -1.0, -1.0, -1.0, -1.0, -1.0]"
2025-05-07 20:44:11.381413,-1.0856,1.62126,0.00799552,2.55331,2.0212,0.430856,0.0,-1,942.478,17.222,42.0,1.0,"[-1.0, -1.0, -1.0, -1.0, -1.0, -1.0, -1.0, -1.0, -1.0, -1.0, -1.0, -1.0, -1.0, -1.0, -1.0, -1.0, -1.0, -1.0, -1.0]"
2025-05-07 20:44:11.403123,-0.80824,1.14939,0.0093022,2.55344,2.02709,0.4280824,0.0,-1,942.478,17.244,42.0,1.0,"[-1.0, -1.0, -1.0, -1.0, -1.0, -1.0, -1.0, -1.0, -1.0, -1.0, -1.0, -1.0, -1.0, -1.0, -1.0, -1.0, -1.0, -1.0, -1.0]"
2025-05-07 20:44:11.424860,-0.483632,0.702669,0.00888421,2.55353,2.03027,0.42483632,0.0,-1,942.478,17.266,42.0,1.0,"[-1.0, -1.0, -1.0, -1.0, -1.0, -1.0, -1.0, -1.0, -1.0, -1.0, -1.0, -1.0, -1.0, -1.0, -1.0, -1.0, -1.0, -1.0, -1.0]"
2025-05-07 20:44:11.446856,-0.32949,0.381105,0.00722602,2.55358,2.03185,0.4232949,0.0,-1,942.478,17.288,42.0,1.0,"[-1.0, -1.0, -1.0, -1.0, -1.0, -1.0, -1.0, -1.0, -1.0, -1.0, -1.0, -1.0, -1.0, -1.0, -1.0, -1.0, -1.0, -1.0, -1.0]"
2025-05-07 20:44:11.468989,-0.190428,0.254608,0.00466511,2.55353,2.03228,0.42190427999999996,0.0,-1,942.478,17.31,42.0,1.0,"[-1.0, -1.0, -1.0, -1.0, -1.0, -1.0, -1.0, -1.0, -1.0, -1.0, -1.0, -1.0, -1.0, -1.0, -1.0, -1.0, -1.0, -1.0, -1.0]"
2025-05-07 20:44:11.491088,-0.208823,0.157586,0.00190256,2.55356,2.03195,0.42208823,0.0,-1,942.478,17.332,42.0,1.0,"[-1.0, -1.0, -1.0, -1.0, -1.0, -1.0, -1.0, -1.0, -1.0, -1.0, -1.0, -1.0, -1.0, -1.0, -1.0, -1.0, -1.0, -1.0, -1.0]"
2025-05-07 20:44:11.512406,-0.255837,0.104778,-0.000354347,2.55358,2.03154,0.42255837,0.0,-1,942.478,17.354,42.0,1.0,"[-1.0, -1.0, -1.0, -1.0, -1.0, -1.0, -1.0, -1.0, -1.0, -1.0, -1.0, -1.0, -1.0, -1.0, -1.0, -1.0, -1.0, -1.0, -1.0]"
2025-05-07 20:44:11.535926,-0.191428,0.116213,-0.00195581,2.55356,2.03141,0.42191428000000003,0.0,-1,942.478,17.376,42.0,1.0,"[-1.0, -1.0, -1.0, -1.0, -1.0, -1.0, -1.0, -1.0, -1.0, -1.0, -1.0, -1.0, -1.0, -1.0, -1.0, -1.0, -1.0, -1.0, -1.0]"
2025-05-07 20:44:11.556364,-0.111556,0.124654,-0.00282534,2.55351,2.03125,0.42111556,0.0,-1,942.478,17.398,42.0,1.0,"[-1.0, -1.0, -1.0, -1.0, -1.0, -1.0, -1.0, -1.0, -1.0, -1.0, -1.0, -1.0, -1.0, -1.0, -1.0, -1.0, -1.0, -1.0, -1.0]"
2025-05-07 20:44:11.579394,-0.0920902,0.0863313,-0.00302308,2.55353,2.03109,0.420920902,0.0,-1,942.478,17.42,42.0,1.0,"[-1.0, -1.0, -1.0, -1.0, -1.0, -1.0, -1.0, -1.0, -1.0, -1.0, -1.0, -1.0, -1.0, -1.0, -1.0, -1.0, -1.0, -1.0, -1.0]"
2025-05-07 20:44:11.601020,-0.11651,0.0731411,-0.00275353,2.55353,2.03083,0.42116509999999996,0.0,-1,942.478,17.442,42.0,1.0,"[-1.0, -1.0, -1.0, -1.0, -1.0, -1.0, -1.0, -1.0, -1.0, -1.0, -1.0, -1.0, -1.0, -1.0, -1.0, -1.0, -1.0, -1.0, -1.0]"
2025-05-07 20:44:11.625546,-0.278505,0.0346023,-0.00224282,2.55356,2.0308,0.42278505000000005,0.0,-1,942.478,17.464,42.0,1.0,"[-1.0, -1.0, -1.0, -1.0, -1.0, -1.0, -1.0, -1.0, -1.0, -1.0, -1.0, -1.0, -1.0, -1.0, -1.0, -1.0, -1.0, -1.0, -1.0]"
2025-05-07 20:44:11.647422,-0.170263,0.0618425,-0.00170252,2.55353,2.0307,0.42170262999999997,0.0,-1,942.478,17.486,42.0,1.0,"[-1.0, -1.0, -1.0, -1.0, -1.0, -1.0, -1.0, -1.0, -1.0, -1.0, -1.0, -1.0, -1.0, -1.0, -1.0, -1.0, -1.0, -1.0, -1.0]"
2025-05-07 20:44:11.668311,-0.0743217,0.109216,-0.00116326,2.55353,2.03074,0.420743217,0.0,-1,942.478,17.508,42.0,1.0,"[-1.0, -1.0, -1.0, -1.0, -1.0, -1.0, -1.0, -1.0, -1.0, -1.0, -1.0, -1.0, -1.0, -1.0, -1.0, -1.0, -1.0, -1.0, -1.0]"
2025-05-07 20:44:11.690516,-0.0618386,0.0564535,-0.000519774,2.55351,2.03064,0.420618386,0.0,-1,942.478,17.53,42.0,1.0,"[-1.0, -1.0, -1.0, -1.0, -1.0, -1.0, -1.0, -1.0, -1.0, -1.0, -1.0, -1.0, -1.0, -1.0, -1.0, -1.0, -1.0, -1.0, -1.0]"
2025-05-07 20:44:11.711138,-0.200554,0.0148683,0.000351995,2.55353,2.03075,0.42200553999999996,0.0,-1,942.478,17.552,42.0,1.0,"[-1.0, -1.0, -1.0, -1.0, -1.0, -1.0, -1.0, -1.0, -1.0, -1.0, -1.0, -1.0, -1.0, -1.0, -1.0, -1.0, -1.0, -1.0, -1.0]"
2025-05-07 20:44:11.736771,-0.0626862,0.0681141,0.00105443,2.55351,2.03067,0.420626862,0.0,-1,942.478,17.574,42.0,1.0,"[-1.0, -1.0, -1.0, -1.0, -1.0, -1.0, -1.0, -1.0, -1.0, -1.0, -1.0, -1.0, -1.0, -1.0, -1.0, -1.0, -1.0, -1.0, -1.0]"
2025-05-07 20:44:11.754855,-0.0260515,0.0549037,0.00148991,2.55353,2.0306,0.420260515,0.0,-1,942.478,17.596,42.0,1.0,"[-1.0, -1.0, -1.0, -1.0, -1.0, -1.0, -1.0, -1.0, -1.0, -1.0, -1.0, -1.0, -1.0, -1.0, -1.0, -1.0, -1.0, -1.0, -1.0]"
2025-05-07 20:44:11.777141,-0.0725243,0.0452873,0.00164488,2.55351,2.03073,0.42072524299999997,0.0,-1,942.478,17.618,42.0,1.0,"[-1.0, -1.0, -1.0, -1.0, -1.0, -1.0, -1.0, -1.0, -1.0, -1.0, -1.0, -1.0, -1.0, -1.0, -1.0, -1.0, -1.0, -1.0, -1.0]"
2025-05-07 20:44:11.800383,-0.133639,0.0540231,0.00146776,2.55351,2.03089,0.42133639,0.0,-1,942.478,17.64,42.0,1.0,"[-1.0, -1.0, -1.0, -1.0, -1.0, -1.0, -1.0, -1.0, -1.0, -1.0, -1.0, -1.0, -1.0, -1.0, -1.0, -1.0, -1.0, -1.0, -1.0]"
2025-05-07 20:44:11.821235,-0.0909852,0.0157932,0.00110002,2.55351,2.03094,0.420909852,0.0,-1,942.478,17.662,42.0,1.0,"[-1.0, -1.0, -1.0, -1.0, -1.0, -1.0, -1.0, -1.0, -1.0, -1.0, -1.0, -1.0, -1.0, -1.0, -1.0, -1.0, -1.0, -1.0, -1.0]"
2025-05-07 20:44:11.845079,-0.0569721,0.066318,0.000639271,2.55353,2.03107,0.420569721,0.0,-1,942.478,17.684,42.0,1.0,"[-1.0, -1.0, -1.0, -1.0, -1.0, -1.0, -1.0, -1.0, -1.0, -1.0, -1.0, -1.0, -1.0, -1.0, -1.0, -1.0, -1.0, -1.0, -1.0]"
2025-05-07 20:44:11.864894,-0.100829,0.0640774,0.000191898,2.55351,2.03119,0.42100828999999995,0.0,-1,942.478,17.706,42.0,1.0,"[-1.0, -1.0, -1.0, -1.0, -1.0, -1.0, -1.0, -1.0, -1.0, -1.0, -1.0, -1.0, -1.0, -1.0, -1.0, -1.0, -1.0, -1.0, -1.0]"
2025-05-07 20:44:11.889610,-0.162202,0.0135182,-3.06866e-06,2.55353,2.03122,0.42162202,0.0,-1,942.478,17.728,42.0,1.0,"[-1.0, -1.0, -1.0, -1.0, -1.0, -1.0, -1.0, -1.0, -1.0, -1.0, -1.0, -1.0, -1.0, -1.0, -1.0, -1.0, -1.0, -1.0, -1.0]"
2025-05-07 20:44:11.910960,-0.0655862,0.0473841,-0.000328662,2.55351,2.03137,0.420655862,0.0,-1,942.478,17.75,42.0,1.0,"[-1.0, -1.0, -1.0, -1.0, -1.0, -1.0, -1.0, -1.0, -1.0, -1.0, -1.0, -1.0, -1.0, -1.0, -1.0, -1.0, -1.0, -1.0, -1.0]"
2025-05-07 20:44:11.932612,-0.0599385,0.0663369,-0.000400409,2.55356,2.03142,0.420599385,0.0,-1,942.478,17.772,42.0,1.0,"[-1.0, -1.0, -1.0, -1.0, -1.0, -1.0, -1.0, -1.0, -1.0, -1.0, -1.0, -1.0, -1.0, -1.0, -1.0, -1.0, -1.0, -1.0, -1.0]"
2025-05-07 20:44:11.957310,-0.0694494,0.0327131,-0.000404259,2.55351,2.0314,0.42069449400000003,0.0,-1,942.478,17.794,42.0,1.0,"[-1.0, -1.0, -1.0, -1.0, -1.0, -1.0, -1.0, -1.0, -1.0, -1.0, -1.0, -1.0, -1.0, -1.0, -1.0, -1.0, -1.0, -1.0, -1.0]"
2025-05-07 20:44:11.977260,-0.149581,0.0224789,-0.000308566,2.55353,2.0315,0.42149580999999997,0.0,-1,942.478,17.816,42.0,1.0,"[-1.0, -1.0, -1.0, -1.0, -1.0, -1.0, -1.0, -1.0, -1.0, -1.0, -1.0, -1.0, -1.0, -1.0, -1.0, -1.0, -1.0, -1.0, -1.0]"
2025-05-07 20:44:12.001028,-0.137094,0.0571635,-0.000193692,2.55353,2.03154,0.42137093999999997,0.0,-1,942.478,17.838,42.0,1.0,"[-1.0, -1.0, -1.0, -1.0, -1.0, -1.0, -1.0, -1.0, -1.0, -1.0, -1.0, -1.0, -1.0, -1.0, -1.0, -1.0, -1.0, -1.0, -1.0]"
2025-05-07 20:44:12.020046,-0.00920361,0.0646642,-0.000208157,2.55353,2.03167,0.4200920361,0.0,-1,942.478,17.86,42.0,1.0,"[-1.0, -1.0, -1.0, -1.0, -1.0, -1.0, -1.0, -1.0, -1.0, -1.0, -1.0, -1.0, -1.0, -1.0, -1.0, -1.0, -1.0, -1.0, -1.0]"
2025-05-07 20:44:12.043526,-0.117269,0.0166999,-0.000175848,2.55353,2.03175,0.42117269,0.0,-1,942.478,17.882,42.0,1.0,"[-1.0, -1.0, -1.0, -1.0, -1.0, -1.0, -1.0, -1.0, -1.0, -1.0, -1.0, -1.0, -1.0, -1.0, -1.0, -1.0, -1.0, -1.0, -1.0]"
2025-05-07 20:44:12.062998,-0.17193,0.0198822,-0.000204885,2.55356,2.03181,0.4217193,0.0,-1,942.478,17.904,42.0,1.0,"[-1.0, -1.0, -1.0, -1.0, -1.0, -1.0, -1.0, -1.0, -1.0, -1.0, -1.0, -1.0, -1.0, -1.0, -1.0, -1.0, -1.0, -1.0, -1.0]"
2025-05-07 20:44:12.085965,-0.143499,-0.00442579,-0.000152006,2.55356,2.03191,0.42143499,0.0,-1,942.478,17.926,42.0,1.0,"[-1.0, -1.0, -1.0, -1.0, -1.0, -1.0, -1.0, -1.0, -1.0, -1.0, -1.0, -1.0, -1.0, -1.0, -1.0, -1.0, -1.0, -1.0, -1.0]"
2025-05-07 20:44:12.109319,-0.0190821,0.0574107,-0.000146954,2.55353,2.03173,0.420190821,0.0,-1,942.478,17.948,42.0,1.0,"[-1.0, -1.0, -1.0, -1.0, -1.0, -1.0, -1.0, -1.0, -1.0, -1.0, -1.0, -1.0, -1.0, -1.0, -1.0, -1.0, -1.0, -1.0, -1.0]"
2025-05-07 20:44:12.131181,-0.0954604,0.0225934,-0.000169553,2.55356,2.03168,0.420954604,0.0,-1,942.478,17.97,42.0,1.0,"[-1.0, -1.0, -1.0, -1.0, -1.0, -1.0, -1.0, -1.0, -1.0, -1.0, -1.0, -1.0, -1.0, -1.0, -1.0, -1.0, -1.0, -1.0, -1.0]"
2025-05-07 20:44:12.151650,-0.126165,0.0177524,-0.000149234,2.55353,2.03171,0.42126165,0.0,-1,942.478,17.992,42.0,1.0,"[-1.0, -1.0, -1.0, -1.0, -1.0, -1.0, -1.0, -1.0, -1.0, -1.0, -1.0, -1.0, -1.0, -1.0, -1.0, -1.0, -1.0, -1.0, -1.0]"
2025-05-07 20:44:12.172534,-0.150039,0.0127166,-0.000163715,2.55356,2.03183,0.42150039,0.0,-1,942.478,18.014,42.0,1.0,"[-1.0, -1.0, -1.0, -1.0, -1.0, -1.0, -1.0, -1.0, -1.0, -1.0, -1.0, -1.0, -1.0, -1.0, -1.0, -1.0, -1.0, -1.0, -1.0]"
2025-05-07 20:44:12.198291,-0.0338319,0.0582801,-0.000207064,2.55353,2.03181,0.420338319,0.0,-1,942.478,18.036,42.0,1.0,"[-1.0, -1.0, -1.0, -1.0, -1.0, -1.0, -1.0, -1.0, -1.0, -1.0, -1.0, -1.0, -1.0, -1.0, -1.0, -1.0, -1.0, -1.0, -1.0]"
2025-05-07 20:44:12.217036,-0.0797802,0.045144,-0.000243693,2.55356,2.03199,0.420797802,0.0,-1,942.478,18.058,42.0,1.0,"[-1.0, -1.0, -1.0, -1.0, -1.0, -1.0, -1.0, -1.0, -1.0, -1.0, -1.0, -1.0, -1.0, -1.0, -1.0, -1.0, -1.0, -1.0, -1.0]"
2025-05-07 20:44:12.239952,-0.114278,0.0285757,-0.000185528,2.55353,2.03208,0.42114278,0.0,-1,942.478,18.08,42.0,1.0,"[-1.0, -1.0, -1.0, -1.0, -1.0, -1.0, -1.0, -1.0, -1.0, -1.0, -1.0, -1.0, -1.0, -1.0, -1.0, -1.0, -1.0, -1.0, -1.0]"
2025-05-07 20:44:12.260992,-0.107135,0.063864,-0.000168676,2.55353,2.03204,0.42107135,0.0,-1,942.478,18.102,42.0,1.0,"[-1.0, -1.0, -1.0, -1.0, -1.0, -1.0, -1.0, -1.0, -1.0, -1.0, -1.0, -1.0, -1.0, -1.0, -1.0, -1.0, -1.0, -1.0, -1.0]"
2025-05-07 20:44:12.283264,-0.0273811,0.0435823,-0.00019383,2.55353,2.03217,0.420273811,0.0,-1,942.478,18.124,42.0,1.0,"[-1.0, -1.0, -1.0, -1.0, -1.0, -1.0, -1.0, -1.0, -1.0, -1.0, -1.0, -1.0, -1.0, -1.0, -1.0, -1.0, -1.0, -1.0, -1.0]"
2025-05-07 20:44:12.307796,-0.162415,0.0206695,-0.000193622,2.55358,2.03232,0.42162415000000003,0.0,-1,942.478,18.146,42.0,1.0,"[-1.0, -1.0, -1.0, -1.0, -1.0, -1.0, -1.0, -1.0, -1.0, -1.0, -1.0, -1.0, -1.0, -1.0, -1.0, -1.0, -1.0, -1.0, -1.0]"
2025-05-07 20:44:12.329738,-0.168013,0.0440048,-0.000203146,2.55358,2.03239,0.42168013000000004,0.0,-1,942.478,18.168,42.0,1.0,"[-1.0, -1.0, -1.0, -1.0, -1.0, -1.0, -1.0, -1.0, -1.0, -1.0, -1.0, -1.0, -1.0, -1.0, -1.0, -1.0, -1.0, -1.0, -1.0]"
2025-05-07 20:44:12.351320,-0.0888989,0.0177996,-0.000146977,2.55356,2.03246,0.420888989,0.0,-1,942.478,18.19,42.0,1.0,"[-1.0, -1.0, -1.0, -1.0, -1.0, -1.0, -1.0, -1.0, -1.0, -1.0, -1.0, -1.0, -1.0, -1.0, -1.0, -1.0, -1.0, -1.0, -1.0]"
2025-05-07 20:44:12.373796,-0.0552566,0.0631295,-0.000202861,2.55358,2.0326,0.420552566,0.0,-1,942.478,18.212,42.0,1.0,"[-1.0, -1.0, -1.0, -1.0, -1.0, -1.0, -1.0, -1.0, -1.0, -1.0, -1.0, -1.0, -1.0, -1.0, -1.0, -1.0, -1.0, -1.0, -1.0]"
2025-05-07 20:44:12.393325,-0.0932154,0.0598405,-0.00023293,2.55356,2.03268,0.420932154,0.0,-1,942.478,18.234,42.0,1.0,"[-1.0, -1.0, -1.0, -1.0, -1.0, -1.0, -1.0, -1.0, -1.0, -1.0, -1.0, -1.0, -1.0, -1.0, -1.0, -1.0, -1.0, -1.0, -1.0]"
2025-05-07 20:44:12.416897,-0.147729,0.00728123,-0.000130122,2.55358,2.03274,0.42147729,0.0,-1,942.478,18.256,42.0,1.0,"[-1.0, -1.0, -1.0, -1.0, -1.0, -1.0, -1.0, -1.0, -1.0, -1.0, -1.0, -1.0, -1.0, -1.0, -1.0, -1.0, -1.0, -1.0, -1.0]"
2025-05-07 20:44:12.437627,-0.0831476,0.0548695,-0.000194438,2.55356,2.03294,0.420831476,0.0,-1,942.478,18.278,42.0,1.0,"[-1.0, -1.0, -1.0, -1.0, -1.0, -1.0, -1.0, -1.0, -1.0, -1.0, -1.0, -1.0, -1.0, -1.0, -1.0, -1.0, -1.0, -1.0, -1.0]"
2025-05-07 20:44:12.462442,-0.0481503,0.0675328,-0.000210433,2.55356,2.03295,0.42048150300000003,0.0,-1,942.478,18.3,42.0,1.0,"[-1.0, -1.0, -1.0, -1.0, -1.0, -1.0, -1.0, -1.0, -1.0, -1.0, -1.0, -1.0, -1.0, -1.0, -1.0, -1.0, -1.0, -1.0, -1.0]"
2025-05-07 20:44:12.481377,-0.14142,0.0122441,-0.000163218,2.5536,2.03301,0.42141419999999996,0.0,-1,942.478,18.322,42.0,1.0,"[-1.0, -1.0, -1.0, -1.0, -1.0, -1.0, -1.0, -1.0, -1.0, -1.0, -1.0, -1.0, -1.0, -1.0, -1.0, -1.0, -1.0, -1.0, -1.0]"
2025-05-07 20:44:12.505289,-0.158837,0.0198874,-0.000180678,2.5536,2.03328,0.42158837,0.0,-1,942.478,18.344,42.0,1.0,"[-1.0, -1.0, -1.0, -1.0, -1.0, -1.0, -1.0, -1.0, -1.0, -1.0, -1.0, -1.0, -1.0, -1.0, -1.0, -1.0, -1.0, -1.0, -1.0]"
2025-05-07 20:44:12.525536,-0.129589,0.0529515,-0.000165751,2.55358,2.03324,0.42129589,0.0,-1,942.478,18.366,42.0,1.0,"[-1.0, -1.0, -1.0, -1.0, -1.0, -1.0, -1.0, -1.0, -1.0, -1.0, -1.0, -1.0, -1.0, -1.0, -1.0, -1.0, -1.0, -1.0, -1.0]"
2025-05-07 20:44:12.547570,-0.0371398,0.0511078,-0.000192513,2.5536,2.03335,0.420371398,0.0,-1,942.478,18.388,42.0,1.0,"[-1.0, -1.0, -1.0, -1.0, -1.0, -1.0, -1.0, -1.0, -1.0, -1.0, -1.0, -1.0, -1.0, -1.0, -1.0, -1.0, -1.0, -1.0, -1.0]"
2025-05-07 20:44:12.569558,-0.0828896,0.0466197,-0.000202378,2.55358,2.03353,0.420828896,0.0,-1,942.478,18.41,42.0,1.0,"[-1.0, -1.0, -1.0, -1.0, -1.0, -1.0, -1.0, -1.0, -1.0, -1.0, -1.0, -1.0, -1.0, -1.0, -1.0, -1.0, -1.0, -1.0, -1.0]"
2025-05-07 20:44:12.593173,-0.214137,0.0287475,-0.000186878,2.5536,2.03353,0.42214137,0.0,-1,942.478,18.432,42.0,1.0,"[-1.0, -1.0, -1.0, -1.0, -1.0, -1.0, -1.0, -1.0, -1.0, -1.0, -1.0, -1.0, -1.0, -1.0, -1.0, -1.0, -1.0, -1.0, -1.0]"
2025-05-07 20:44:12.612346,-0.0791159,0.0360721,-0.000165324,2.55358,2.03372,0.42079115899999997,0.0,-1,942.478,18.454,42.0,1.0,"[-1.0, -1.0, -1.0, -1.0, -1.0, -1.0, -1.0, -1.0, -1.0, -1.0, -1.0, -1.0, -1.0, -1.0, -1.0, -1.0, -1.0, -1.0, -1.0]"
2025-05-07 20:44:12.634423,-0.0406614,0.0667076,-0.000183612,2.55358,2.0338,0.42040661399999996,0.0,-1,942.478,18.476,42.0,1.0,"[-1.0, -1.0, -1.0, -1.0, -1.0, -1.0, -1.0, -1.0, -1.0, -1.0, -1.0, -1.0, -1.0, -1.0, -1.0, -1.0, -1.0, -1.0, -1.0]"
2025-05-07 20:44:12.656383,-0.166407,0.0282327,-0.000224464,2.55362,2.03384,0.42166407,0.0,-1,942.478,18.498,42.0,1.0,"[-1.0, -1.0, -1.0, -1.0, -1.0, -1.0, -1.0, -1.0, -1.0, -1.0, -1.0, -1.0, -1.0, -1.0, -1.0, -1.0, -1.0, -1.0, -1.0]"
2025-05-07 20:44:12.679572,-0.124756,0.0205244,-0.000153667,2.55358,2.03404,0.42124755999999997,0.0,-1,942.478,18.52,42.0,1.0,"[-1.0, -1.0, -1.0, -1.0, -1.0, -1.0, -1.0, -1.0, -1.0, -1.0, -1.0, -1.0, -1.0, -1.0, -1.0, -1.0, -1.0, -1.0, -1.0]"
2025-05-07 20:44:12.701514,-0.0729868,0.0650885,-0.000172518,2.5536,2.03416,0.420729868,0.0,-1,942.478,18.542,42.0,1.0,"[-1.0, -1.0, -1.0, -1.0, -1.0, -1.0, -1.0, -1.0, -1.0, -1.0, -1.0, -1.0, -1.0, -1.0, -1.0, -1.0, -1.0, -1.0, -1.0]"
2025-05-07 20:44:12.723000,-0.059111,0.0638415,-0.000243606,2.55362,2.03417,0.42059111,0.0,-1,942.478,18.564,42.0,1.0,"[-1.0, -1.0, -1.0, -1.0, -1.0, -1.0, -1.0, -1.0, -1.0, -1.0, -1.0, -1.0, -1.0, -1.0, -1.0, -1.0, -1.0, -1.0, -1.0]"
2025-05-07 20:44:12.744423,-0.0811028,0.0320008,-0.000190992,2.5536,2.03432,0.420811028,0.0,-1,942.478,18.586,42.0,1.0,"[-1.0, -1.0, -1.0, -1.0, -1.0, -1.0, -1.0, -1.0, -1.0, -1.0, -1.0, -1.0, -1.0, -1.0, -1.0, -1.0, -1.0, -1.0, -1.0]"
2025-05-07 20:44:12.766524,-0.167854,0.0374113,-0.000151602,2.55362,2.03451,0.42167854,0.0,-1,942.478,18.608,42.0,1.0,"[-1.0, -1.0, -1.0, -1.0, -1.0, -1.0, -1.0, -1.0, -1.0, -1.0, -1.0, -1.0, -1.0, -1.0, -1.0, -1.0, -1.0, -1.0, -1.0]"
2025-05-07 20:44:12.790342,-0.0956219,0.0494242,-0.00019994,2.5536,2.0345,0.42095621899999996,0.0,-1,942.478,18.63,42.0,1.0,"[-1.0, -1.0, -1.0, -1.0, -1.0, -1.0, -1.0, -1.0, -1.0, -1.0, -1.0, -1.0, -1.0, -1.0, -1.0, -1.0, -1.0, -1.0, -1.0]"
2025-05-07 20:44:12.814706,-0.0354237,0.0436795,-0.000166906,2.5536,2.03465,0.420354237,0.0,-1,942.478,18.652,42.0,1.0,"[-1.0, -1.0, -1.0, -1.0, -1.0, -1.0, -1.0, -1.0, -1.0, -1.0, -1.0, -1.0, -1.0, -1.0, -1.0, -1.0, -1.0, -1.0, -1.0]"
2025-05-07 20:44:12.835408,-0.166412,0.0512316,-0.000188268,2.55364,2.0348,0.42166412000000003,0.0,-1,942.478,18.674,42.0,1.0,"[-1.0, -1.0, -1.0, -1.0, -1.0, -1.0, -1.0, -1.0, -1.0, -1.0, -1.0, -1.0, -1.0, -1.0, -1.0, -1.0, -1.0, -1.0, -1.0]"
2025-05-07 20:44:12.858012,-0.138377,0.0271583,-0.0001982,2.55362,2.0348,0.42138377,0.0,-1,942.478,18.696,42.0,1.0,"[-1.0, -1.0, -1.0, -1.0, -1.0, -1.0, -1.0, -1.0, -1.0, -1.0, -1.0, -1.0, -1.0, -1.0, -1.0, -1.0, -1.0, -1.0, -1.0]"
2025-05-07 20:44:12.881213,-0.11921,0.0254259,-0.000154468,2.5536,2.03503,0.4211921,0.0,-1,942.478,18.718,42.0,1.0,"[-1.0, -1.0, -1.0, -1.0, -1.0, -1.0, -1.0, -1.0, -1.0, -1.0, -1.0, -1.0, -1.0, -1.0, -1.0, -1.0, -1.0, -1.0, -1.0]"
2025-05-07 20:44:12.899800,-0.0622208,0.0992891,-0.000196351,2.55364,2.03507,0.420622208,0.0,-1,942.478,18.74,42.0,1.0,"[-1.0, -1.0, -1.0, -1.0, -1.0, -1.0, -1.0, -1.0, -1.0, -1.0, -1.0, -1.0, -1.0, -1.0, -1.0, -1.0, -1.0, -1.0, -1.0]"
2025-05-07 20:44:12.921379,-0.0913367,0.0324243,-0.000220313,2.55364,2.03513,0.420913367,0.0,-1,942.478,18.762,42.0,1.0,"[-1.0, -1.0, -1.0, -1.0, -1.0, -1.0, -1.0, -1.0, -1.0, -1.0, -1.0, -1.0, -1.0, -1.0, -1.0, -1.0, -1.0, -1.0, -1.0]"
2025-05-07 20:44:12.943777,-0.20479,0.00694568,-0.000129512,2.55364,2.03538,0.42204790000000003,0.0,-1,942.478,18.784,42.0,1.0,"[-1.0, -1.0, -1.0, -1.0, -1.0, -1.0, -1.0, -1.0, -1.0, -1.0, -1.0, -1.0, -1.0, -1.0, -1.0, -1.0, -1.0, -1.0, -1.0]"
2025-05-07 20:44:12.965832,-0.0978376,0.0829936,-0.000180857,2.55362,2.03536,0.420978376,0.0,-1,942.478,18.806,42.0,1.0,"[-1.0, -1.0, -1.0, -1.0, -1.0, -1.0, -1.0, -1.0, -1.0, -1.0, -1.0, -1.0, -1.0, -1.0, -1.0, -1.0, -1.0, -1.0, -1.0]"
2025-05-07 20:44:12.988742,-0.019563,0.0511945,-0.000192916,2.55362,2.03546,0.42019563,0.0,-1,942.478,18.828,42.0,1.0,"[-1.0, -1.0, -1.0, -1.0, -1.0, -1.0, -1.0, -1.0, -1.0, -1.0, -1.0, -1.0, -1.0, -1.0, -1.0, -1.0, -1.0, -1.0, -1.0]"
2025-05-07 20:44:13.009904,-0.162533,0.0193543,-0.000194728,2.55367,2.03564,0.42162533,0.0,-1,942.478,18.85,42.0,1.0,"[-1.0, -1.0, -1.0, -1.0, -1.0, -1.0, -1.0, -1.0, -1.0, -1.0, -1.0, -1.0, -1.0, -1.0, -1.0, -1.0, -1.0, -1.0, -1.0]"
2025-05-07 20:44:13.031574,-0.13938,0.058771,-0.000197963,2.55362,2.03569,0.42139380000000004,0.0,-1,942.478,18.872,42.0,1.0,"[-1.0, -1.0, -1.0, -1.0, -1.0, -1.0, -1.0, -1.0, -1.0, -1.0, -1.0, -1.0, -1.0, -1.0, -1.0, -1.0, -1.0, -1.0, -1.0]"
2025-05-07 20:44:13.053885,-0.0647159,0.0278765,-0.000160753,2.55362,2.03577,0.42064715900000005,0.0,-1,942.478,18.894,42.0,1.0,"[-1.0, -1.0, -1.0, -1.0, -1.0, -1.0, -1.0, -1.0, -1.0, -1.0, -1.0, -1.0, -1.0, -1.0, -1.0, -1.0, -1.0, -1.0, -1.0]"
2025-05-07 20:44:13.077080,-0.0217691,0.0807499,-0.000197603,2.55364,2.03589,0.420217691,0.0,-1,942.478,18.916,42.0,1.0,"[-1.0, -1.0, -1.0, -1.0, -1.0, -1.0, -1.0, -1.0, -1.0, -1.0, -1.0, -1.0, -1.0, -1.0, -1.0, -1.0, -1.0, -1.0, -1.0]"
2025-05-07 20:44:13.099744,-0.0969613,0.0573899,-0.000240951,2.55364,2.03595,0.42096961299999996,0.0,-1,942.478,18.938,42.0,1.0,"[-1.0, -1.0, -1.0, -1.0, -1.0, -1.0, -1.0, -1.0, -1.0, -1.0, -1.0, -1.0, -1.0, -1.0, -1.0, -1.0, -1.0, -1.0, -1.0]"
2025-05-07 20:44:13.118645,-0.148442,0.00886988,-0.000146498,2.55367,2.03602,0.42148442,0.0,-1,942.478,18.96,42.0,1.0,"[-1.0, -1.0, -1.0, -1.0, -1.0, -1.0, -1.0, -1.0, -1.0, -1.0, -1.0, -1.0, -1.0, -1.0, -1.0, -1.0, -1.0, -1.0, -1.0]"
2025-05-07 20:44:13.141637,-0.0833315,0.055166,-0.000185383,2.55364,2.03623,0.420833315,0.0,-1,942.478,18.982,42.0,1.0,"[-1.0, -1.0, -1.0, -1.0, -1.0, -1.0, -1.0, -1.0, -1.0, -1.0, -1.0, -1.0, -1.0, -1.0, -1.0, -1.0, -1.0, -1.0, -1.0]"
2025-05-07 20:44:13.163889,-0.0479666,0.0675825,-0.000200138,2.55364,2.03623,0.42047966600000003,0.0,-1,942.478,19.004,42.0,1.0,"[-1.0, -1.0, -1.0, -1.0, -1.0, -1.0, -1.0, -1.0, -1.0, -1.0, -1.0, -1.0, -1.0, -1.0, -1.0, -1.0, -1.0, -1.0, -1.0]"
2025-05-07 20:44:13.184948,-0.142178,0.0116496,-0.000149598,2.55369,2.0363,0.42142178,0.0,-1,942.478,19.026,42.0,1.0,"[-1.0, -1.0, -1.0, -1.0, -1.0, -1.0, -1.0, -1.0, -1.0, -1.0, -1.0, -1.0, -1.0, -1.0, -1.0, -1.0, -1.0, -1.0, -1.0]"
2025-05-07 20:44:13.206679,-0.126484,0.0360798,-0.000194639,2.55364,2.03656,0.42126484,0.0,-1,942.478,19.048,42.0,1.0,"[-1.0, -1.0, -1.0, -1.0, -1.0, -1.0, -1.0, -1.0, -1.0, -1.0, -1.0, -1.0, -1.0, -1.0, -1.0, -1.0, -1.0, -1.0, -1.0]"
2025-05-07 20:44:13.231819,-0.123279,0.0540658,-0.000166988,2.55364,2.03652,0.42123278999999997,0.0,-1,942.478,19.07,42.0,1.0,"[-1.0, -1.0, -1.0, -1.0, -1.0, -1.0, -1.0, -1.0, -1.0, -1.0, -1.0, -1.0, -1.0, -1.0, -1.0, -1.0, -1.0, -1.0, -1.0]"
2025-05-07 20:44:13.250983,-0.120988,0.00936519,-0.000158293,2.55369,2.03664,0.42120988,0.0,-1,942.478,19.092,42.0,1.0,"[-1.0, -1.0, -1.0, -1.0, -1.0, -1.0, -1.0, -1.0, -1.0, -1.0, -1.0, -1.0, -1.0, -1.0, -1.0, -1.0, -1.0, -1.0, -1.0]"
2025-05-07 20:44:13.273091,-0.0820872,0.0496126,-0.000199484,2.55367,2.03682,0.42082087199999996,0.0,-1,942.478,19.114,42.0,1.0,"[-1.0, -1.0, -1.0, -1.0, -1.0, -1.0, -1.0, -1.0, -1.0, -1.0, -1.0, -1.0, -1.0, -1.0, -1.0, -1.0, -1.0, -1.0, -1.0]"
2025-05-07 20:44:13.298612,-0.214191,0.0292769,-0.000185268,2.55369,2.03682,0.42214191,0.0,-1,942.478,19.136,42.0,1.0,"[-1.0, -1.0, -1.0, -1.0, -1.0, -1.0, -1.0, -1.0, -1.0, -1.0, -1.0, -1.0, -1.0, -1.0, -1.0, -1.0, -1.0, -1.0, -1.0]"
2025-05-07 20:44:13.317133,-0.0793982,0.035638,-0.000157182,2.55367,2.037,0.420793982,0.0,-1,942.478,19.158,42.0,1.0,"[-1.0, -1.0, -1.0, -1.0, -1.0, -1.0, -1.0, -1.0, -1.0, -1.0, -1.0, -1.0, -1.0, -1.0, -1.0, -1.0, -1.0, -1.0, -1.0]"
2025-05-07 20:44:13.339528,-0.0404504,0.0666805,-0.000195372,2.55367,2.03708,0.42040450399999996,0.0,-1,942.478,19.18,42.0,1.0,"[-1.0, -1.0, -1.0, -1.0, -1.0, -1.0, -1.0, -1.0, -1.0, -1.0, -1.0, -1.0, -1.0, -1.0, -1.0, -1.0, -1.0, -1.0, -1.0]"
2025-05-07 20:44:13.361650,-0.16638,0.0282602,-0.000247856,2.55371,2.03712,0.4216638,0.0,-1,942.478,19.202,42.0,1.0,"[-1.0, -1.0, -1.0, -1.0, -1.0, -1.0, -1.0, -1.0, -1.0, -1.0, -1.0, -1.0, -1.0, -1.0, -1.0, -1.0, -1.0, -1.0, -1.0]"
2025-05-07 20:44:13.383145,-0.125333,0.0206583,-0.000158727,2.55367,2.03732,0.42125333,0.0,-1,942.478,19.224,42.0,1.0,"[-1.0, -1.0, -1.0, -1.0, -1.0, -1.0, -1.0, -1.0, -1.0, -1.0, -1.0, -1.0, -1.0, -1.0, -1.0, -1.0, -1.0, -1.0, -1.0]"
2025-05-07 20:44:13.405591,-0.0737595,0.0659846,-0.000173301,2.55369,2.03744,0.420737595,0.0,-1,942.478,19.246,42.0,1.0,"[-1.0, -1.0, -1.0, -1.0, -1.0, -1.0, -1.0, -1.0, -1.0, -1.0, -1.0, -1.0, -1.0, -1.0, -1.0, -1.0, -1.0, -1.0, -1.0]"
2025-05-07 20:44:13.428605,-0.059768,0.0641062,-0.000241181,2.55371,2.03746,0.7,0.0,-1,942.478,19.268,42.0,-1.0,"[-1.0, -1.0, -1.0, -1.0, -1.0, -1.0, -1.0, -1.0, -1.0, -1.0, -1.0, -1.0, -1.0, -1.0, -1.0, -1.0, -1.0, -1.0, -1.0]"
2025-05-07 20:44:13.450185,-0.0818047,0.0323364,-0.000188387,2.55369,2.03761,0.7,0.0,-1,942.478,19.29,42.0,-1.0,"[-1.0, -1.0, -1.0, -1.0, -1.0, -1.0, -1.0, -1.0, -1.0, -1.0, -1.0, -1.0, -1.0, -1.0, -1.0, -1.0, -1.0, -1.0, -1.0]"
2025-05-07 20:44:13.470903,-0.167896,0.0374725,-0.000150475,2.55371,2.0378,0.7,0.0,-1,942.478,19.312,42.0,-1.0,"[-1.0, -1.0, -1.0, -1.0, -1.0, -1.0, -1.0, -1.0, -1.0, -1.0, -1.0, -1.0, -1.0, -1.0, -1.0, -1.0, -1.0, -1.0, -1.0]"
2025-05-07 20:44:13.493622,-0.0962217,0.0495799,-0.000196675,2.55369,2.03778,0.7,0.0,-1,942.478,19.334,42.0,-1.0,"[-1.0, -1.0, -1.0, -1.0, -1.0, -1.0, -1.0, -1.0, -1.0, -1.0, -1.0, -1.0, -1.0, -1.0, -1.0, -1.0, -1.0, -1.0, -1.0]"
2025-05-07 20:44:13.515304,-0.0360743,0.0438124,-0.000175426,2.55369,2.03793,0.7,0.0,-1,942.478,19.356,42.0,-1.0,"[-1.0, -1.0, -1.0, -1.0, -1.0, -1.0, -1.0, -1.0, -1.0, -1.0, -1.0, -1.0, -1.0, -1.0, -1.0, -1.0, -1.0, -1.0, -1.0]"
2025-05-07 20:44:13.537158,-0.166278,0.0512291,-0.000190082,2.55373,2.03809,0.7,0.0,-1,942.478,19.378,42.0,-1.0,"[-1.0, -1.0, -1.0, -1.0, -1.0, -1.0, -1.0, -1.0, -1.0, -1.0, -1.0, -1.0, -1.0, -1.0, -1.0, -1.0, -1.0, -1.0, -1.0]"
2025-05-07 20:44:13.561484,-0.138895,0.0271441,-0.000188407,2.55371,2.03809,0.7,0.0,-1,942.478,19.4,42.0,-1.0,"[-1.0, -1.0, -1.0, -1.0, -1.0, -1.0, -1.0, -1.0, -1.0, -1.0, -1.0, -1.0, -1.0, -1.0, -1.0, -1.0, -1.0, -1.0, -1.0]"
2025-05-07 20:44:13.580604,-0.119682,0.0253329,-0.000141415,2.55369,2.03831,0.7,0.0,-1,942.478,19.422,42.0,-1.0,"[-1.0, -1.0, -1.0, -1.0, -1.0, -1.0, -1.0, -1.0, -1.0, -1.0, -1.0, -1.0, -1.0, -1.0, -1.0, -1.0, -1.0, -1.0, -1.0]"
2025-05-07 20:44:13.605082,-0.0625148,0.0994791,-0.000187147,2.55373,2.03835,0.7,0.0,-1,942.478,19.444,42.0,-1.0,"[-1.0, -1.0, -1.0, -1.0, -1.0, -1.0, -1.0, -1.0, -1.0, -1.0, -1.0, -1.0, -1.0, -1.0, -1.0, -1.0, -1.0, -1.0, -1.0]"
2025-05-07 20:44:13.625113,-0.091956,0.0324079,-0.000212597,2.55373,2.03841,0.7,0.0,-1,942.478,19.466,42.0,-1.0,"[-1.0, -1.0, -1.0, -1.0, -1.0, -1.0, -1.0, -1.0, -1.0, -1.0, -1.0, -1.0, -1.0, -1.0, -1.0, -1.0, -1.0, -1.0, -1.0]"
2025-05-07 20:44:13.648335,-0.205415,0.00688683,-0.000152978,2.55373,2.03867,0.7,0.0,-1,942.478,19.488,42.0,-1.0,"[-1.0, -1.0, -1.0, -1.0, -1.0, -1.0, -1.0, -1.0, -1.0, -1.0, -1.0, -1.0, -1.0, -1.0, -1.0, -1.0, -1.0, -1.0, -1.0]"
2025-05-07 20:44:13.669942,-0.0979062,0.0832451,-0.000183887,2.55371,2.03865,0.7,0.0,-1,942.478,19.51,42.0,-1.0,"[-1.0, -1.0, -1.0, -1.0, -1.0, -1.0, -1.0, -1.0, -1.0, -1.0, -1.0, -1.0, -1.0, -1.0, -1.0, -1.0, -1.0, -1.0, -1.0]"
2025-05-07 20:44:13.691968,-0.02017,0.0512815,-0.000204612,2.55371,2.03874,0.7,0.0,-1,942.478,19.532,42.0,-1.0,"[-1.0, -1.0, -1.0, -1.0, -1.0, -1.0, -1.0, -1.0, -1.0, -1.0, -1.0, -1.0, -1.0, -1.0, -1.0, -1.0, -1.0, -1.0, -1.0]"
2025-05-07 20:44:13.713404,-0.163211,0.0196598,-0.00019978,2.55376,2.03892,0.7,0.0,-1,942.478,19.554,42.0,-1.0,"[-1.0, -1.0, -1.0, -1.0, -1.0, -1.0, -1.0, -1.0, -1.0, -1.0, -1.0, -1.0, -1.0, -1.0, -1.0, -1.0, -1.0, -1.0, -1.0]"
2025-05-07 20:44:13.735231,-0.130831,0.0628271,-0.000189536,2.55371,2.03898,0.7,0.0,-1,942.478,19.576,42.0,-1.0,"[-1.0, -1.0, -1.0, -1.0, -1.0, -1.0, -1.0, -1.0, -1.0, -1.0, -1.0, -1.0, -1.0, -1.0, -1.0, -1.0, -1.0, -1.0, -1.0]"
2025-05-07 20:44:13.756872,-0.0906452,0.0144349,-0.000161397,2.55371,2.03907,0.7,0.0,-1,942.478,19.598,42.0,-1.0,"[-1.0, -1.0, -1.0, -1.0, -1.0, -1.0, -1.0, -1.0, -1.0, -1.0, -1.0, -1.0, -1.0, -1.0, -1.0, -1.0, -1.0, -1.0, -1.0]"
2025-05-07 20:44:13.780722,-0.0498286,0.0697449,-0.00021189,2.55376,2.0392,0.7,0.0,-1,942.478,19.62,42.0,-1.0,"[-1.0, -1.0, -1.0, -1.0, -1.0, -1.0, -1.0, -1.0, -1.0, -1.0, -1.0, -1.0, -1.0, -1.0, -1.0, -1.0, -1.0, -1.0, -1.0]"
2025-05-07 20:44:13.802716,-0.0931535,0.0609808,-0.00023336,2.55373,2.03928,0.7,0.0,-1,942.478,19.642,42.0,-1.0,"[-1.0, -1.0, -1.0, -1.0, -1.0, -1.0, -1.0, -1.0, -1.0, -1.0, -1.0, -1.0, -1.0, -1.0, -1.0, -1.0, -1.0, -1.0, -1.0]"
2025-05-07 20:44:13.824586,-0.149301,0.00616912,-0.000139019,2.55376,2.03934,0.7,0.0,-1,942.478,19.664,42.0,-1.0,"[-1.0, -1.0, -1.0, -1.0, -1.0, -1.0, -1.0, -1.0, -1.0, -1.0, -1.0, -1.0, -1.0, -1.0, -1.0, -1.0, -1.0, -1.0, -1.0]"
2025-05-07 20:44:13.848011,-0.083408,0.0557148,-0.000189717,2.55373,2.03954,0.7,0.0,-1,942.478,19.686,42.0,-1.0,"[-1.0, -1.0, -1.0, -1.0, -1.0, -1.0, -1.0, -1.0, -1.0, -1.0, -1.0, -1.0, -1.0, -1.0, -1.0, -1.0, -1.0, -1.0, -1.0]"
2025-05-07 20:44:13.869255,-0.048498,0.0679013,-0.000191329,2.55373,2.03955,0.7,0.0,-1,942.478,19.708,42.0,-1.0,"[-1.0, -1.0, -1.0, -1.0, -1.0, -1.0, -1.0, -1.0, -1.0, -1.0, -1.0, -1.0, -1.0, -1.0, -1.0, -1.0, -1.0, -1.0, -1.0]"
2025-05-07 20:44:13.890218,-0.141667,0.0466479,-0.000256289,2.55376,2.03965,0.7,0.0,-1,942.478,19.73,42.0,-1.0,"[-1.0, -1.0, -1.0, -1.0, -1.0, -1.0, -1.0, -1.0, -1.0, -1.0, -1.0, -1.0, -1.0, -1.0, -1.0, -1.0, -1.0, -1.0, -1.0]"
2025-05-07 20:44:13.911819,-0.203359,0.0723881,-0.000433022,2.55376,2.03972,0.7,0.0,-1,942.478,19.752,42.0,-1.0,"[-1.0, -1.0, -1.0, -1.0, -1.0, -1.0, -1.0, -1.0, -1.0, -1.0, -1.0, -1.0, -1.0, -1.0, -1.0, -1.0, -1.0, -1.0, -1.0]"
2025-05-07 20:44:13.932881,-0.14271,0.0689706,-0.000701553,2.55376,2.03981,0.7,0.0,-1,942.478,19.774,42.0,-1.0,"[-1.0, -1.0, -1.0, -1.0, -1.0, -1.0, -1.0, -1.0, -1.0, -1.0, -1.0, -1.0, -1.0, -1.0, -1.0, -1.0, -1.0, -1.0, -1.0]"
2025-05-07 20:44:13.957822,-0.0698158,0.062759,-0.000911721,2.55376,2.03968,0.7,0.0,-1,942.478,19.796,42.0,-1.0,"[-1.0, -1.0, -1.0, -1.0, -1.0, -1.0, -1.0, -1.0, -1.0, -1.0, -1.0, -1.0, -1.0, -1.0, -1.0, -1.0, -1.0, -1.0, -1.0]"
2025-05-07 20:44:13.976702,-0.114084,0.0835369,-0.00109342,2.55373,2.03954,0.7,0.0,-1,942.478,19.818,42.0,-1.0,"[-1.0, -1.0, -1.0, -1.0, -1.0, -1.0, -1.0, -1.0, -1.0, -1.0, -1.0, -1.0, -1.0, -1.0, -1.0, -1.0, -1.0, -1.0, -1.0]"
2025-05-07 20:44:14.001351,-0.206648,0.0842482,-0.00104151,2.55376,2.03929,0.7,0.0,-1,942.478,19.84,42.0,-1.0,"[-1.0, -1.0, -1.0, -1.0, -1.0, -1.0, -1.0, -1.0, -1.0, -1.0, -1.0, -1.0, -1.0, -1.0, -1.0, -1.0, -1.0, -1.0, -1.0]"
2025-05-07 20:44:14.021817,-0.20362,0.0837275,-0.00100784,2.55376,2.03911,0.7,0.0,-1,942.478,19.862,42.0,-1.0,"[-1.0, -1.0, -1.0, -1.0, -1.0, -1.0, -1.0, -1.0, -1.0, -1.0, -1.0, -1.0, -1.0, -1.0, -1.0, -1.0, -1.0, -1.0, -1.0]"
2025-05-07 20:44:14.044068,-0.0904452,0.0892363,-0.000895075,2.55373,2.03889,0.7,0.0,-1,942.478,19.884,42.0,-1.0,"[-1.0, -1.0, -1.0, -1.0, -1.0, -1.0, -1.0, -1.0, -1.0, -1.0, -1.0, -1.0, -1.0, -1.0, -1.0, -1.0, -1.0, -1.0, -1.0]"
2025-05-07 20:44:14.064671,-0.129438,0.106866,-0.000650326,2.55373,2.03869,0.7,0.0,-1,942.478,19.906,42.0,-1.0,"[-1.0, -1.0, -1.0, -1.0, -1.0, -1.0, -1.0, -1.0, -1.0, -1.0, -1.0, -1.0, -1.0, -1.0, -1.0, -1.0, -1.0, -1.0, -1.0]"
2025-05-07 20:44:14.087237,-0.171967,0.112493,-0.000441089,2.55371,2.03849,0.7,0.0,-1,942.478,19.928,42.0,-1.0,"[-1.0, -1.0, -1.0, -1.0, -1.0, -1.0, -1.0, -1.0, -1.0, -1.0, -1.0, -1.0, -1.0, -1.0, -1.0, -1.0, -1.0, -1.0, -1.0]"
2025-05-07 20:44:14.111836,-0.140925,0.101711,-0.000207074,2.55371,2.03821,0.7,0.0,-1,942.478,19.95,42.0,-1.0,"[-1.0, -1.0, -1.0, -1.0, -1.0, -1.0, -1.0, -1.0, -1.0, -1.0, -1.0, -1.0, -1.0, -1.0, -1.0, -1.0, -1.0, -1.0, -1.0]"
2025-05-07 20:44:14.130828,-0.167255,0.0652578,-0.000158023,2.55373,2.03798,0.7,0.0,-1,942.478,19.972,42.0,-1.0,"[-1.0, -1.0, -1.0, -1.0, -1.0, -1.0, -1.0, -1.0, -1.0, -1.0, -1.0, -1.0, -1.0, -1.0, -1.0, -1.0, -1.0, -1.0, -1.0]"
2025-05-07 20:44:14.154210,-0.191691,0.0793884,-0.000113502,2.55373,2.03774,0.7,0.0,-1,942.478,19.994,42.0,-1.0,"[-1.0, -1.0, -1.0, -1.0, -1.0, -1.0, -1.0, -1.0, -1.0, -1.0, -1.0, -1.0, -1.0, -1.0, -1.0, -1.0, -1.0, -1.0, -1.0]"
2025-05-07 20:44:14.178048,-0.167032,0.132918,-5.05322e-05,2.55369,2.0376,0.7,0.0,-1,942.478,20.016,42.0,-1.0,"[-1.0, -1.0, -1.0, -1.0, -1.0, -1.0, -1.0, -1.0, -1.0, -1.0, -1.0, -1.0, -1.0, -1.0, -1.0, -1.0, -1.0, -1.0, -1.0]"
2025-05-07 20:44:14.197978,-0.123564,0.0939512,1.10726e-05,2.55367,2.03733,0.7,0.0,-1,942.478,20.038,42.0,-1.0,"[-1.0, -1.0, -1.0, -1.0, -1.0, -1.0, -1.0, -1.0, -1.0, -1.0, -1.0, -1.0, -1.0, -1.0, -1.0, -1.0, -1.0, -1.0, -1.0]"
2025-05-07 20:44:14.219207,-0.122901,0.0752902,1.25888e-05,2.55367,2.03707,0.7,0.0,-1,942.478,20.06,42.0,-1.0,"[-1.0, -1.0, -1.0, -1.0, -1.0, -1.0, -1.0, -1.0, -1.0, -1.0, -1.0, -1.0, -1.0, -1.0, -1.0, -1.0, -1.0, -1.0, -1.0]"
2025-05-07 20:44:14.244008,-0.211902,0.0705739,4.53546e-05,2.55371,2.03679,0.7,0.0,-1,942.478,20.082,42.0,-1.0,"[-1.0, -1.0, -1.0, -1.0, -1.0, -1.0, -1.0, -1.0, -1.0, -1.0, -1.0, -1.0, -1.0, -1.0, -1.0, -1.0, -1.0, -1.0, -1.0]"
2025-05-07 20:44:14.264163,-0.254717,0.0972645,5.37717e-05,2.55371,2.03663,0.7,0.0,-1,942.478,20.104,42.0,-1.0,"[-1.0, -1.0, -1.0, -1.0, -1.0, -1.0, -1.0, -1.0, -1.0, -1.0, -1.0, -1.0, -1.0, -1.0, -1.0, -1.0, -1.0, -1.0, -1.0]"
2025-05-07 20:44:14.286862,-0.116238,0.109278,2.79095e-05,2.55364,2.03645,0.7,0.0,-1,942.478,20.126,42.0,-1.0,"[-1.0, -1.0, -1.0, -1.0, -1.0, -1.0, -1.0, -1.0, -1.0, -1.0, -1.0, -1.0, -1.0, -1.0, -1.0, -1.0, -1.0, -1.0, -1.0]"
2025-05-07 20:44:14.309710,-0.0693782,0.0781166,-2.34074e-05,2.55364,2.03617,0.7,0.0,-1,942.478,20.148,42.0,-1.0,"[-1.0, -1.0, -1.0, -1.0, -1.0, -1.0, -1.0, -1.0, -1.0, -1.0, -1.0, -1.0, -1.0, -1.0, -1.0, -1.0, -1.0, -1.0, -1.0]"
2025-05-07 20:44:14.329100,-0.171183,0.0870195,-5.22623e-05,2.55367,2.03591,0.7,0.0,-1,942.478,20.17,42.0,-1.0,"[-1.0, -1.0, -1.0, -1.0, -1.0, -1.0, -1.0, -1.0, -1.0, -1.0, -1.0, -1.0, -1.0, -1.0, -1.0, -1.0, -1.0, -1.0, -1.0]"
2025-05-07 20:44:14.351054,-0.230214,0.107805,-8.22892e-05,2.55367,2.03566,0.7,0.0,-1,942.478,20.192,42.0,-1.0,"[-1.0, -1.0, -1.0, -1.0, -1.0, -1.0, -1.0, -1.0, -1.0, -1.0, -1.0, -1.0, -1.0, -1.0, -1.0, -1.0, -1.0, -1.0, -1.0]"
2025-05-07 20:44:14.374561,-0.202084,0.0812551,-0.000192402,2.55367,2.03553,0.7,0.0,-1,942.478,20.214,42.0,-1.0,"[-1.0, -1.0, -1.0, -1.0, -1.0, -1.0, -1.0, -1.0, -1.0, -1.0, -1.0, -1.0, -1.0, -1.0, -1.0, -1.0, -1.0, -1.0, -1.0]"
2025-05-07 20:44:14.396183,-0.0943118,0.0817603,-0.000221768,2.55364,2.03527,0.7,0.0,-1,942.478,20.236,42.0,-1.0,"[-1.0, -1.0, -1.0, -1.0, -1.0, -1.0, -1.0, -1.0, -1.0, -1.0, -1.0, -1.0, -1.0, -1.0, -1.0, -1.0, -1.0, -1.0, -1.0]"
2025-05-07 20:44:14.417785,-0.125396,0.102741,-0.00023625,2.55362,2.03504,0.7,0.0,-1,942.478,20.258,42.0,-1.0,"[-1.0, -1.0, -1.0, -1.0, -1.0, -1.0, -1.0, -1.0, -1.0, -1.0, -1.0, -1.0, -1.0, -1.0, -1.0, -1.0, -1.0, -1.0, -1.0]"
2025-05-07 20:44:14.439986,-0.195765,0.0973457,-0.00018543,2.55362,2.03476,0.7,0.0,-1,942.478,20.28,42.0,-1.0,"[-1.0, -1.0, -1.0, -1.0, -1.0, -1.0, -1.0, -1.0, -1.0, -1.0, -1.0, -1.0, -1.0, -1.0, -1.0, -1.0, -1.0, -1.0, -1.0]"
2025-05-07 20:44:14.461441,-0.167897,0.116082,-0.000165406,2.5536,2.03457,0.7,0.0,-1,942.478,20.302,42.0,-1.0,"[-1.0, -1.0, -1.0, -1.0, -1.0, -1.0, -1.0, -1.0, -1.0, -1.0, -1.0, -1.0, -1.0, -1.0, -1.0, -1.0, -1.0, -1.0, -1.0]"
2025-05-07 20:44:14.482993,-0.092721,0.0941975,-0.000224159,2.55362,2.03434,0.7,0.0,-1,942.478,20.324,42.0,-1.0,"[-1.0, -1.0, -1.0, -1.0, -1.0, -1.0, -1.0, -1.0, -1.0, -1.0, -1.0, -1.0, -1.0, -1.0, -1.0, -1.0, -1.0, -1.0, -1.0]"
2025-05-07 20:44:14.507441,-0.129814,0.109278,-0.000245811,2.55362,2.03412,0.7,0.0,-1,942.478,20.346,42.0,-1.0,"[-1.0, -1.0, -1.0, -1.0, -1.0, -1.0, -1.0, -1.0, -1.0, -1.0, -1.0, -1.0, -1.0, -1.0, -1.0, -1.0, -1.0, -1.0, -1.0]"
2025-05-07 20:44:14.527569,-0.171643,0.114448,-0.000194267,2.55358,2.03391,0.7,0.0,-1,942.478,20.368,42.0,-1.0,"[-1.0, -1.0, -1.0, -1.0, -1.0, -1.0, -1.0, -1.0, -1.0, -1.0, -1.0, -1.0, -1.0, -1.0, -1.0, -1.0, -1.0, -1.0, -1.0]"
2025-05-07 20:44:14.550183,-0.140481,0.102013,-0.00018006,2.55358,2.03363,0.7,0.0,-1,942.478,20.39,42.0,-1.0,"[-1.0, -1.0, -1.0, -1.0, -1.0, -1.0, -1.0, -1.0, -1.0, -1.0, -1.0, -1.0, -1.0, -1.0, -1.0, -1.0, -1.0, -1.0, -1.0]"
2025-05-07 20:44:14.571625,-0.16618,0.0661965,-0.000217729,2.55362,2.0334,0.7,0.0,-1,942.478,20.412,42.0,-1.0,"[-1.0, -1.0, -1.0, -1.0, -1.0, -1.0, -1.0, -1.0, -1.0, -1.0, -1.0, -1.0, -1.0, -1.0, -1.0, -1.0, -1.0, -1.0, -1.0]"
2025-05-07 20:44:14.593749,-0.190511,0.0794745,-0.000223258,2.55362,2.03315,0.7,0.0,-1,942.478,20.434,42.0,-1.0,"[-1.0, -1.0, -1.0, -1.0, -1.0, -1.0, -1.0, -1.0, -1.0, -1.0, -1.0, -1.0, -1.0, -1.0, -1.0, -1.0, -1.0, -1.0, -1.0]"
2025-05-07 20:44:14.614187,-0.165444,0.132494,-0.000199346,2.55356,2.03301,0.7,0.0,-1,942.478,20.456,42.0,-1.0,"[-1.0, -1.0, -1.0, -1.0, -1.0, -1.0, -1.0, -1.0, -1.0, -1.0, -1.0, -1.0, -1.0, -1.0, -1.0, -1.0, -1.0, -1.0, -1.0]"
2025-05-07 20:44:14.636641,-0.121987,0.0931109,-0.000179215,2.55356,2.03275,0.7,0.0,-1,942.478,20.478,42.0,-1.0,"[-1.0, -1.0, -1.0, -1.0, -1.0, -1.0, -1.0, -1.0, -1.0, -1.0, -1.0, -1.0, -1.0, -1.0, -1.0, -1.0, -1.0, -1.0, -1.0]"
2025-05-07 20:44:14.658746,-0.120944,0.0745095,-0.00020879,2.55356,2.03248,0.7,0.0,-1,942.478,20.5,42.0,-1.0,"[-1.0, -1.0, -1.0, -1.0, -1.0, -1.0, -1.0, -1.0, -1.0, -1.0, -1.0, -1.0, -1.0, -1.0, -1.0, -1.0, -1.0, -1.0, -1.0]"
2025-05-07 20:44:14.681068,-0.210156,0.0695489,-0.000209112,2.5536,2.0322,0.7,0.0,-1,942.478,20.522,42.0,-1.0,"[-1.0, -1.0, -1.0, -1.0, -1.0, -1.0, -1.0, -1.0, -1.0, -1.0, -1.0, -1.0, -1.0, -1.0, -1.0, -1.0, -1.0, -1.0, -1.0]"
2025-05-07 20:44:14.703269,-0.25268,0.0964708,-0.000191166,2.55358,2.03205,0.7,0.0,-1,942.478,20.544,42.0,-1.0,"[-1.0, -1.0, -1.0, -1.0, -1.0, -1.0, -1.0, -1.0, -1.0, -1.0, -1.0, -1.0, -1.0, -1.0, -1.0, -1.0, -1.0, -1.0, -1.0]"
2025-05-07 20:44:14.726572,-0.122453,0.111159,-0.000184645,2.55353,2.03186,0.7,0.0,-1,942.478,20.566,42.0,-1.0,"[-1.0, -1.0, -1.0, -1.0, -1.0, -1.0, -1.0, -1.0, -1.0, -1.0, -1.0, -1.0, -1.0, -1.0, -1.0, -1.0, -1.0, -1.0, -1.0]"
2025-05-07 20:44:14.746412,-0.0535432,0.0950546,-0.000216209,2.55353,2.03158,0.7,0.0,-1,942.478,20.588,42.0,-1.0,"[-1.0, -1.0, -1.0, -1.0, -1.0, -1.0, -1.0, -1.0, -1.0, -1.0, -1.0, -1.0, -1.0, -1.0, -1.0, -1.0, -1.0, -1.0, -1.0]"
2025-05-07 20:44:14.769230,-0.168825,0.0852304,-0.000221895,2.55353,2.03132,0.7,0.0,-1,942.478,20.61,42.0,-1.0,"[-1.0, -1.0, -1.0, -1.0, -1.0, -1.0, -1.0, -1.0, -1.0, -1.0, -1.0, -1.0, -1.0, -1.0, -1.0, -1.0, -1.0, -1.0, -1.0]"
2025-05-07 20:44:14.790739,-0.228387,0.106305,-0.000160186,2.55353,2.03107,0.7,0.0,-1,942.478,20.632,42.0,-1.0,"[-1.0, -1.0, -1.0, -1.0, -1.0, -1.0, -1.0, -1.0, -1.0, -1.0, -1.0, -1.0, -1.0, -1.0, -1.0, -1.0, -1.0, -1.0, -1.0]"
2025-05-07 20:44:14.815483,-0.155221,0.106806,-0.000189346,2.55353,2.03093,0.7,0.0,-1,942.478,20.654,42.0,-1.0,"[-1.0, -1.0, -1.0, -1.0, -1.0, -1.0, -1.0, -1.0, -1.0, -1.0, -1.0, -1.0, -1.0, -1.0, -1.0, -1.0, -1.0, -1.0, -1.0]"
2025-05-07 20:44:14.835328,-0.087552,0.0838588,-0.000215495,2.55353,2.03067,0.7,0.0,-1,942.478,20.676,42.0,-1.0,"[-1.0, -1.0, -1.0, -1.0, -1.0, -1.0, -1.0, -1.0, -1.0, -1.0, -1.0, -1.0, -1.0, -1.0, -1.0, -1.0, -1.0, -1.0, -1.0]"
2025-05-07 20:44:14.860942,-0.123041,0.100593,-0.000235365,2.55349,2.03045,0.7,0.0,-1,942.478,20.698,42.0,-1.0,"[-1.0, -1.0, -1.0, -1.0, -1.0, -1.0, -1.0, -1.0, -1.0, -1.0, -1.0, -1.0, -1.0, -1.0, -1.0, -1.0, -1.0, -1.0, -1.0]"
2025-05-07 20:44:14.878784,-0.210261,0.0928078,-0.000168794,2.55351,2.03017,0.7,0.0,-1,942.478,20.72,42.0,-1.0,"[-1.0, -1.0, -1.0, -1.0, -1.0, -1.0, -1.0, -1.0, -1.0, -1.0, -1.0, -1.0, -1.0, -1.0, -1.0, -1.0, -1.0, -1.0, -1.0]"
2025-05-07 20:44:14.903274,-0.204661,0.088457,-0.000182866,2.55351,2.02997,0.7,0.0,-1,942.478,20.742,42.0,-1.0,"[-1.0, -1.0, -1.0, -1.0, -1.0, -1.0, -1.0, -1.0, -1.0, -1.0, -1.0, -1.0, -1.0, -1.0, -1.0, -1.0, -1.0, -1.0, -1.0]"
2025-05-07 20:44:14.926252,-0.0903404,0.0911321,-0.0002131,2.55351,2.02974,0.7,0.0,-1,942.478,20.764,42.0,-1.0,"[-1.0, -1.0, -1.0, -1.0, -1.0, -1.0, -1.0, -1.0, -1.0, -1.0, -1.0, -1.0, -1.0, -1.0, -1.0, -1.0, -1.0, -1.0, -1.0]"
2025-05-07 20:44:14.945789,-0.127287,0.107494,-0.00022854,2.55349,2.02953,0.7,0.0,-1,942.478,20.786,42.0,-1.0,"[-1.0, -1.0, -1.0, -1.0, -1.0, -1.0, -1.0, -1.0, -1.0, -1.0, -1.0, -1.0, -1.0, -1.0, -1.0, -1.0, -1.0, -1.0, -1.0]"
2025-05-07 20:44:14.966998,-0.169519,0.113041,-0.000190935,2.55347,2.02932,0.7,0.0,-1,942.478,20.808,42.0,-1.0,"[-1.0, -1.0, -1.0, -1.0, -1.0, -1.0, -1.0, -1.0, -1.0, -1.0, -1.0, -1.0, -1.0, -1.0, -1.0, -1.0, -1.0, -1.0, -1.0]"
2025-05-07 20:44:14.989713,-0.138637,0.100378,-0.000175353,2.55347,2.02904,0.7,0.0,-1,942.478,20.83,42.0,-1.0,"[-1.0, -1.0, -1.0, -1.0, -1.0, -1.0, -1.0, -1.0, -1.0, -1.0, -1.0, -1.0, -1.0, -1.0, -1.0, -1.0, -1.0, -1.0, -1.0]"
2025-05-07 20:44:15.013275,-0.164209,0.0651931,-0.000206359,2.55351,2.02881,0.7,0.0,-1,942.478,20.852,42.0,-1.0,"[-1.0, -1.0, -1.0, -1.0, -1.0, -1.0, -1.0, -1.0, -1.0, -1.0, -1.0, -1.0, -1.0, -1.0, -1.0, -1.0, -1.0, -1.0, -1.0]"
2025-05-07 20:44:15.033344,-0.113026,0.11555,-0.00022378,2.55347,2.02857,0.7,0.0,-1,942.478,20.874,42.0,-1.0,"[-1.0, -1.0, -1.0, -1.0, -1.0, -1.0, -1.0, -1.0, -1.0, -1.0, -1.0, -1.0, -1.0, -1.0, -1.0, -1.0, -1.0, -1.0, -1.0]"
2025-05-07 20:44:15.058670,-0.244937,0.0882385,-0.000201652,2.55349,2.02845,0.7,0.0,-1,942.478,20.896,42.0,-1.0,"[-1.0, -1.0, -1.0, -1.0, -1.0, -1.0, -1.0, -1.0, -1.0, -1.0, -1.0, -1.0, -1.0, -1.0, -1.0, -1.0, -1.0, -1.0, -1.0]"
2025-05-07 20:44:15.077848,-0.121191,0.0935997,-0.00018719,2.55344,2.02817,0.7,0.0,-1,942.478,20.918,42.0,-1.0,"[-1.0, -1.0, -1.0, -1.0, -1.0, -1.0, -1.0, -1.0, -1.0, -1.0, -1.0, -1.0, -1.0, -1.0, -1.0, -1.0, -1.0, -1.0, -1.0]"
2025-05-07 20:44:15.100596,-0.119633,0.0732726,-0.000196357,2.55344,2.02791,0.7,0.0,-1,942.478,20.94,42.0,-1.0,"[-1.0, -1.0, -1.0, -1.0, -1.0, -1.0, -1.0, -1.0, -1.0, -1.0, -1.0, -1.0, -1.0, -1.0, -1.0, -1.0, -1.0, -1.0, -1.0]"
2025-05-07 20:44:15.121562,-0.208496,0.0689705,-0.000192241,2.55349,2.02763,0.7,0.0,-1,942.478,20.962,42.0,-1.0,"[-1.0, -1.0, -1.0, -1.0, -1.0, -1.0, -1.0, -1.0, -1.0, -1.0, -1.0, -1.0, -1.0, -1.0, -1.0, -1.0, -1.0, -1.0, -1.0]"
2025-05-07 20:44:15.144463,-0.250801,0.095668,-0.000195624,2.55347,2.02747,0.7,0.0,-1,942.478,20.984,42.0,-1.0,"[-1.0, -1.0, -1.0, -1.0, -1.0, -1.0, -1.0, -1.0, -1.0, -1.0, -1.0, -1.0, -1.0, -1.0, -1.0, -1.0, -1.0, -1.0, -1.0]"
2025-05-07 20:44:15.167279,-0.120753,0.10974,-0.000202021,2.55342,2.02729,0.7,0.0,-1,942.478,21.006,42.0,-1.0,"[-1.0, -1.0, -1.0, -1.0, -1.0, -1.0, -1.0, -1.0, -1.0, -1.0, -1.0, -1.0, -1.0, -1.0, -1.0, -1.0, -1.0, -1.0, -1.0]"
2025-05-07 20:44:15.191941,-0.0519382,0.0934269,-0.000208183,2.55342,2.02701,0.7,0.0,-1,942.478,21.028,42.0,-1.0,"[-1.0, -1.0, -1.0, -1.0, -1.0, -1.0, -1.0, -1.0, -1.0, -1.0, -1.0, -1.0, -1.0, -1.0, -1.0, -1.0, -1.0, -1.0, -1.0]"
2025-05-07 20:44:15.213828,-0.166999,0.0840773,-0.000198644,2.55344,2.02675,0.7,0.0,-1,942.478,21.05,42.0,-1.0,"[-1.0, -1.0, -1.0, -1.0, -1.0, -1.0, -1.0, -1.0, -1.0, -1.0, -1.0, -1.0, -1.0, -1.0, -1.0, -1.0, -1.0, -1.0, -1.0]"
2025-05-07 20:44:15.233275,-0.228143,0.0960527,-0.000178011,2.55342,2.0265,0.7,0.0,-1,942.478,21.072,42.0,-1.0,"[-1.0, -1.0, -1.0, -1.0, -1.0, -1.0, -1.0, -1.0, -1.0, -1.0, -1.0, -1.0, -1.0, -1.0, -1.0, -1.0, -1.0, -1.0, -1.0]"
2025-05-07 20:44:15.255605,-0.152078,0.103367,-0.000184904,2.55342,2.02636,0.7,0.0,-1,942.478,21.094,42.0,-1.0,"[-1.0, -1.0, -1.0, -1.0, -1.0, -1.0, -1.0, -1.0, -1.0, -1.0, -1.0, -1.0, -1.0, -1.0, -1.0, -1.0, -1.0, -1.0, -1.0]"
2025-05-07 20:44:15.281139,-0.0851522,0.0817226,-0.000215989,2.55342,2.0261,0.7,0.0,-1,942.478,21.116,42.0,-1.0,"[-1.0, -1.0, -1.0, -1.0, -1.0, -1.0, -1.0, -1.0, -1.0, -1.0, -1.0, -1.0, -1.0, -1.0, -1.0, -1.0, -1.0, -1.0, -1.0]"
2025-05-07 20:44:15.298434,-0.120674,0.0990508,-0.00023233,2.5534,2.02588,0.7,0.0,-1,942.478,21.138,42.0,-1.0,"[-1.0, -1.0, -1.0, -1.0, -1.0, -1.0, -1.0, -1.0, -1.0, -1.0, -1.0, -1.0, -1.0, -1.0, -1.0, -1.0, -1.0, -1.0, -1.0]"
2025-05-07 20:44:15.320351,-0.208359,0.0913315,-0.000162961,2.5534,2.02561,0.7,0.0,-1,942.478,21.16,42.0,-1.0,"[-1.0, -1.0, -1.0, -1.0, -1.0, -1.0, -1.0, -1.0, -1.0, -1.0, -1.0, -1.0, -1.0, -1.0, -1.0, -1.0, -1.0, -1.0, -1.0]"
2025-05-07 20:44:15.344399,-0.202524,0.0874295,-0.000168948,2.5534,2.02541,0.7,0.0,-1,942.478,21.182,42.0,-1.0,"[-1.0, -1.0, -1.0, -1.0, -1.0, -1.0, -1.0, -1.0, -1.0, -1.0, -1.0, -1.0, -1.0, -1.0, -1.0, -1.0, -1.0, -1.0, -1.0]"
2025-05-07 20:44:15.364034,-0.0890643,0.089584,-0.000225499,2.5534,2.02518,0.7,0.0,-1,942.478,21.204,42.0,-1.0,"[-1.0, -1.0, -1.0, -1.0, -1.0, -1.0, -1.0, -1.0, -1.0, -1.0, -1.0, -1.0, -1.0, -1.0, -1.0, -1.0, -1.0, -1.0, -1.0]"
2025-05-07 20:44:15.386029,-0.125379,0.106143,-0.000233717,2.5534,2.02497,0.7,0.0,-1,942.478,21.226,42.0,-1.0,"[-1.0, -1.0, -1.0, -1.0, -1.0, -1.0, -1.0, -1.0, -1.0, -1.0, -1.0, -1.0, -1.0, -1.0, -1.0, -1.0, -1.0, -1.0, -1.0]"
2025-05-07 20:44:15.410383,-0.167797,0.111755,-0.000191382,2.55338,2.02476,0.7,0.0,-1,942.478,21.248,42.0,-1.0,"[-1.0, -1.0, -1.0, -1.0, -1.0, -1.0, -1.0, -1.0, -1.0, -1.0, -1.0, -1.0, -1.0, -1.0, -1.0, -1.0, -1.0, -1.0, -1.0]"
2025-05-07 20:44:15.430581,-0.137009,0.0989477,-0.000177682,2.55336,2.02448,0.7,0.0,-1,942.478,21.27,42.0,-1.0,"[-1.0, -1.0, -1.0, -1.0, -1.0, -1.0, -1.0, -1.0, -1.0, -1.0, -1.0, -1.0, -1.0, -1.0, -1.0, -1.0, -1.0, -1.0, -1.0]"
2025-05-07 20:44:15.451344,-0.16246,0.0641915,-0.000209265,2.5534,2.02426,0.7,0.0,-1,942.478,21.292,42.0,-1.0,"[-1.0, -1.0, -1.0, -1.0, -1.0, -1.0, -1.0, -1.0, -1.0, -1.0, -1.0, -1.0, -1.0, -1.0, -1.0, -1.0, -1.0, -1.0, -1.0]"
2025-05-07 20:44:15.473140,-0.187052,0.0771465,-0.000207931,2.5534,2.02401,0.7,0.0,-1,942.478,21.314,42.0,-1.0,"[-1.0, -1.0, -1.0, -1.0, -1.0, -1.0, -1.0, -1.0, -1.0, -1.0, -1.0, -1.0, -1.0, -1.0, -1.0, -1.0, -1.0, -1.0, -1.0]"
2025-05-07 20:44:15.496047,-0.161516,0.130017,-0.000199003,2.55336,2.02388,0.7,0.0,-1,942.478,21.336,42.0,-1.0,"[-1.0, -1.0, -1.0, -1.0, -1.0, -1.0, -1.0, -1.0, -1.0, -1.0, -1.0, -1.0, -1.0, -1.0, -1.0, -1.0, -1.0, -1.0, -1.0]"
2025-05-07 20:44:15.518385,-0.118663,0.0903961,-0.000193388,2.55333,2.02362,0.7,0.0,-1,942.478,21.358,42.0,-1.0,"[-1.0, -1.0, -1.0, -1.0, -1.0, -1.0, -1.0, -1.0, -1.0, -1.0, -1.0, -1.0, -1.0, -1.0, -1.0, -1.0, -1.0, -1.0, -1.0]"
2025-05-07 20:44:15.538710,-0.116939,0.072573,-0.00019931,2.55333,2.02336,0.7,0.0,-1,942.478,21.38,42.0,-1.0,"[-1.0, -1.0, -1.0, -1.0, -1.0, -1.0, -1.0, -1.0, -1.0, -1.0, -1.0, -1.0, -1.0, -1.0, -1.0, -1.0, -1.0, -1.0, -1.0]"
2025-05-07 20:44:15.561304,-0.206661,0.0673182,-0.000191765,2.55338,2.02308,0.7,0.0,-1,942.478,21.402,42.0,-1.0,"[-1.0, -1.0, -1.0, -1.0, -1.0, -1.0, -1.0, -1.0, -1.0, -1.0, -1.0, -1.0, -1.0, -1.0, -1.0, -1.0, -1.0, -1.0, -1.0]"
2025-05-07 20:44:15.584070,-0.248628,0.0948706,-0.000203739,2.55338,2.02293,0.7,0.0,-1,942.478,21.424,42.0,-1.0,"[-1.0, -1.0, -1.0, -1.0, -1.0, -1.0, -1.0, -1.0, -1.0, -1.0, -1.0, -1.0, -1.0, -1.0, -1.0, -1.0, -1.0, -1.0, -1.0]"
2025-05-07 20:44:15.607869,-0.1191,0.108353,-0.000193333,2.55333,2.02275,0.7,0.0,-1,942.478,21.446,42.0,-1.0,"[-1.0, -1.0, -1.0, -1.0, -1.0, -1.0, -1.0, -1.0, -1.0, -1.0, -1.0, -1.0, -1.0, -1.0, -1.0, -1.0, -1.0, -1.0, -1.0]"
2025-05-07 20:44:15.631028,-0.072076,0.0756006,-0.000217776,2.55333,2.02247,0.42072076,0.0,-1,942.478,21.468,42.0,1.0,"[-1.0, -1.0, -1.0, -1.0, -1.0, -1.0, -1.0, -1.0, -1.0, -1.0, -1.0, -1.0, -1.0, -1.0, -1.0, -1.0, -1.0, -1.0, -1.0]"
2025-05-07 20:44:15.649479,-0.164852,0.0843435,-0.000193739,2.55333,2.02223,0.42164852,0.0,-1,942.478,21.49,42.0,1.0,"[-1.0, -1.0, -1.0, -1.0, -1.0, -1.0, -1.0, -1.0, -1.0, -1.0, -1.0, -1.0, -1.0, -1.0, -1.0, -1.0, -1.0, -1.0, -1.0]"
2025-05-07 20:44:15.672969,-0.224885,0.103744,-0.000168382,2.55333,2.02199,0.42224885,0.0,-1,942.478,21.512,42.0,1.0,"[-1.0, -1.0, -1.0, -1.0, -1.0, -1.0, -1.0, -1.0, -1.0, -1.0, -1.0, -1.0, -1.0, -1.0, -1.0, -1.0, -1.0, -1.0, -1.0]"
2025-05-07 20:44:15.693853,-0.152138,0.104309,-0.000204733,2.55333,2.02185,0.42152138,0.0,-1,942.478,21.534,42.0,1.0,"[-1.0, -1.0, -1.0, -1.0, -1.0, -1.0, -1.0, -1.0, -1.0, -1.0, -1.0, -1.0, -1.0, -1.0, -1.0, -1.0, -1.0, -1.0, -1.0]"
2025-05-07 20:44:15.715170,-0.0846014,0.0810366,-0.000194345,2.55333,2.0216,0.420846014,0.0,-1,942.478,21.556,42.0,1.0,"[-1.0, -1.0, -1.0, -1.0, -1.0, -1.0, -1.0, -1.0, -1.0, -1.0, -1.0, -1.0, -1.0, -1.0, -1.0, -1.0, -1.0, -1.0, -1.0]"
2025-05-07 20:44:15.738846,-0.119105,0.0983828,-0.000230031,2.55329,2.02137,0.42119104999999996,0.0,-1,942.478,21.578,42.0,1.0,"[-1.0, -1.0, -1.0, -1.0, -1.0, -1.0, -1.0, -1.0, -1.0, -1.0, -1.0, -1.0, -1.0, -1.0, -1.0, -1.0, -1.0, -1.0, -1.0]"
2025-05-07 20:44:15.759351,-0.206838,0.0903909,-0.000151778,2.55331,2.0211,0.42206837999999997,0.0,-1,942.478,21.6,42.0,1.0,"[-1.0, -1.0, -1.0, -1.0, -1.0, -1.0, -1.0, -1.0, -1.0, -1.0, -1.0, -1.0, -1.0, -1.0, -1.0, -1.0, -1.0, -1.0, -1.0]"
2025-05-07 20:44:15.783304,-0.200619,0.086516,-0.000166045,2.55331,2.0209,0.42200619000000006,0.0,-1,942.478,21.622,42.0,1.0,"[-1.0, -1.0, -1.0, -1.0, -1.0, -1.0, -1.0, -1.0, -1.0, -1.0, -1.0, -1.0, -1.0, -1.0, -1.0, -1.0, -1.0, -1.0, -1.0]"
2025-05-07 20:44:15.806964,-0.087863,0.0878267,-0.000208144,2.55331,2.02067,0.42087863,0.0,-1,942.478,21.644,42.0,1.0,"[-1.0, -1.0, -1.0, -1.0, -1.0, -1.0, -1.0, -1.0, -1.0, -1.0, -1.0, -1.0, -1.0, -1.0, -1.0, -1.0, -1.0, -1.0, -1.0]"
2025-05-07 20:44:15.827335,-0.123452,0.104824,-0.000229,2.55331,2.02047,0.42123452,0.0,-1,942.478,21.666,42.0,1.0,"[-1.0, -1.0, -1.0, -1.0, -1.0, -1.0, -1.0, -1.0, -1.0, -1.0, -1.0, -1.0, -1.0, -1.0, -1.0, -1.0, -1.0, -1.0, -1.0]"
2025-05-07 20:44:15.846575,-0.157698,0.111937,-0.000198382,2.55327,2.02027,0.42157698000000005,0.0,-1,942.478,21.688,42.0,1.0,"[-1.0, -1.0, -1.0, -1.0, -1.0, -1.0, -1.0, -1.0, -1.0, -1.0, -1.0, -1.0, -1.0, -1.0, -1.0, -1.0, -1.0, -1.0, -1.0]"
2025-05-07 20:44:15.869092,-0.141671,0.0969059,-0.00016809,2.55327,2.02,0.42141671,0.0,-1,942.478,21.71,42.0,1.0,"[-1.0, -1.0, -1.0, -1.0, -1.0, -1.0, -1.0, -1.0, -1.0, -1.0, -1.0, -1.0, -1.0, -1.0, -1.0, -1.0, -1.0, -1.0, -1.0]"
2025-05-07 20:44:15.894477,-0.16189,0.064492,-0.00020584,2.55331,2.01978,0.4216189,0.0,-1,942.478,21.732,42.0,1.0,"[-1.0, -1.0, -1.0, -1.0, -1.0, -1.0, -1.0, -1.0, -1.0, -1.0, -1.0, -1.0, -1.0, -1.0, -1.0, -1.0, -1.0, -1.0, -1.0]"
2025-05-07 20:44:15.913557,-0.185751,0.0768837,-0.000212158,2.55331,2.01953,0.42185751000000005,0.0,-1,942.478,21.754,42.0,1.0,"[-1.0, -1.0, -1.0, -1.0, -1.0, -1.0, -1.0, -1.0, -1.0, -1.0, -1.0, -1.0, -1.0, -1.0, -1.0, -1.0, -1.0, -1.0, -1.0]"
2025-05-07 20:44:15.937142,-0.15979,0.129082,-0.000212518,2.55327,2.0194,0.4215979,0.0,-1,942.478,21.776,42.0,1.0,"[-1.0, -1.0, -1.0, -1.0, -1.0, -1.0, -1.0, -1.0, -1.0, -1.0, -1.0, -1.0, -1.0, -1.0, -1.0, -1.0, -1.0, -1.0, -1.0]"
2025-05-07 20:44:15.956934,-0.115854,0.0883781,-0.000176533,2.55324,2.01913,0.42115853999999997,0.0,-1,942.478,21.798,42.0,1.0,"[-1.0, -1.0, -1.0, -1.0, -1.0, -1.0, -1.0, -1.0, -1.0, -1.0, -1.0, -1.0, -1.0, -1.0, -1.0, -1.0, -1.0, -1.0, -1.0]"
2025-05-07 20:44:15.979947,-0.114572,0.0710057,-0.000196002,2.55324,2.01888,0.42114572,0.0,-1,942.478,21.82,42.0,1.0,"[-1.0, -1.0, -1.0, -1.0, -1.0, -1.0, -1.0, -1.0, -1.0, -1.0, -1.0, -1.0, -1.0, -1.0, -1.0, -1.0, -1.0, -1.0, -1.0]"
2025-05-07 20:44:16.001455,-0.204738,0.0660537,-0.00020498,2.55329,2.0186,0.42204737999999997,0.0,-1,942.478,21.842,42.0,1.0,"[-1.0, -1.0, -1.0, -1.0, -1.0, -1.0, -1.0, -1.0, -1.0, -1.0, -1.0, -1.0, -1.0, -1.0, -1.0, -1.0, -1.0, -1.0, -1.0]"
2025-05-07 20:44:16.023282,-0.246587,0.0939892,-0.000187975,2.55329,2.01845,0.42246586999999997,0.0,-1,942.478,21.864,42.0,1.0,"[-1.0, -1.0, -1.0, -1.0, -1.0, -1.0, -1.0, -1.0, -1.0, -1.0, -1.0, -1.0, -1.0, -1.0, -1.0, -1.0, -1.0, -1.0, -1.0]"
2025-05-07 20:44:16.044688,-0.117446,0.106977,-0.000192128,2.55324,2.01827,0.42117446000000003,0.0,-1,942.478,21.886,42.0,1.0,"[-1.0, -1.0, -1.0, -1.0, -1.0, -1.0, -1.0, -1.0, -1.0, -1.0, -1.0, -1.0, -1.0, -1.0, -1.0, -1.0, -1.0, -1.0, -1.0]"
2025-05-07 20:44:16.068042,-0.0496686,0.0810313,-0.000195746,2.55322,2.01799,0.42049668599999995,0.0,-1,942.478,21.908,42.0,1.0,"[-1.0, -1.0, -1.0, -1.0, -1.0, -1.0, -1.0, -1.0, -1.0, -1.0, -1.0, -1.0, -1.0, -1.0, -1.0, -1.0, -1.0, -1.0, -1.0]"
2025-05-07 20:44:16.092604,-0.103858,0.0841133,-0.000123866,2.55322,2.01781,0.42103858000000005,0.0,-1,942.478,21.93,42.0,1.0,"[-1.0, -1.0, -1.0, -1.0, -1.0, -1.0, -1.0, -1.0, -1.0, -1.0, -1.0, -1.0, -1.0, -1.0, -1.0, -1.0, -1.0, -1.0, -1.0]"
2025-05-07 20:44:16.111563,-0.214068,0.0842512,0.00029751,2.55324,2.01784,0.42214068,0.0,-1,942.478,21.952,42.0,1.0,"[-1.0, -1.0, -1.0, -1.0, -1.0, -1.0, -1.0, -1.0, -1.0, -1.0, -1.0, -1.0, -1.0, -1.0, -1.0, -1.0, -1.0, -1.0, -1.0]"
2025-05-07 20:44:16.136821,-0.0684744,0.0714569,0.00075861,2.55322,2.01787,0.420684744,0.0,-1,942.478,21.974,42.0,1.0,"[-1.0, -1.0, -1.0, -1.0, -1.0, -1.0, -1.0, -1.0, -1.0, -1.0, -1.0, -1.0, -1.0, -1.0, -1.0, -1.0, -1.0, -1.0, -1.0]"
2025-05-07 20:44:16.155033,-0.0741693,0.0629061,0.00111617,2.55322,2.01784,0.420741693,0.0,-1,942.478,21.996,42.0,1.0,"[-1.0, -1.0, -1.0, -1.0, -1.0, -1.0, -1.0, -1.0, -1.0, -1.0, -1.0, -1.0, -1.0, -1.0, -1.0, -1.0, -1.0, -1.0, -1.0]"
2025-05-07 20:44:16.178350,-0.0773592,0.053502,0.00122333,2.55322,2.01785,0.420773592,0.0,-1,942.478,22.018,42.0,1.0,"[-1.0, -1.0, -1.0, -1.0, -1.0, -1.0, -1.0, -1.0, -1.0, -1.0, -1.0, -1.0, -1.0, -1.0, -1.0, -1.0, -1.0, -1.0, -1.0]"
2025-05-07 20:44:16.200756,-0.172918,-0.0117441,0.00126953,2.55324,2.01782,0.42172918000000004,0.0,-1,942.478,22.04,42.0,1.0,"[-1.0, -1.0, -1.0, -1.0, -1.0, -1.0, -1.0, -1.0, -1.0, -1.0, -1.0, -1.0, -1.0, -1.0, -1.0, -1.0, -1.0, -1.0, -1.0]"
2025-05-07 20:44:16.222733,-0.0781838,0.0437462,0.00101846,2.55322,2.01795,0.42078183799999996,0.0,-1,942.478,22.062,42.0,1.0,"[-1.0, -1.0, -1.0, -1.0, -1.0, -1.0, -1.0, -1.0, -1.0, -1.0, -1.0, -1.0, -1.0, -1.0, -1.0, -1.0, -1.0, -1.0, -1.0]"
2025-05-07 20:44:16.245042,-0.0437311,0.0619054,0.000728853,2.55322,2.01793,0.42043731100000004,0.0,-1,942.478,22.084,42.0,1.0,"[-1.0, -1.0, -1.0, -1.0, -1.0, -1.0, -1.0, -1.0, -1.0, -1.0, -1.0, -1.0, -1.0, -1.0, -1.0, -1.0, -1.0, -1.0, -1.0]"
2025-05-07 20:44:16.267014,-0.165766,-0.000735455,0.000398992,2.55327,2.01799,0.42165766,0.0,-1,942.478,22.106,42.0,1.0,"[-1.0, -1.0, -1.0, -1.0, -1.0, -1.0, -1.0, -1.0, -1.0, -1.0, -1.0, -1.0, -1.0, -1.0, -1.0, -1.0, -1.0, -1.0, -1.0]"
2025-05-07 20:44:16.286722,-0.160438,0.017494,3.56935e-05,2.55327,2.01824,0.42160438,0.0,-1,942.478,22.128,42.0,1.0,"[-1.0, -1.0, -1.0, -1.0, -1.0, -1.0, -1.0, -1.0, -1.0, -1.0, -1.0, -1.0, -1.0, -1.0, -1.0, -1.0, -1.0, -1.0, -1.0]"
2025-05-07 20:44:16.374240,-0.129089,0.0513923,-0.000194848,2.55324,2.0182,0.42129089000000003,0.0,-1,942.478,22.15,42.0,1.0,"[-1.0, -1.0, -1.0, -1.0, -1.0, -1.0, -1.0, -1.0, -1.0, -1.0, -1.0, -1.0, -1.0, -1.0, -1.0, -1.0, -1.0, -1.0, -1.0]"
2025-05-07 20:44:16.376079,-0.049236,0.0435014,-0.000298334,2.55327,2.01831,0.42049236,0.0,-1,942.478,22.172,42.0,1.0,"[-1.0, -1.0, -1.0, -1.0, -1.0, -1.0, -1.0, -1.0, -1.0, -1.0, -1.0, -1.0, -1.0, -1.0, -1.0, -1.0, -1.0, -1.0, -1.0]"
2025-05-07 20:44:16.377898,-0.0841135,0.0448408,-0.000336149,2.55324,2.01849,0.42084113500000003,0.0,-1,942.478,22.194,42.0,1.0,"[-1.0, -1.0, -1.0, -1.0, -1.0, -1.0, -1.0, -1.0, -1.0, -1.0, -1.0, -1.0, -1.0, -1.0, -1.0, -1.0, -1.0, -1.0, -1.0]"
2025-05-07 20:44:16.379515,-0.214495,0.0278795,-0.000265638,2.55327,2.01849,0.42214495,0.0,-1,942.478,22.216,42.0,1.0,"[-1.0, -1.0, -1.0, -1.0, -1.0, -1.0, -1.0, -1.0, -1.0, -1.0, -1.0, -1.0, -1.0, -1.0, -1.0, -1.0, -1.0, -1.0, -1.0]"
2025-05-07 20:44:16.396699,-0.0764694,0.0350836,-0.000204264,2.55324,2.01868,0.420764694,0.0,-1,942.478,22.238,42.0,1.0,"[-1.0, -1.0, -1.0, -1.0, -1.0, -1.0, -1.0, -1.0, -1.0, -1.0, -1.0, -1.0, -1.0, -1.0, -1.0, -1.0, -1.0, -1.0, -1.0]"
2025-05-07 20:44:16.418915,-0.0402304,0.0658241,-0.00020266,2.55324,2.01876,0.420402304,0.0,-1,942.478,22.26,42.0,1.0,"[-1.0, -1.0, -1.0, -1.0, -1.0, -1.0, -1.0, -1.0, -1.0, -1.0, -1.0, -1.0, -1.0, -1.0, -1.0, -1.0, -1.0, -1.0, -1.0]"
2025-05-07 20:44:16.442841,-0.165944,0.0274577,-0.000256401,2.55329,2.0188,0.42165944000000005,0.0,-1,942.478,22.282,42.0,1.0,"[-1.0, -1.0, -1.0, -1.0, -1.0, -1.0, -1.0, -1.0, -1.0, -1.0, -1.0, -1.0, -1.0, -1.0, -1.0, -1.0, -1.0, -1.0, -1.0]"
2025-05-07 20:44:16.463549,-0.121849,0.0192209,-0.000160882,2.55324,2.019,0.42121849,0.0,-1,942.478,22.304,42.0,1.0,"[-1.0, -1.0, -1.0, -1.0, -1.0, -1.0, -1.0, -1.0, -1.0, -1.0, -1.0, -1.0, -1.0, -1.0, -1.0, -1.0, -1.0, -1.0, -1.0]"
2025-05-07 20:44:16.486154,-0.0855142,0.05722,-0.000164596,2.55324,2.01911,0.42085514199999996,0.0,-1,942.478,22.326,42.0,1.0,"[-1.0, -1.0, -1.0, -1.0, -1.0, -1.0, -1.0, -1.0, -1.0, -1.0, -1.0, -1.0, -1.0, -1.0, -1.0, -1.0, -1.0, -1.0, -1.0]"
2025-05-07 20:44:16.508482,-0.058708,0.0621156,-0.000237635,2.55327,2.01913,0.42058708,0.0,-1,942.478,22.348,42.0,1.0,"[-1.0, -1.0, -1.0, -1.0, -1.0, -1.0, -1.0, -1.0, -1.0, -1.0, -1.0, -1.0, -1.0, -1.0, -1.0, -1.0, -1.0, -1.0, -1.0]"
2025-05-07 20:44:16.529213,-0.078623,0.0312709,-0.000179528,2.55324,2.01928,0.42078623,0.0,-1,942.478,22.37,42.0,1.0,"[-1.0, -1.0, -1.0, -1.0, -1.0, -1.0, -1.0, -1.0, -1.0, -1.0, -1.0, -1.0, -1.0, -1.0, -1.0, -1.0, -1.0, -1.0, -1.0]"
2025-05-07 20:44:16.551092,-0.155529,0.0433712,-0.000150719,2.55329,2.01947,0.42155529,0.0,-1,942.478,22.392,42.0,1.0,"[-1.0, -1.0, -1.0, -1.0, -1.0, -1.0, -1.0, -1.0, -1.0, -1.0, -1.0, -1.0, -1.0, -1.0, -1.0, -1.0, -1.0, -1.0, -1.0]"
2025-05-07 20:44:16.574691,-0.0922126,0.0495817,-0.000201413,2.55327,2.01945,0.420922126,0.0,-1,942.478,22.414,42.0,1.0,"[-1.0, -1.0, -1.0, -1.0, -1.0, -1.0, -1.0, -1.0, -1.0, -1.0, -1.0, -1.0, -1.0, -1.0, -1.0, -1.0, -1.0, -1.0, -1.0]"
2025-05-07 20:44:16.594737,-0.0398348,0.041532,-0.000170939,2.55327,2.0196,0.42039834800000003,0.0,-1,942.478,22.436,42.0,1.0,"[-1.0, -1.0, -1.0, -1.0, -1.0, -1.0, -1.0, -1.0, -1.0, -1.0, -1.0, -1.0, -1.0, -1.0, -1.0, -1.0, -1.0, -1.0, -1.0]"
2025-05-07 20:44:16.616291,-0.168006,0.0501967,-0.000166063,2.55331,2.01975,0.42168005999999997,0.0,-1,942.478,22.458,42.0,1.0,"[-1.0, -1.0, -1.0, -1.0, -1.0, -1.0, -1.0, -1.0, -1.0, -1.0, -1.0, -1.0, -1.0, -1.0, -1.0, -1.0, -1.0, -1.0, -1.0]"
2025-05-07 20:44:16.638616,-0.135776,0.0267087,-0.000188967,2.55329,2.01975,0.42135776,0.0,-1,942.478,22.48,42.0,1.0,"[-1.0, -1.0, -1.0, -1.0, -1.0, -1.0, -1.0, -1.0, -1.0, -1.0, -1.0, -1.0, -1.0, -1.0, -1.0, -1.0, -1.0, -1.0, -1.0]"
2025-05-07 20:44:16.660585,-0.116753,0.0252725,-0.000111206,2.55327,2.01998,0.42116753,0.0,-1,942.478,22.502,42.0,1.0,"[-1.0, -1.0, -1.0, -1.0, -1.0, -1.0, -1.0, -1.0, -1.0, -1.0, -1.0, -1.0, -1.0, -1.0, -1.0, -1.0, -1.0, -1.0, -1.0]"
2025-05-07 20:44:16.682384,-0.0662936,0.094248,-0.000195152,2.55329,2.02001,0.42066293600000004,0.0,-1,942.478,22.524,42.0,1.0,"[-1.0, -1.0, -1.0, -1.0, -1.0, -1.0, -1.0, -1.0, -1.0, -1.0, -1.0, -1.0, -1.0, -1.0, -1.0, -1.0, -1.0, -1.0, -1.0]"
2025-05-07 20:44:16.704481,-0.0892194,0.0317667,-0.00022018,2.55329,2.02007,0.420892194,0.0,-1,942.478,22.546,42.0,1.0,"[-1.0, -1.0, -1.0, -1.0, -1.0, -1.0, -1.0, -1.0, -1.0, -1.0, -1.0, -1.0, -1.0, -1.0, -1.0, -1.0, -1.0, -1.0, -1.0]"
2025-05-07 20:44:16.727516,-0.202221,0.00679271,-0.000123309,2.55329,2.02032,0.42202221,0.0,-1,942.478,22.568,42.0,1.0,"[-1.0, -1.0, -1.0, -1.0, -1.0, -1.0, -1.0, -1.0, -1.0, -1.0, -1.0, -1.0, -1.0, -1.0, -1.0, -1.0, -1.0, -1.0, -1.0]"
2025-05-07 20:44:16.748367,-0.0972148,0.0813562,-0.000183437,2.55327,2.02031,0.42097214800000005,0.0,-1,942.478,22.59,42.0,1.0,"[-1.0, -1.0, -1.0, -1.0, -1.0, -1.0, -1.0, -1.0, -1.0, -1.0, -1.0, -1.0, -1.0, -1.0, -1.0, -1.0, -1.0, -1.0, -1.0]"
2025-05-07 20:44:16.770577,-0.016622,0.0507819,-0.000197222,2.55327,2.0204,0.42016622,0.0,-1,942.478,22.612,42.0,1.0,"[-1.0, -1.0, -1.0, -1.0, -1.0, -1.0, -1.0, -1.0, -1.0, -1.0, -1.0, -1.0, -1.0, -1.0, -1.0, -1.0, -1.0, -1.0, -1.0]"
2025-05-07 20:44:16.794036,-0.160122,0.0195175,-0.000183751,2.55331,2.02058,0.42160122,0.0,-1,942.478,22.634,42.0,1.0,"[-1.0, -1.0, -1.0, -1.0, -1.0, -1.0, -1.0, -1.0, -1.0, -1.0, -1.0, -1.0, -1.0, -1.0, -1.0, -1.0, -1.0, -1.0, -1.0]"
2025-05-07 20:44:16.816872,-0.136286,0.0591822,-0.000205248,2.55329,2.02063,0.42136286,0.0,-1,942.478,22.656,42.0,1.0,"[-1.0, -1.0, -1.0, -1.0, -1.0, -1.0, -1.0, -1.0, -1.0, -1.0, -1.0, -1.0, -1.0, -1.0, -1.0, -1.0, -1.0, -1.0, -1.0]"
2025-05-07 20:44:16.837242,-0.0891427,0.014572,-0.000170163,2.55329,2.02071,0.420891427,0.0,-1,942.478,22.678,42.0,1.0,"[-1.0, -1.0, -1.0, -1.0, -1.0, -1.0, -1.0, -1.0, -1.0, -1.0, -1.0, -1.0, -1.0, -1.0, -1.0, -1.0, -1.0, -1.0, -1.0]"
2025-05-07 20:44:16.861951,-0.0547412,0.0623333,-0.000227576,2.55331,2.02084,0.420547412,0.0,-1,942.478,22.7,42.0,1.0,"[-1.0, -1.0, -1.0, -1.0, -1.0, -1.0, -1.0, -1.0, -1.0, -1.0, -1.0, -1.0, -1.0, -1.0, -1.0, -1.0, -1.0, -1.0, -1.0]"
2025-05-07 20:44:16.883550,-0.0929585,0.0583742,-0.000247709,2.55329,2.02092,0.420929585,0.0,-1,942.478,22.722,42.0,1.0,"[-1.0, -1.0, -1.0, -1.0, -1.0, -1.0, -1.0, -1.0, -1.0, -1.0, -1.0, -1.0, -1.0, -1.0, -1.0, -1.0, -1.0, -1.0, -1.0]"
2025-05-07 20:44:16.904788,-0.145475,0.00677716,-0.000121854,2.55331,2.02098,0.42145475,0.0,-1,942.478,22.744,42.0,1.0,"[-1.0, -1.0, -1.0, -1.0, -1.0, -1.0, -1.0, -1.0, -1.0, -1.0, -1.0, -1.0, -1.0, -1.0, -1.0, -1.0, -1.0, -1.0, -1.0]"
2025-05-07 20:44:16.928297,-0.0825816,0.0533328,-0.000174766,2.55329,2.02118,0.42082581599999996,0.0,-1,942.478,22.766,42.0,1.0,"[-1.0, -1.0, -1.0, -1.0, -1.0, -1.0, -1.0, -1.0, -1.0, -1.0, -1.0, -1.0, -1.0, -1.0, -1.0, -1.0, -1.0, -1.0, -1.0]"
2025-05-07 20:44:16.948952,-0.0475065,0.0665258,-0.000217696,2.55329,2.02119,0.420475065,0.0,-1,942.478,22.788,42.0,1.0,"[-1.0, -1.0, -1.0, -1.0, -1.0, -1.0, -1.0, -1.0, -1.0, -1.0, -1.0, -1.0, -1.0, -1.0, -1.0, -1.0, -1.0, -1.0, -1.0]"
2025-05-07 20:44:16.969341,-0.13923,0.0118371,-0.000171879,2.55333,2.02125,0.4213923,0.0,-1,942.478,22.81,42.0,1.0,"[-1.0, -1.0, -1.0, -1.0, -1.0, -1.0, -1.0, -1.0, -1.0, -1.0, -1.0, -1.0, -1.0, -1.0, -1.0, -1.0, -1.0, -1.0, -1.0]"
2025-05-07 20:44:16.992733,-0.125841,0.0342866,-0.00020996,2.55329,2.02151,0.42125841,0.0,-1,942.478,22.832,42.0,1.0,"[-1.0, -1.0, -1.0, -1.0, -1.0, -1.0, -1.0, -1.0, -1.0, -1.0, -1.0, -1.0, -1.0, -1.0, -1.0, -1.0, -1.0, -1.0, -1.0]"
2025-05-07 20:44:17.013138,-0.121946,0.0532423,-0.00017891,2.55329,2.02147,0.42121946,0.0,-1,942.478,22.854,42.0,1.0,"[-1.0, -1.0, -1.0, -1.0, -1.0, -1.0, -1.0, -1.0, -1.0, -1.0, -1.0, -1.0, -1.0, -1.0, -1.0, -1.0, -1.0, -1.0, -1.0]"
2025-05-07 20:44:17.035212,-0.118182,0.0093517,-0.000174853,2.55333,2.02158,0.42118182,0.0,-1,942.478,22.876,42.0,1.0,"[-1.0, -1.0, -1.0, -1.0, -1.0, -1.0, -1.0, -1.0, -1.0, -1.0, -1.0, -1.0, -1.0, -1.0, -1.0, -1.0, -1.0, -1.0, -1.0]"
2025-05-07 20:44:17.059833,-0.0814897,0.0478479,-0.000219107,2.55331,2.02177,0.42081489699999997,0.0,-1,942.478,22.898,42.0,1.0,"[-1.0, -1.0, -1.0, -1.0, -1.0, -1.0, -1.0, -1.0, -1.0, -1.0, -1.0, -1.0, -1.0, -1.0, -1.0, -1.0, -1.0, -1.0, -1.0]"
2025-05-07 20:44:17.080735,-0.213525,0.0285318,-0.000185432,2.55333,2.02176,0.42213524999999996,0.0,-1,942.478,22.92,42.0,1.0,"[-1.0, -1.0, -1.0, -1.0, -1.0, -1.0, -1.0, -1.0, -1.0, -1.0, -1.0, -1.0, -1.0, -1.0, -1.0, -1.0, -1.0, -1.0, -1.0]"
2025-05-07 20:44:17.100361,-0.0766908,0.0346348,-0.000149334,2.55331,2.02194,0.420766908,0.0,-1,942.478,22.942,42.0,1.0,"[-1.0, -1.0, -1.0, -1.0, -1.0, -1.0, -1.0, -1.0, -1.0, -1.0, -1.0, -1.0, -1.0, -1.0, -1.0, -1.0, -1.0, -1.0, -1.0]"
2025-05-07 20:44:17.124976,-0.0398223,0.0654712,-0.000187183,2.55331,2.02202,0.42039822299999996,0.0,-1,942.478,22.964,42.0,1.0,"[-1.0, -1.0, -1.0, -1.0, -1.0, -1.0, -1.0, -1.0, -1.0, -1.0, -1.0, -1.0, -1.0, -1.0, -1.0, -1.0, -1.0, -1.0, -1.0]"
2025-05-07 20:44:17.146923,-0.165717,0.0277733,-0.000240761,2.55336,2.02206,0.42165717,0.0,-1,942.478,22.986,42.0,1.0,"[-1.0, -1.0, -1.0, -1.0, -1.0, -1.0, -1.0, -1.0, -1.0, -1.0, -1.0, -1.0, -1.0, -1.0, -1.0, -1.0, -1.0, -1.0, -1.0]"
2025-05-07 20:44:17.168392,-0.122428,0.0195406,-0.000146921,2.55331,2.02225,0.42122428,0.0,-1,942.478,23.008,42.0,1.0,"[-1.0, -1.0, -1.0, -1.0, -1.0, -1.0, -1.0, -1.0, -1.0, -1.0, -1.0, -1.0, -1.0, -1.0, -1.0, -1.0, -1.0, -1.0, -1.0]"
2025-05-07 20:44:17.192251,-0.0846614,0.0565896,-0.000163068,2.55331,2.02237,0.420846614,0.0,-1,942.478,23.03,42.0,1.0,"[-1.0, -1.0, -1.0, -1.0, -1.0, -1.0, -1.0, -1.0, -1.0, -1.0, -1.0, -1.0, -1.0, -1.0, -1.0, -1.0, -1.0, -1.0, -1.0]"
2025-05-07 20:44:17.215528,-0.0588903,0.0623358,-0.000244195,2.55333,2.02238,0.420588903,0.0,-1,942.478,23.052,42.0,1.0,"[-1.0, -1.0, -1.0, -1.0, -1.0, -1.0, -1.0, -1.0, -1.0, -1.0, -1.0, -1.0, -1.0, -1.0, -1.0, -1.0, -1.0, -1.0, -1.0]"
2025-05-07 20:44:17.235724,-0.0790083,0.0311807,-0.000191905,2.55331,2.02253,0.420790083,0.0,-1,942.478,23.074,42.0,1.0,"[-1.0, -1.0, -1.0, -1.0, -1.0, -1.0, -1.0, -1.0, -1.0, -1.0, -1.0, -1.0, -1.0, -1.0, -1.0, -1.0, -1.0, -1.0, -1.0]"
2025-05-07 20:44:17.259803,-0.156043,0.0440793,-0.000152992,2.55336,2.02273,0.42156043,0.0,-1,942.478,23.096,42.0,1.0,"[-1.0, -1.0, -1.0, -1.0, -1.0, -1.0, -1.0, -1.0, -1.0, -1.0, -1.0, -1.0, -1.0, -1.0, -1.0, -1.0, -1.0, -1.0, -1.0]"
2025-05-07 20:44:17.278570,-0.0929002,0.0497429,-0.000197241,2.55333,2.02271,0.42092900200000005,0.0,-1,942.478,23.118,42.0,1.0,"[-1.0, -1.0, -1.0, -1.0, -1.0, -1.0, -1.0, -1.0, -1.0, -1.0, -1.0, -1.0, -1.0, -1.0, -1.0, -1.0, -1.0, -1.0, -1.0]"
2025-05-07 20:44:17.300707,-0.0335917,0.0439212,-0.000162839,2.55333,2.02286,0.420335917,0.0,-1,942.478,23.14,42.0,1.0,"[-1.0, -1.0, -1.0, -1.0, -1.0, -1.0, -1.0, -1.0, -1.0, -1.0, -1.0, -1.0, -1.0, -1.0, -1.0, -1.0, -1.0, -1.0, -1.0]"
2025-05-07 20:44:17.321778,-0.165807,0.0505202,-0.000179876,2.55338,2.02302,0.42165807,0.0,-1,942.478,23.162,42.0,1.0,"[-1.0, -1.0, -1.0, -1.0, -1.0, -1.0, -1.0, -1.0, -1.0, -1.0, -1.0, -1.0, -1.0, -1.0, -1.0, -1.0, -1.0, -1.0, -1.0]"
2025-05-07 20:44:17.343566,-0.136086,0.0267318,-0.000198998,2.55336,2.02301,0.42136086,0.0,-1,942.478,23.184,42.0,1.0,"[-1.0, -1.0, -1.0, -1.0, -1.0, -1.0, -1.0, -1.0, -1.0, -1.0, -1.0, -1.0, -1.0, -1.0, -1.0, -1.0, -1.0, -1.0, -1.0]"
2025-05-07 20:44:17.365543,-0.116982,0.0249445,-0.000127344,2.55333,2.02323,0.42116982000000003,0.0,-1,942.478,23.206,42.0,1.0,"[-1.0, -1.0, -1.0, -1.0, -1.0, -1.0, -1.0, -1.0, -1.0, -1.0, -1.0, -1.0, -1.0, -1.0, -1.0, -1.0, -1.0, -1.0, -1.0]"
2025-05-07 20:44:17.387317,-0.0664512,0.0943224,-0.000201445,2.55336,2.02327,0.42066451200000005,0.0,-1,942.478,23.228,42.0,1.0,"[-1.0, -1.0, -1.0, -1.0, -1.0, -1.0, -1.0, -1.0, -1.0, -1.0, -1.0, -1.0, -1.0, -1.0, -1.0, -1.0, -1.0, -1.0, -1.0]"
2025-05-07 20:44:17.412441,-0.0898087,0.0318973,-0.000224404,2.55336,2.02333,0.420898087,0.0,-1,942.478,23.25,42.0,1.0,"[-1.0, -1.0, -1.0, -1.0, -1.0, -1.0, -1.0, -1.0, -1.0, -1.0, -1.0, -1.0, -1.0, -1.0, -1.0, -1.0, -1.0, -1.0, -1.0]"
2025-05-07 20:44:17.433706,-0.202679,0.00673747,-0.000130503,2.55336,2.02357,0.42202679000000004,0.0,-1,942.478,23.272,42.0,1.0,"[-1.0, -1.0, -1.0, -1.0, -1.0, -1.0, -1.0, -1.0, -1.0, -1.0, -1.0, -1.0, -1.0, -1.0, -1.0, -1.0, -1.0, -1.0, -1.0]"
2025-05-07 20:44:17.454490,-0.097265,0.0816623,-0.000184492,2.55333,2.02356,0.42097265,0.0,-1,942.478,23.294,42.0,1.0,"[-1.0, -1.0, -1.0, -1.0, -1.0, -1.0, -1.0, -1.0, -1.0, -1.0, -1.0, -1.0, -1.0, -1.0, -1.0, -1.0, -1.0, -1.0, -1.0]"
2025-05-07 20:44:17.477388,-0.0172879,0.0507856,-0.000198777,2.55333,2.02365,0.420172879,0.0,-1,942.478,23.316,42.0,1.0,"[-1.0, -1.0, -1.0, -1.0, -1.0, -1.0, -1.0, -1.0, -1.0, -1.0, -1.0, -1.0, -1.0, -1.0, -1.0, -1.0, -1.0, -1.0, -1.0]"
2025-05-07 20:44:17.499561,-0.16064,0.0197653,-0.000185925,2.55338,2.02383,0.4216064,0.0,-1,942.478,23.338,42.0,1.0,"[-1.0, -1.0, -1.0, -1.0, -1.0, -1.0, -1.0, -1.0, -1.0, -1.0, -1.0, -1.0, -1.0, -1.0, -1.0, -1.0, -1.0, -1.0, -1.0]"
2025-05-07 20:44:17.521051,-0.136681,0.0598039,-0.000208768,2.55336,2.02389,0.42136681000000004,0.0,-1,942.478,23.36,42.0,1.0,"[-1.0, -1.0, -1.0, -1.0, -1.0, -1.0, -1.0, -1.0, -1.0, -1.0, -1.0, -1.0, -1.0, -1.0, -1.0, -1.0, -1.0, -1.0, -1.0]"
2025-05-07 20:44:17.541836,-0.0617948,0.0290294,-0.000164311,2.55336,2.02396,0.420617948,0.0,-1,942.478,23.382,42.0,1.0,"[-1.0, -1.0, -1.0, -1.0, -1.0, -1.0, -1.0, -1.0, -1.0, -1.0, -1.0, -1.0, -1.0, -1.0, -1.0, -1.0, -1.0, -1.0, -1.0]"
2025-05-07 20:44:17.563963,-0.0516305,0.0639449,-0.000207848,2.55338,2.0241,0.42051630500000003,0.0,-1,942.478,23.404,42.0,1.0,"[-1.0, -1.0, -1.0, -1.0, -1.0, -1.0, -1.0, -1.0, -1.0, -1.0, -1.0, -1.0, -1.0, -1.0, -1.0, -1.0, -1.0, -1.0, -1.0]"
2025-05-07 20:44:17.586613,-0.0924755,0.0587284,-0.000233454,2.55336,2.02418,0.420924755,0.0,-1,942.478,23.426,42.0,1.0,"[-1.0, -1.0, -1.0, -1.0, -1.0, -1.0, -1.0, -1.0, -1.0, -1.0, -1.0, -1.0, -1.0, -1.0, -1.0, -1.0, -1.0, -1.0, -1.0]"
2025-05-07 20:44:17.608124,-0.146149,0.00637309,-0.000133385,2.55338,2.02424,0.42146149,0.0,-1,942.478,23.448,42.0,1.0,"[-1.0, -1.0, -1.0, -1.0, -1.0, -1.0, -1.0, -1.0, -1.0, -1.0, -1.0, -1.0, -1.0, -1.0, -1.0, -1.0, -1.0, -1.0, -1.0]"
2025-05-07 20:44:17.629479,-0.0826984,0.0537064,-0.000172849,2.55336,2.02444,0.42082698399999996,0.0,-1,942.478,23.47,42.0,1.0,"[-1.0, -1.0, -1.0, -1.0, -1.0, -1.0, -1.0, -1.0, -1.0, -1.0, -1.0, -1.0, -1.0, -1.0, -1.0, -1.0, -1.0, -1.0, -1.0]"
2025-05-07 20:44:17.654524,-0.0476487,0.0668186,-0.000213089,2.55336,2.02444,0.420476487,0.0,-1,942.478,23.492,42.0,1.0,"[-1.0, -1.0, -1.0, -1.0, -1.0, -1.0, -1.0, -1.0, -1.0, -1.0, -1.0, -1.0, -1.0, -1.0, -1.0, -1.0, -1.0, -1.0, -1.0]"
2025-05-07 20:44:17.672849,-0.139811,0.0120254,-0.000160521,2.5534,2.02451,0.42139811,0.0,-1,942.478,23.514,42.0,1.0,"[-1.0, -1.0, -1.0, -1.0, -1.0, -1.0, -1.0, -1.0, -1.0, -1.0, -1.0, -1.0, -1.0, -1.0, -1.0, -1.0, -1.0, -1.0, -1.0]"
2025-05-07 20:44:17.696324,-0.1581,0.019398,-0.000200006,2.5534,2.02477,0.421581,0.0,-1,942.478,23.536,42.0,1.0,"[-1.0, -1.0, -1.0, -1.0, -1.0, -1.0, -1.0, -1.0, -1.0, -1.0, -1.0, -1.0, -1.0, -1.0, -1.0, -1.0, -1.0, -1.0, -1.0]"
2025-05-07 20:44:17.718947,-0.129097,0.05246,-0.000170329,2.55338,2.02473,0.42129097000000004,0.0,-1,942.478,23.558,42.0,1.0,"[-1.0, -1.0, -1.0, -1.0, -1.0, -1.0, -1.0, -1.0, -1.0, -1.0, -1.0, -1.0, -1.0, -1.0, -1.0, -1.0, -1.0, -1.0, -1.0]"
2025-05-07 20:44:17.739933,-0.0360874,0.0500947,-0.000160819,2.5534,2.02484,0.420360874,0.0,-1,942.478,23.58,42.0,1.0,"[-1.0, -1.0, -1.0, -1.0, -1.0, -1.0, -1.0, -1.0, -1.0, -1.0, -1.0, -1.0, -1.0, -1.0, -1.0, -1.0, -1.0, -1.0, -1.0]"
2025-05-07 20:44:17.763923,-0.0824931,0.045681,-0.000206877,2.55338,2.02502,0.420824931,0.0,-1,942.478,23.602,42.0,1.0,"[-1.0, -1.0, -1.0, -1.0, -1.0, -1.0, -1.0, -1.0, -1.0, -1.0, -1.0, -1.0, -1.0, -1.0, -1.0, -1.0, -1.0, -1.0, -1.0]"
2025-05-07 20:44:17.783586,-0.21371,0.028169,-0.00019918,2.5534,2.02502,0.4221371,0.0,-1,942.478,23.624,42.0,1.0,"[-1.0, -1.0, -1.0, -1.0, -1.0, -1.0, -1.0, -1.0, -1.0, -1.0, -1.0, -1.0, -1.0, -1.0, -1.0, -1.0, -1.0, -1.0, -1.0]"
2025-05-07 20:44:17.808257,-0.0773219,0.0349352,-0.000163849,2.55338,2.02521,0.42077321900000003,0.0,-1,942.478,23.646,42.0,1.0,"[-1.0, -1.0, -1.0, -1.0, -1.0, -1.0, -1.0, -1.0, -1.0, -1.0, -1.0, -1.0, -1.0, -1.0, -1.0, -1.0, -1.0, -1.0, -1.0]"
2025-05-07 20:44:17.831316,-0.0400817,0.0658395,-0.000208514,2.55338,2.02528,0.7,0.0,-1,942.478,23.668,42.0,-1.0,"[-1.0, -1.0, -1.0, -1.0, -1.0, -1.0, -1.0, -1.0, -1.0, -1.0, -1.0, -1.0, -1.0, -1.0, -1.0, -1.0, -1.0, -1.0, -1.0]"
2025-05-07 20:44:17.851390,-0.165924,0.0278083,-0.000233059,2.55342,2.02532,0.7,0.0,-1,942.478,23.69,42.0,-1.0,"[-1.0, -1.0, -1.0, -1.0, -1.0, -1.0, -1.0, -1.0, -1.0, -1.0, -1.0, -1.0, -1.0, -1.0, -1.0, -1.0, -1.0, -1.0, -1.0]"
2025-05-07 20:44:17.870812,-0.1231,0.019822,-0.000141823,2.55338,2.02552,0.7,0.0,-1,942.478,23.712,42.0,-1.0,"[-1.0, -1.0, -1.0, -1.0, -1.0, -1.0, -1.0, -1.0, -1.0, -1.0, -1.0, -1.0, -1.0, -1.0, -1.0, -1.0, -1.0, -1.0, -1.0]"
2025-05-07 20:44:17.895454,-0.0846906,0.0566863,-0.000168559,2.55338,2.02563,0.7,0.0,-1,942.478,23.734,42.0,-1.0,"[-1.0, -1.0, -1.0, -1.0, -1.0, -1.0, -1.0, -1.0, -1.0, -1.0, -1.0, -1.0, -1.0, -1.0, -1.0, -1.0, -1.0, -1.0, -1.0]"
2025-05-07 20:44:17.915822,-0.0592654,0.0624848,-0.000233324,2.5534,2.02565,0.7,0.0,-1,942.478,23.756,42.0,-1.0,"[-1.0, -1.0, -1.0, -1.0, -1.0, -1.0, -1.0, -1.0, -1.0, -1.0, -1.0, -1.0, -1.0, -1.0, -1.0, -1.0, -1.0, -1.0, -1.0]"
2025-05-07 20:44:17.941992,-0.108248,0.0186335,-0.000172131,2.5534,2.02579,0.7,0.0,-1,942.478,23.778,42.0,-1.0,"[-1.0, -1.0, -1.0, -1.0, -1.0, -1.0, -1.0, -1.0, -1.0, -1.0, -1.0, -1.0, -1.0, -1.0, -1.0, -1.0, -1.0, -1.0, -1.0]"
2025-05-07 20:44:17.960054,-0.148482,0.0456166,-0.000159186,2.55342,2.02597,0.7,0.0,-1,942.478,23.8,42.0,-1.0,"[-1.0, -1.0, -1.0, -1.0, -1.0, -1.0, -1.0, -1.0, -1.0, -1.0, -1.0, -1.0, -1.0, -1.0, -1.0, -1.0, -1.0, -1.0, -1.0]"
2025-05-07 20:44:17.980990,-0.0949185,0.0491417,-0.000192389,2.5534,2.02594,0.7,0.0,-1,942.478,23.822,42.0,-1.0,"[-1.0, -1.0, -1.0, -1.0, -1.0, -1.0, -1.0, -1.0, -1.0, -1.0, -1.0, -1.0, -1.0, -1.0, -1.0, -1.0, -1.0, -1.0, -1.0]"
2025-05-07 20:44:18.002886,-0.0347564,0.0446275,-0.000146347,2.5534,2.0261,0.7,0.0,-1,942.478,23.844,42.0,-1.0,"[-1.0, -1.0, -1.0, -1.0, -1.0, -1.0, -1.0, -1.0, -1.0, -1.0, -1.0, -1.0, -1.0, -1.0, -1.0, -1.0, -1.0, -1.0, -1.0]"
2025-05-07 20:44:18.027866,-0.165558,0.0504394,-0.000166985,2.55344,2.02626,0.7,0.0,-1,942.478,23.866,42.0,-1.0,"[-1.0, -1.0, -1.0, -1.0, -1.0, -1.0, -1.0, -1.0, -1.0, -1.0, -1.0, -1.0, -1.0, -1.0, -1.0, -1.0, -1.0, -1.0, -1.0]"
2025-05-07 20:44:18.051252,-0.136597,0.0269097,-0.000203733,2.55342,2.02625,0.7,0.0,-1,942.478,23.888,42.0,-1.0,"[-1.0, -1.0, -1.0, -1.0, -1.0, -1.0, -1.0, -1.0, -1.0, -1.0, -1.0, -1.0, -1.0, -1.0, -1.0, -1.0, -1.0, -1.0, -1.0]"
2025-05-07 20:44:18.071249,-0.117445,0.0248638,-0.000139767,2.5534,2.02647,0.7,0.0,-1,942.478,23.91,42.0,-1.0,"[-1.0, -1.0, -1.0, -1.0, -1.0, -1.0, -1.0, -1.0, -1.0, -1.0, -1.0, -1.0, -1.0, -1.0, -1.0, -1.0, -1.0, -1.0, -1.0]"
2025-05-07 20:44:18.093655,-0.0667772,0.0946409,-0.000208712,2.55342,2.02651,0.7,0.0,-1,942.478,23.932,42.0,-1.0,"[-1.0, -1.0, -1.0, -1.0, -1.0, -1.0, -1.0, -1.0, -1.0, -1.0, -1.0, -1.0, -1.0, -1.0, -1.0, -1.0, -1.0, -1.0, -1.0]"
2025-05-07 20:44:18.113134,-0.0904008,0.031855,-0.000216459,2.55342,2.02656,0.7,0.0,-1,942.478,23.954,42.0,-1.0,"[-1.0, -1.0, -1.0, -1.0, -1.0, -1.0, -1.0, -1.0, -1.0, -1.0, -1.0, -1.0, -1.0, -1.0, -1.0, -1.0, -1.0, -1.0, -1.0]"
2025-05-07 20:44:18.134572,-0.203304,0.00673004,-0.000116897,2.55342,2.02681,0.7,0.0,-1,942.478,23.976,42.0,-1.0,"[-1.0, -1.0, -1.0, -1.0, -1.0, -1.0, -1.0, -1.0, -1.0, -1.0, -1.0, -1.0, -1.0, -1.0, -1.0, -1.0, -1.0, -1.0, -1.0]"
2025-05-07 20:44:18.157229,-0.0950714,0.0840646,-0.000189881,2.55342,2.02681,0.7,0.0,-1,942.478,23.998,42.0,-1.0,"[-1.0, -1.0, -1.0, -1.0, -1.0, -1.0, -1.0, -1.0, -1.0, -1.0, -1.0, -1.0, -1.0, -1.0, -1.0, -1.0, -1.0, -1.0, -1.0]"
2025-05-07 20:44:18.182278,-0.0174545,0.0515564,-0.000199469,2.55342,2.0269,0.7,0.0,-1,942.478,24.02,42.0,-1.0,"[-1.0, -1.0, -1.0, -1.0, -1.0, -1.0, -1.0, -1.0, -1.0, -1.0, -1.0, -1.0, -1.0, -1.0, -1.0, -1.0, -1.0, -1.0, -1.0]"
2025-05-07 20:44:18.206055,-0.161213,0.0196224,-0.00019075,2.55347,2.02708,0.7,0.0,-1,942.478,24.042,42.0,-1.0,"[-1.0, -1.0, -1.0, -1.0, -1.0, -1.0, -1.0, -1.0, -1.0, -1.0, -1.0, -1.0, -1.0, -1.0, -1.0, -1.0, -1.0, -1.0, -1.0]"
2025-05-07 20:44:18.225067,-0.13881,0.0576601,-0.000197063,2.55342,2.02713,0.7,0.0,-1,942.478,24.064,42.0,-1.0,"[-1.0, -1.0, -1.0, -1.0, -1.0, -1.0, -1.0, -1.0, -1.0, -1.0, -1.0, -1.0, -1.0, -1.0, -1.0, -1.0, -1.0, -1.0, -1.0]"
2025-05-07 20:44:18.244622,-0.0631279,0.0270449,-0.000147963,2.55342,2.0272,0.7,0.0,-1,942.478,24.086,42.0,-1.0,"[-1.0, -1.0, -1.0, -1.0, -1.0, -1.0, -1.0, -1.0, -1.0, -1.0, -1.0, -1.0, -1.0, -1.0, -1.0, -1.0, -1.0, -1.0, -1.0]"
2025-05-07 20:44:18.271091,-0.0516557,0.0637888,-0.000198509,2.55344,2.02734,0.7,0.0,-1,942.478,24.108,42.0,-1.0,"[-1.0, -1.0, -1.0, -1.0, -1.0, -1.0, -1.0, -1.0, -1.0, -1.0, -1.0, -1.0, -1.0, -1.0, -1.0, -1.0, -1.0, -1.0, -1.0]"
2025-05-07 20:44:18.291020,-0.14056,0.0421812,-0.000283233,2.55344,2.02731,0.7,0.0,-1,942.478,24.13,42.0,-1.0,"[-1.0, -1.0, -1.0, -1.0, -1.0, -1.0, -1.0, -1.0, -1.0, -1.0, -1.0, -1.0, -1.0, -1.0, -1.0, -1.0, -1.0, -1.0, -1.0]"
2025-05-07 20:44:18.312544,-0.173099,0.0460941,-0.000461298,2.55344,2.02747,0.7,0.0,-1,942.478,24.152,42.0,-1.0,"[-1.0, -1.0, -1.0, -1.0, -1.0, -1.0, -1.0, -1.0, -1.0, -1.0, -1.0, -1.0, -1.0, -1.0, -1.0, -1.0, -1.0, -1.0, -1.0]"
2025-05-07 20:44:18.335469,-0.0965523,0.0461663,-0.00072601,2.55342,2.02734,0.7,0.0,-1,942.478,24.174,42.0,-1.0,"[-1.0, -1.0, -1.0, -1.0, -1.0, -1.0, -1.0, -1.0, -1.0, -1.0, -1.0, -1.0, -1.0, -1.0, -1.0, -1.0, -1.0, -1.0, -1.0]"
2025-05-07 20:44:18.359382,-0.10487,0.0430933,-0.000981157,2.55342,2.02721,0.7,0.0,-1,942.478,24.196,42.0,-1.0,"[-1.0, -1.0, -1.0, -1.0, -1.0, -1.0, -1.0, -1.0, -1.0, -1.0, -1.0, -1.0, -1.0, -1.0, -1.0, -1.0, -1.0, -1.0, -1.0]"
2025-05-07 20:44:18.378433,-0.195061,0.0454842,-0.00111369,2.55347,2.02701,0.7,0.0,-1,942.478,24.218,42.0,-1.0,"[-1.0, -1.0, -1.0, -1.0, -1.0, -1.0, -1.0, -1.0, -1.0, -1.0, -1.0, -1.0, -1.0, -1.0, -1.0, -1.0, -1.0, -1.0, -1.0]"
2025-05-07 20:44:18.400404,-0.194001,0.107716,-0.00105133,2.55344,2.02689,0.7,0.0,-1,942.478,24.24,42.0,-1.0,"[-1.0, -1.0, -1.0, -1.0, -1.0, -1.0, -1.0, -1.0, -1.0, -1.0, -1.0, -1.0, -1.0, -1.0, -1.0, -1.0, -1.0, -1.0, -1.0]"
2025-05-07 20:44:18.422879,-0.118427,0.10349,-0.00100066,2.5534,2.02674,0.7,0.0,-1,942.478,24.262,42.0,-1.0,"[-1.0, -1.0, -1.0, -1.0, -1.0, -1.0, -1.0, -1.0, -1.0, -1.0, -1.0, -1.0, -1.0, -1.0, -1.0, -1.0, -1.0, -1.0, -1.0]"
2025-05-07 20:44:18.443778,-0.0497882,0.0897268,-0.00086863,2.5534,2.02647,0.7,0.0,-1,942.478,24.284,42.0,-1.0,"[-1.0, -1.0, -1.0, -1.0, -1.0, -1.0, -1.0, -1.0, -1.0, -1.0, -1.0, -1.0, -1.0, -1.0, -1.0, -1.0, -1.0, -1.0, -1.0]"
2025-05-07 20:44:18.468443,-0.165345,0.0803189,-0.000611016,2.55342,2.02623,0.7,0.0,-1,942.478,24.306,42.0,-1.0,"[-1.0, -1.0, -1.0, -1.0, -1.0, -1.0, -1.0, -1.0, -1.0, -1.0, -1.0, -1.0, -1.0, -1.0, -1.0, -1.0, -1.0, -1.0, -1.0]"
2025-05-07 20:44:18.487216,-0.225328,0.102864,-0.000428761,2.55342,2.02598,0.7,0.0,-1,942.478,24.328,42.0,-1.0,"[-1.0, -1.0, -1.0, -1.0, -1.0, -1.0, -1.0, -1.0, -1.0, -1.0, -1.0, -1.0, -1.0, -1.0, -1.0, -1.0, -1.0, -1.0, -1.0]"
2025-05-07 20:44:18.511478,-0.152556,0.102897,-0.00021036,2.55342,2.02585,0.7,0.0,-1,942.478,24.35,42.0,-1.0,"[-1.0, -1.0, -1.0, -1.0, -1.0, -1.0, -1.0, -1.0, -1.0, -1.0, -1.0, -1.0, -1.0, -1.0, -1.0, -1.0, -1.0, -1.0, -1.0]"
2025-05-07 20:44:18.534480,-0.08263,0.0807913,-0.000148267,2.5534,2.0256,0.7,0.0,-1,942.478,24.372,42.0,-1.0,"[-1.0, -1.0, -1.0, -1.0, -1.0, -1.0, -1.0, -1.0, -1.0, -1.0, -1.0, -1.0, -1.0, -1.0, -1.0, -1.0, -1.0, -1.0, -1.0]"
2025-05-07 20:44:18.553699,-0.119816,0.0975496,-0.000100588,2.55338,2.02538,0.7,0.0,-1,942.478,24.394,42.0,-1.0,"[-1.0, -1.0, -1.0, -1.0, -1.0, -1.0, -1.0, -1.0, -1.0, -1.0, -1.0, -1.0, -1.0, -1.0, -1.0, -1.0, -1.0, -1.0, -1.0]"
2025-05-07 20:44:18.577846,-0.207746,0.0906399,4.63507e-06,2.5534,2.02511,0.7,0.0,-1,942.478,24.416,42.0,-1.0,"[-1.0, -1.0, -1.0, -1.0, -1.0, -1.0, -1.0, -1.0, -1.0, -1.0, -1.0, -1.0, -1.0, -1.0, -1.0, -1.0, -1.0, -1.0, -1.0]"
2025-05-07 20:44:18.597498,-0.20204,0.0866819,5.46818e-05,2.5534,2.02491,0.7,0.0,-1,942.478,24.438,42.0,-1.0,"[-1.0, -1.0, -1.0, -1.0, -1.0, -1.0, -1.0, -1.0, -1.0, -1.0, -1.0, -1.0, -1.0, -1.0, -1.0, -1.0, -1.0, -1.0, -1.0]"
2025-05-07 20:44:18.618524,-0.0888011,0.088762,5.73684e-05,2.5534,2.02468,0.7,0.0,-1,942.478,24.46,42.0,-1.0,"[-1.0, -1.0, -1.0, -1.0, -1.0, -1.0, -1.0, -1.0, -1.0, -1.0, -1.0, -1.0, -1.0, -1.0, -1.0, -1.0, -1.0, -1.0, -1.0]"
2025-05-07 20:44:18.641401,-0.125015,0.105755,9.02435e-05,2.55338,2.02448,0.7,0.0,-1,942.478,24.482,42.0,-1.0,"[-1.0, -1.0, -1.0, -1.0, -1.0, -1.0, -1.0, -1.0, -1.0, -1.0, -1.0, -1.0, -1.0, -1.0, -1.0, -1.0, -1.0, -1.0, -1.0]"
2025-05-07 20:44:18.663386,-0.167489,0.111528,0.000132511,2.55336,2.02427,0.7,0.0,-1,942.478,24.504,42.0,-1.0,"[-1.0, -1.0, -1.0, -1.0, -1.0, -1.0, -1.0, -1.0, -1.0, -1.0, -1.0, -1.0, -1.0, -1.0, -1.0, -1.0, -1.0, -1.0, -1.0]"
2025-05-07 20:44:18.686076,-0.136813,0.0987174,0.000139009,2.55336,2.02399,0.7,0.0,-1,942.478,24.526,42.0,-1.0,"[-1.0, -1.0, -1.0, -1.0, -1.0, -1.0, -1.0, -1.0, -1.0, -1.0, -1.0, -1.0, -1.0, -1.0, -1.0, -1.0, -1.0, -1.0, -1.0]"
2025-05-07 20:44:18.707569,-0.162261,0.0640142,9.41339e-05,2.5534,2.02377,0.7,0.0,-1,942.478,24.548,42.0,-1.0,"[-1.0, -1.0, -1.0, -1.0, -1.0, -1.0, -1.0, -1.0, -1.0, -1.0, -1.0, -1.0, -1.0, -1.0, -1.0, -1.0, -1.0, -1.0, -1.0]"
2025-05-07 20:44:18.730821,-0.14736,0.0943015,4.91889e-05,2.55336,2.02352,0.7,0.0,-1,942.478,24.57,42.0,-1.0,"[-1.0, -1.0, -1.0, -1.0, -1.0, -1.0, -1.0, -1.0, -1.0, -1.0, -1.0, -1.0, -1.0, -1.0, -1.0, -1.0, -1.0, -1.0, -1.0]"
2025-05-07 20:44:18.751413,-0.159294,0.127433,1.51439e-05,2.55333,2.02339,0.7,0.0,-1,942.478,24.592,42.0,-1.0,"[-1.0, -1.0, -1.0, -1.0, -1.0, -1.0, -1.0, -1.0, -1.0, -1.0, -1.0, -1.0, -1.0, -1.0, -1.0, -1.0, -1.0, -1.0, -1.0]"
2025-05-07 20:44:18.773279,-0.117636,0.0891269,-4.99525e-05,2.55333,2.02312,0.7,0.0,-1,942.478,24.614,42.0,-1.0,"[-1.0, -1.0, -1.0, -1.0, -1.0, -1.0, -1.0, -1.0, -1.0, -1.0, -1.0, -1.0, -1.0, -1.0, -1.0, -1.0, -1.0, -1.0, -1.0]"
2025-05-07 20:44:18.795593,-0.116238,0.0721144,-0.000155755,2.55333,2.02287,0.7,0.0,-1,942.478,24.636,42.0,-1.0,"[-1.0, -1.0, -1.0, -1.0, -1.0, -1.0, -1.0, -1.0, -1.0, -1.0, -1.0, -1.0, -1.0, -1.0, -1.0, -1.0, -1.0, -1.0, -1.0]"
2025-05-07 20:44:18.818900,-0.206275,0.066996,-0.000217987,2.55338,2.02259,0.7,0.0,-1,942.478,24.658,42.0,-1.0,"[-1.0, -1.0, -1.0, -1.0, -1.0, -1.0, -1.0, -1.0, -1.0, -1.0, -1.0, -1.0, -1.0, -1.0, -1.0, -1.0, -1.0, -1.0, -1.0]"
2025-05-07 20:44:18.838966,-0.248286,0.0947732,-0.00021388,2.55336,2.02244,0.7,0.0,-1,942.478,24.68,42.0,-1.0,"[-1.0, -1.0, -1.0, -1.0, -1.0, -1.0, -1.0, -1.0, -1.0, -1.0, -1.0, -1.0, -1.0, -1.0, -1.0, -1.0, -1.0, -1.0, -1.0]"
2025-05-07 20:44:18.864179,-0.118898,0.10824,-0.000191268,2.55331,2.02226,0.7,0.0,-1,942.478,24.702,42.0,-1.0,"[-1.0, -1.0, -1.0, -1.0, -1.0, -1.0, -1.0, -1.0, -1.0, -1.0, -1.0, -1.0, -1.0, -1.0, -1.0, -1.0, -1.0, -1.0, -1.0]"
2025-05-07 20:44:18.883273,-0.0501813,0.0917819,-0.000218909,2.55331,2.02198,0.7,0.0,-1,942.478,24.724,42.0,-1.0,"[-1.0, -1.0, -1.0, -1.0, -1.0, -1.0, -1.0, -1.0, -1.0, -1.0, -1.0, -1.0, -1.0, -1.0, -1.0, -1.0, -1.0, -1.0, -1.0]"
2025-05-07 20:44:18.904996,-0.165103,0.0830032,-0.000211722,2.55333,2.02173,0.7,0.0,-1,942.478,24.746,42.0,-1.0,"[-1.0, -1.0, -1.0, -1.0, -1.0, -1.0, -1.0, -1.0, -1.0, -1.0, -1.0, -1.0, -1.0, -1.0, -1.0, -1.0, -1.0, -1.0, -1.0]"
2025-05-07 20:44:18.927310,-0.224926,0.103624,-0.000157934,2.55333,2.02148,0.7,0.0,-1,942.478,24.768,42.0,-1.0,"[-1.0, -1.0, -1.0, -1.0, -1.0, -1.0, -1.0, -1.0, -1.0, -1.0, -1.0, -1.0, -1.0, -1.0, -1.0, -1.0, -1.0, -1.0, -1.0]"
2025-05-07 20:44:18.951816,-0.152066,0.104012,-0.000197971,2.55331,2.02134,0.7,0.0,-1,942.478,24.79,42.0,-1.0,"[-1.0, -1.0, -1.0, -1.0, -1.0, -1.0, -1.0, -1.0, -1.0, -1.0, -1.0, -1.0, -1.0, -1.0, -1.0, -1.0, -1.0, -1.0, -1.0]"
2025-05-07 20:44:18.972034,-0.0843859,0.0809063,-0.00021893,2.55331,2.02108,0.7,0.0,-1,942.478,24.812,42.0,-1.0,"[-1.0, -1.0, -1.0, -1.0, -1.0, -1.0, -1.0, -1.0, -1.0, -1.0, -1.0, -1.0, -1.0, -1.0, -1.0, -1.0, -1.0, -1.0, -1.0]"
2025-05-07 20:44:18.996709,-0.118883,0.098342,-0.000231232,2.55329,2.02086,0.7,0.0,-1,942.478,24.834,42.0,-1.0,"[-1.0, -1.0, -1.0, -1.0, -1.0, -1.0, -1.0, -1.0, -1.0, -1.0, -1.0, -1.0, -1.0, -1.0, -1.0, -1.0, -1.0, -1.0, -1.0]"
2025-05-07 20:44:19.015342,-0.206643,0.0902491,-0.000168606,2.55331,2.02059,0.7,0.0,-1,942.478,24.856,42.0,-1.0,"[-1.0, -1.0, -1.0, -1.0, -1.0, -1.0, -1.0, -1.0, -1.0, -1.0, -1.0, -1.0, -1.0, -1.0, -1.0, -1.0, -1.0, -1.0, -1.0]"
2025-05-07 20:44:19.037480,-0.200423,0.0865308,-0.000169636,2.55331,2.02039,0.7,0.0,-1,942.478,24.878,42.0,-1.0,"[-1.0, -1.0, -1.0, -1.0, -1.0, -1.0, -1.0, -1.0, -1.0, -1.0, -1.0, -1.0, -1.0, -1.0, -1.0, -1.0, -1.0, -1.0, -1.0]"
2025-05-07 20:44:19.058930,-0.0877121,0.0876221,-0.000211026,2.55329,2.02016,0.7,0.0,-1,942.478,24.9,42.0,-1.0,"[-1.0, -1.0, -1.0, -1.0, -1.0, -1.0, -1.0, -1.0, -1.0, -1.0, -1.0, -1.0, -1.0, -1.0, -1.0, -1.0, -1.0, -1.0, -1.0]"
2025-05-07 20:44:19.082412,-0.12331,0.104695,-0.000231575,2.55329,2.01996,0.7,0.0,-1,942.478,24.922,42.0,-1.0,"[-1.0, -1.0, -1.0, -1.0, -1.0, -1.0, -1.0, -1.0, -1.0, -1.0, -1.0, -1.0, -1.0, -1.0, -1.0, -1.0, -1.0, -1.0, -1.0]"
2025-05-07 20:44:19.103170,-0.165933,0.110461,-0.000179748,2.55327,2.01975,0.7,0.0,-1,942.478,24.944,42.0,-1.0,"[-1.0, -1.0, -1.0, -1.0, -1.0, -1.0, -1.0, -1.0, -1.0, -1.0, -1.0, -1.0, -1.0, -1.0, -1.0, -1.0, -1.0, -1.0, -1.0]"
2025-05-07 20:44:19.128760,-0.135226,0.097359,-0.000166226,2.55327,2.01948,0.7,0.0,-1,942.478,24.966,42.0,-1.0,"[-1.0, -1.0, -1.0, -1.0, -1.0, -1.0, -1.0, -1.0, -1.0, -1.0, -1.0, -1.0, -1.0, -1.0, -1.0, -1.0, -1.0, -1.0, -1.0]"
2025-05-07 20:44:19.147523,-0.160471,0.0631684,-0.000193148,2.55331,2.01925,0.7,0.0,-1,942.478,24.988,42.0,-1.0,"[-1.0, -1.0, -1.0, -1.0, -1.0, -1.0, -1.0, -1.0, -1.0, -1.0, -1.0, -1.0, -1.0, -1.0, -1.0, -1.0, -1.0, -1.0, -1.0]"
2025-05-07 20:44:19.172407,-0.185281,0.0759741,-0.000193847,2.55329,2.01901,0.7,0.0,-1,942.478,25.01,42.0,-1.0,"[-1.0, -1.0, -1.0, -1.0, -1.0, -1.0, -1.0, -1.0, -1.0, -1.0, -1.0, -1.0, -1.0, -1.0, -1.0, -1.0, -1.0, -1.0, -1.0]"
2025-05-07 20:44:19.194035,-0.15938,0.128731,-0.0002143,2.55324,2.01888,0.7,0.0,-1,942.478,25.032,42.0,-1.0,"[-1.0, -1.0, -1.0, -1.0, -1.0, -1.0, -1.0, -1.0, -1.0, -1.0, -1.0, -1.0, -1.0, -1.0, -1.0, -1.0, -1.0, -1.0, -1.0]"
2025-05-07 20:44:19.214427,-0.11689,0.0888821,-0.000184661,2.55324,2.01862,0.7,0.0,-1,942.478,25.054,42.0,-1.0,"[-1.0, -1.0, -1.0, -1.0, -1.0, -1.0, -1.0, -1.0, -1.0, -1.0, -1.0, -1.0, -1.0, -1.0, -1.0, -1.0, -1.0, -1.0, -1.0]"
2025-05-07 20:44:19.234472,-0.114795,0.0714599,-0.000191905,2.55324,2.01836,0.7,0.0,-1,942.478,25.076,42.0,-1.0,"[-1.0, -1.0, -1.0, -1.0, -1.0, -1.0, -1.0, -1.0, -1.0, -1.0, -1.0, -1.0, -1.0, -1.0, -1.0, -1.0, -1.0, -1.0, -1.0]"
2025-05-07 20:44:19.259573,-0.204789,0.0661723,-0.000213143,2.55329,2.01809,0.7,0.0,-1,942.478,25.098,42.0,-1.0,"[-1.0, -1.0, -1.0, -1.0, -1.0, -1.0, -1.0, -1.0, -1.0, -1.0, -1.0, -1.0, -1.0, -1.0, -1.0, -1.0, -1.0, -1.0, -1.0]"
2025-05-07 20:44:19.281592,-0.246427,0.0940017,-0.000178194,2.55327,2.01794,0.7,0.0,-1,942.478,25.12,42.0,-1.0,"[-1.0, -1.0, -1.0, -1.0, -1.0, -1.0, -1.0, -1.0, -1.0, -1.0, -1.0, -1.0, -1.0, -1.0, -1.0, -1.0, -1.0, -1.0, -1.0]"
2025-05-07 20:44:19.303071,-0.117267,0.106843,-0.000197227,2.55322,2.01776,0.7,0.0,-1,942.478,25.142,42.0,-1.0,"[-1.0, -1.0, -1.0, -1.0, -1.0, -1.0, -1.0, -1.0, -1.0, -1.0, -1.0, -1.0, -1.0, -1.0, -1.0, -1.0, -1.0, -1.0, -1.0]"
2025-05-07 20:44:19.322356,-0.0486268,0.090247,-0.000217439,2.55322,2.01748,0.7,0.0,-1,942.478,25.164,42.0,-1.0,"[-1.0, -1.0, -1.0, -1.0, -1.0, -1.0, -1.0, -1.0, -1.0, -1.0, -1.0, -1.0, -1.0, -1.0, -1.0, -1.0, -1.0, -1.0, -1.0]"
2025-05-07 20:44:19.346419,-0.163357,0.0820497,-0.000205686,2.55324,2.01723,0.7,0.0,-1,942.478,25.186,42.0,-1.0,"[-1.0, -1.0, -1.0, -1.0, -1.0, -1.0, -1.0, -1.0, -1.0, -1.0, -1.0, -1.0, -1.0, -1.0, -1.0, -1.0, -1.0, -1.0, -1.0]"
2025-05-07 20:44:19.369333,-0.223339,0.102382,-0.000167125,2.55324,2.01698,0.7,0.0,-1,942.478,25.208,42.0,-1.0,"[-1.0, -1.0, -1.0, -1.0, -1.0, -1.0, -1.0, -1.0, -1.0, -1.0, -1.0, -1.0, -1.0, -1.0, -1.0, -1.0, -1.0, -1.0, -1.0]"
2025-05-07 20:44:19.389622,-0.150611,0.102737,-0.000193389,2.55322,2.01685,0.7,0.0,-1,942.478,25.23,42.0,-1.0,"[-1.0, -1.0, -1.0, -1.0, -1.0, -1.0, -1.0, -1.0, -1.0, -1.0, -1.0, -1.0, -1.0, -1.0, -1.0, -1.0, -1.0, -1.0, -1.0]"
2025-05-07 20:44:19.411608,-0.0828912,0.0795795,-0.000217529,2.55322,2.01659,0.7,0.0,-1,942.478,25.252,42.0,-1.0,"[-1.0, -1.0, -1.0, -1.0, -1.0, -1.0, -1.0, -1.0, -1.0, -1.0, -1.0, -1.0, -1.0, -1.0, -1.0, -1.0, -1.0, -1.0, -1.0]"
2025-05-07 20:44:19.433704,-0.116938,0.097238,-0.000236132,2.5532,2.01637,0.7,0.0,-1,942.478,25.274,42.0,-1.0,"[-1.0, -1.0, -1.0, -1.0, -1.0, -1.0, -1.0, -1.0, -1.0, -1.0, -1.0, -1.0, -1.0, -1.0, -1.0, -1.0, -1.0, -1.0, -1.0]"
2025-05-07 20:44:19.456022,-0.204963,0.089098,-0.000180426,2.55322,2.0161,0.7,0.0,-1,942.478,25.296,42.0,-1.0,"[-1.0, -1.0, -1.0, -1.0, -1.0, -1.0, -1.0, -1.0, -1.0, -1.0, -1.0, -1.0, -1.0, -1.0, -1.0, -1.0, -1.0, -1.0, -1.0]"
2025-05-07 20:44:19.477863,-0.198491,0.0856708,-0.000172942,2.55322,2.01591,0.7,0.0,-1,942.478,25.318,42.0,-1.0,"[-1.0, -1.0, -1.0, -1.0, -1.0, -1.0, -1.0, -1.0, -1.0, -1.0, -1.0, -1.0, -1.0, -1.0, -1.0, -1.0, -1.0, -1.0, -1.0]"
2025-05-07 20:44:19.499462,-0.0865392,0.0860148,-0.000210271,2.55322,2.01568,0.7,0.0,-1,942.478,25.34,42.0,-1.0,"[-1.0, -1.0, -1.0, -1.0, -1.0, -1.0, -1.0, -1.0, -1.0, -1.0, -1.0, -1.0, -1.0, -1.0, -1.0, -1.0, -1.0, -1.0, -1.0]"
2025-05-07 20:44:19.522094,-0.121454,0.103454,-0.000210208,2.5532,2.01548,0.7,0.0,-1,942.478,25.362,42.0,-1.0,"[-1.0, -1.0, -1.0, -1.0, -1.0, -1.0, -1.0, -1.0, -1.0, -1.0, -1.0, -1.0, -1.0, -1.0, -1.0, -1.0, -1.0, -1.0, -1.0]"
2025-05-07 20:44:19.543770,-0.164186,0.109385,-0.000197961,2.55318,2.01527,0.7,0.0,-1,942.478,25.384,42.0,-1.0,"[-1.0, -1.0, -1.0, -1.0, -1.0, -1.0, -1.0, -1.0, -1.0, -1.0, -1.0, -1.0, -1.0, -1.0, -1.0, -1.0, -1.0, -1.0, -1.0]"
2025-05-07 20:44:19.565303,-0.133732,0.0959514,-0.000178606,2.55318,2.015,0.7,0.0,-1,942.478,25.406,42.0,-1.0,"[-1.0, -1.0, -1.0, -1.0, -1.0, -1.0, -1.0, -1.0, -1.0, -1.0, -1.0, -1.0, -1.0, -1.0, -1.0, -1.0, -1.0, -1.0, -1.0]"
2025-05-07 20:44:19.588954,-0.15879,0.0621502,-0.000212462,2.55322,2.01478,0.7,0.0,-1,942.478,25.428,42.0,-1.0,"[-1.0, -1.0, -1.0, -1.0, -1.0, -1.0, -1.0, -1.0, -1.0, -1.0, -1.0, -1.0, -1.0, -1.0, -1.0, -1.0, -1.0, -1.0, -1.0]"
2025-05-07 20:44:19.611255,-0.183663,0.0749196,-0.000213107,2.55322,2.01453,0.7,0.0,-1,942.478,25.45,42.0,-1.0,"[-1.0, -1.0, -1.0, -1.0, -1.0, -1.0, -1.0, -1.0, -1.0, -1.0, -1.0, -1.0, -1.0, -1.0, -1.0, -1.0, -1.0, -1.0, -1.0]"
2025-05-07 20:44:19.630968,-0.157462,0.127478,-0.000212646,2.55316,2.01441,0.7,0.0,-1,942.478,25.472,42.0,-1.0,"[-1.0, -1.0, -1.0, -1.0, -1.0, -1.0, -1.0, -1.0, -1.0, -1.0, -1.0, -1.0, -1.0, -1.0, -1.0, -1.0, -1.0, -1.0, -1.0]"
2025-05-07 20:44:19.655866,-0.115208,0.0875894,-0.000171007,2.55316,2.01414,0.7,0.0,-1,942.478,25.494,42.0,-1.0,"[-1.0, -1.0, -1.0, -1.0, -1.0, -1.0, -1.0, -1.0, -1.0, -1.0, -1.0, -1.0, -1.0, -1.0, -1.0, -1.0, -1.0, -1.0, -1.0]"
2025-05-07 20:44:19.679560,-0.112802,0.0703422,-0.000208316,2.55316,2.01389,0.7,0.0,-1,942.478,25.516,42.0,-1.0,"[-1.0, -1.0, -1.0, -1.0, -1.0, -1.0, -1.0, -1.0, -1.0, -1.0, -1.0, -1.0, -1.0, -1.0, -1.0, -1.0, -1.0, -1.0, -1.0]"
2025-05-07 20:44:19.699454,-0.203092,0.0650205,-0.000210616,2.5532,2.01362,0.7,0.0,-1,942.478,25.538,42.0,-1.0,"[-1.0, -1.0, -1.0, -1.0, -1.0, -1.0, -1.0, -1.0, -1.0, -1.0, -1.0, -1.0, -1.0, -1.0, -1.0, -1.0, -1.0, -1.0, -1.0]"
2025-05-07 20:44:19.720638,-0.244441,0.0931682,-0.000176623,2.5532,2.01347,0.7,0.0,-1,942.478,25.56,42.0,-1.0,"[-1.0, -1.0, -1.0, -1.0, -1.0, -1.0, -1.0, -1.0, -1.0, -1.0, -1.0, -1.0, -1.0, -1.0, -1.0, -1.0, -1.0, -1.0, -1.0]"
2025-05-07 20:44:19.741536,-0.115693,0.105498,-0.000186308,2.55316,2.01329,0.7,0.0,-1,942.478,25.582,42.0,-1.0,"[-1.0, -1.0, -1.0, -1.0, -1.0, -1.0, -1.0, -1.0, -1.0, -1.0, -1.0, -1.0, -1.0, -1.0, -1.0, -1.0, -1.0, -1.0, -1.0]"
2025-05-07 20:44:19.763213,-0.047116,0.0887669,-0.000202184,2.55316,2.01302,0.7,0.0,-1,942.478,25.604,42.0,-1.0,"[-1.0, -1.0, -1.0, -1.0, -1.0, -1.0, -1.0, -1.0, -1.0, -1.0, -1.0, -1.0, -1.0, -1.0, -1.0, -1.0, -1.0, -1.0, -1.0]"
2025-05-07 20:44:19.784767,-0.158368,0.0796749,-0.000210918,2.55313,2.01276,0.7,0.0,-1,942.478,25.626,42.0,-1.0,"[-1.0, -1.0, -1.0, -1.0, -1.0, -1.0, -1.0, -1.0, -1.0, -1.0, -1.0, -1.0, -1.0, -1.0, -1.0, -1.0, -1.0, -1.0, -1.0]"
2025-05-07 20:44:19.807892,-0.223076,0.0977164,-0.000172795,2.55316,2.0125,0.7,0.0,-1,942.478,25.648,42.0,-1.0,"[-1.0, -1.0, -1.0, -1.0, -1.0, -1.0, -1.0, -1.0, -1.0, -1.0, -1.0, -1.0, -1.0, -1.0, -1.0, -1.0, -1.0, -1.0, -1.0]"
2025-05-07 20:44:19.828816,-0.148812,0.10099,-0.000201476,2.55316,2.01237,0.7,0.0,-1,942.478,25.67,42.0,-1.0,"[-1.0, -1.0, -1.0, -1.0, -1.0, -1.0, -1.0, -1.0, -1.0, -1.0, -1.0, -1.0, -1.0, -1.0, -1.0, -1.0, -1.0, -1.0, -1.0]"
2025-05-07 20:44:19.853143,-0.0812743,0.0782716,-0.000215792,2.55316,2.01212,0.7,0.0,-1,942.478,25.692,42.0,-1.0,"[-1.0, -1.0, -1.0, -1.0, -1.0, -1.0, -1.0, -1.0, -1.0, -1.0, -1.0, -1.0, -1.0, -1.0, -1.0, -1.0, -1.0, -1.0, -1.0]"
2025-05-07 20:44:19.874325,-0.115087,0.096289,-0.000245959,2.55313,2.0119,0.7,0.0,-1,942.478,25.714,42.0,-1.0,"[-1.0, -1.0, -1.0, -1.0, -1.0, -1.0, -1.0, -1.0, -1.0, -1.0, -1.0, -1.0, -1.0, -1.0, -1.0, -1.0, -1.0, -1.0, -1.0]"
2025-05-07 20:44:19.894753,-0.203355,0.0881441,-0.000175447,2.55316,2.01163,0.7,0.0,-1,942.478,25.736,42.0,-1.0,"[-1.0, -1.0, -1.0, -1.0, -1.0, -1.0, -1.0, -1.0, -1.0, -1.0, -1.0, -1.0, -1.0, -1.0, -1.0, -1.0, -1.0, -1.0, -1.0]"
2025-05-07 20:44:19.918342,-0.196633,0.0848782,-0.000166807,2.55313,2.01143,0.7,0.0,-1,942.478,25.758,42.0,-1.0,"[-1.0, -1.0, -1.0, -1.0, -1.0, -1.0, -1.0, -1.0, -1.0, -1.0, -1.0, -1.0, -1.0, -1.0, -1.0, -1.0, -1.0, -1.0, -1.0]"
2025-05-07 20:44:19.939159,-0.0854177,0.0846223,-0.000226171,2.55313,2.01121,0.7,0.0,-1,942.478,25.78,42.0,-1.0,"[-1.0, -1.0, -1.0, -1.0, -1.0, -1.0, -1.0, -1.0, -1.0, -1.0, -1.0, -1.0, -1.0, -1.0, -1.0, -1.0, -1.0, -1.0, -1.0]"
2025-05-07 20:44:19.961049,-0.119638,0.102302,-0.000240536,2.55313,2.011,0.7,0.0,-1,942.478,25.802,42.0,-1.0,"[-1.0, -1.0, -1.0, -1.0, -1.0, -1.0, -1.0, -1.0, -1.0, -1.0, -1.0, -1.0, -1.0, -1.0, -1.0, -1.0, -1.0, -1.0, -1.0]"
2025-05-07 20:44:19.984656,-0.162585,0.108355,-0.000194155,2.55311,2.0108,0.7,0.0,-1,942.478,25.824,42.0,-1.0,"[-1.0, -1.0, -1.0, -1.0, -1.0, -1.0, -1.0, -1.0, -1.0, -1.0, -1.0, -1.0, -1.0, -1.0, -1.0, -1.0, -1.0, -1.0, -1.0]"
2025-05-07 20:44:20.005466,-0.132199,0.0945594,-0.000163514,2.55311,2.01053,0.7,0.0,-1,942.478,25.846,42.0,-1.0,"[-1.0, -1.0, -1.0, -1.0, -1.0, -1.0, -1.0, -1.0, -1.0, -1.0, -1.0, -1.0, -1.0, -1.0, -1.0, -1.0, -1.0, -1.0, -1.0]"
2025-05-07 20:44:20.026817,-0.157098,0.0613377,-0.000194493,2.55316,2.01031,0.42157098,0.0,-1,942.478,25.868,42.0,1.0,"[-1.0, -1.0, -1.0, -1.0, -1.0, -1.0, -1.0, -1.0, -1.0, -1.0, -1.0, -1.0, -1.0, -1.0, -1.0, -1.0, -1.0, -1.0, -1.0]"
2025-05-07 20:44:20.049042,-0.182374,0.0677029,-0.000208052,2.55313,2.01007,0.42182374,0.0,-1,942.478,25.89,42.0,1.0,"[-1.0, -1.0, -1.0, -1.0, -1.0, -1.0, -1.0, -1.0, -1.0, -1.0, -1.0, -1.0, -1.0, -1.0, -1.0, -1.0, -1.0, -1.0, -1.0]"
2025-05-07 20:44:20.072977,-0.154423,0.124454,-0.000191237,2.55309,2.00994,0.42154423,0.0,-1,942.478,25.912,42.0,1.0,"[-1.0, -1.0, -1.0, -1.0, -1.0, -1.0, -1.0, -1.0, -1.0, -1.0, -1.0, -1.0, -1.0, -1.0, -1.0, -1.0, -1.0, -1.0, -1.0]"
2025-05-07 20:44:20.095202,-0.112985,0.0856987,-0.000177795,2.55309,2.00968,0.42112985000000003,0.0,-1,942.478,25.934,42.0,1.0,"[-1.0, -1.0, -1.0, -1.0, -1.0, -1.0, -1.0, -1.0, -1.0, -1.0, -1.0, -1.0, -1.0, -1.0, -1.0, -1.0, -1.0, -1.0, -1.0]"
2025-05-07 20:44:20.116347,-0.110605,0.0691476,-0.000208175,2.55309,2.00943,0.42110605,0.0,-1,942.478,25.956,42.0,1.0,"[-1.0, -1.0, -1.0, -1.0, -1.0, -1.0, -1.0, -1.0, -1.0, -1.0, -1.0, -1.0, -1.0, -1.0, -1.0, -1.0, -1.0, -1.0, -1.0]"
2025-05-07 20:44:20.140430,-0.20132,0.0639578,-0.0001884,2.55313,2.00916,0.42201320000000003,0.0,-1,942.478,25.978,42.0,1.0,"[-1.0, -1.0, -1.0, -1.0, -1.0, -1.0, -1.0, -1.0, -1.0, -1.0, -1.0, -1.0, -1.0, -1.0, -1.0, -1.0, -1.0, -1.0, -1.0]"
2025-05-07 20:44:20.163466,-0.242516,0.0924272,-0.000194904,2.55313,2.00901,0.42242516,0.0,-1,942.478,26.0,42.0,1.0,"[-1.0, -1.0, -1.0, -1.0, -1.0, -1.0, -1.0, -1.0, -1.0, -1.0, -1.0, -1.0, -1.0, -1.0, -1.0, -1.0, -1.0, -1.0, -1.0]"
2025-05-07 20:44:20.184470,-0.114093,0.104207,-0.000191816,2.55309,2.00883,0.42114092999999997,0.0,-1,942.478,26.022,42.0,1.0,"[-1.0, -1.0, -1.0, -1.0, -1.0, -1.0, -1.0, -1.0, -1.0, -1.0, -1.0, -1.0, -1.0, -1.0, -1.0, -1.0, -1.0, -1.0, -1.0]"
2025-05-07 20:44:20.203439,-0.045622,0.0873016,-0.000212923,2.55307,2.00856,0.42045622,0.0,-1,942.478,26.044,42.0,1.0,"[-1.0, -1.0, -1.0, -1.0, -1.0, -1.0, -1.0, -1.0, -1.0, -1.0, -1.0, -1.0, -1.0, -1.0, -1.0, -1.0, -1.0, -1.0, -1.0]"
2025-05-07 20:44:20.227648,-0.159962,0.0800801,-0.000204573,2.55309,2.00831,0.42159962,0.0,-1,942.478,26.066,42.0,1.0,"[-1.0, -1.0, -1.0, -1.0, -1.0, -1.0, -1.0, -1.0, -1.0, -1.0, -1.0, -1.0, -1.0, -1.0, -1.0, -1.0, -1.0, -1.0, -1.0]"
2025-05-07 20:44:20.246430,-0.220146,0.0999904,-0.000149363,2.55309,2.00807,0.42220146,0.0,-1,942.478,26.088,42.0,1.0,"[-1.0, -1.0, -1.0, -1.0, -1.0, -1.0, -1.0, -1.0, -1.0, -1.0, -1.0, -1.0, -1.0, -1.0, -1.0, -1.0, -1.0, -1.0, -1.0]"
2025-05-07 20:44:20.271334,-0.147779,0.100151,-0.000202282,2.55309,2.00794,0.42147779,0.0,-1,942.478,26.11,42.0,1.0,"[-1.0, -1.0, -1.0, -1.0, -1.0, -1.0, -1.0, -1.0, -1.0, -1.0, -1.0, -1.0, -1.0, -1.0, -1.0, -1.0, -1.0, -1.0, -1.0]"
2025-05-07 20:44:20.294394,-0.080178,0.0767627,-0.00022351,2.55309,2.00769,0.42080177999999996,0.0,-1,942.478,26.132,42.0,1.0,"[-1.0, -1.0, -1.0, -1.0, -1.0, -1.0, -1.0, -1.0, -1.0, -1.0, -1.0, -1.0, -1.0, -1.0, -1.0, -1.0, -1.0, -1.0, -1.0]"
2025-05-07 20:44:20.314849,-0.113176,0.0950481,-0.000230708,2.55307,2.00747,0.42113176,0.0,-1,942.478,26.154,42.0,1.0,"[-1.0, -1.0, -1.0, -1.0, -1.0, -1.0, -1.0, -1.0, -1.0, -1.0, -1.0, -1.0, -1.0, -1.0, -1.0, -1.0, -1.0, -1.0, -1.0]"
2025-05-07 20:44:20.335168,-0.201662,0.0868377,-0.00019055,2.55309,2.0072,0.42201662,0.0,-1,942.478,26.176,42.0,1.0,"[-1.0, -1.0, -1.0, -1.0, -1.0, -1.0, -1.0, -1.0, -1.0, -1.0, -1.0, -1.0, -1.0, -1.0, -1.0, -1.0, -1.0, -1.0, -1.0]"
2025-05-07 20:44:20.362251,-0.194701,0.0837515,-0.000170893,2.55307,2.00701,0.42194701,0.0,-1,942.478,26.198,42.0,1.0,"[-1.0, -1.0, -1.0, -1.0, -1.0, -1.0, -1.0, -1.0, -1.0, -1.0, -1.0, -1.0, -1.0, -1.0, -1.0, -1.0, -1.0, -1.0, -1.0]"
2025-05-07 20:44:20.379644,-0.0842299,0.0829004,-0.000228624,2.55307,2.00679,0.420842299,0.0,-1,942.478,26.22,42.0,1.0,"[-1.0, -1.0, -1.0, -1.0, -1.0, -1.0, -1.0, -1.0, -1.0, -1.0, -1.0, -1.0, -1.0, -1.0, -1.0, -1.0, -1.0, -1.0, -1.0]"
2025-05-07 20:44:20.403245,-0.117797,0.100895,-0.000217379,2.55307,2.00659,0.42117797,0.0,-1,942.478,26.242,42.0,1.0,"[-1.0, -1.0, -1.0, -1.0, -1.0, -1.0, -1.0, -1.0, -1.0, -1.0, -1.0, -1.0, -1.0, -1.0, -1.0, -1.0, -1.0, -1.0, -1.0]"
2025-05-07 20:44:20.427484,-0.160917,0.107111,-0.000192685,2.55305,2.00639,0.42160917,0.0,-1,942.478,26.264,42.0,1.0,"[-1.0, -1.0, -1.0, -1.0, -1.0, -1.0, -1.0, -1.0, -1.0, -1.0, -1.0, -1.0, -1.0, -1.0, -1.0, -1.0, -1.0, -1.0, -1.0]"
2025-05-07 20:44:20.446783,-0.130614,0.093159,-0.000184338,2.55305,2.00611,0.42130614,0.0,-1,942.478,26.286,42.0,1.0,"[-1.0, -1.0, -1.0, -1.0, -1.0, -1.0, -1.0, -1.0, -1.0, -1.0, -1.0, -1.0, -1.0, -1.0, -1.0, -1.0, -1.0, -1.0, -1.0]"
2025-05-07 20:44:20.468322,-0.155435,0.0603539,-0.000206155,2.55309,2.0059,0.42155434999999997,0.0,-1,942.478,26.308,42.0,1.0,"[-1.0, -1.0, -1.0, -1.0, -1.0, -1.0, -1.0, -1.0, -1.0, -1.0, -1.0, -1.0, -1.0, -1.0, -1.0, -1.0, -1.0, -1.0, -1.0]"
2025-05-07 20:44:20.490561,-0.130319,0.0801106,-0.000127348,2.55305,2.00583,0.42130319,0.0,-1,942.478,26.33,42.0,1.0,"[-1.0, -1.0, -1.0, -1.0, -1.0, -1.0, -1.0, -1.0, -1.0, -1.0, -1.0, -1.0, -1.0, -1.0, -1.0, -1.0, -1.0, -1.0, -1.0]"
2025-05-07 20:44:20.510744,-0.135236,0.0763426,0.000250926,2.55305,2.00573,0.42135236,0.0,-1,942.478,26.352,42.0,1.0,"[-1.0, -1.0, -1.0, -1.0, -1.0, -1.0, -1.0, -1.0, -1.0, -1.0, -1.0, -1.0, -1.0, -1.0, -1.0, -1.0, -1.0, -1.0, -1.0]"
2025-05-07 20:44:20.532748,-0.100412,0.0550808,0.000717994,2.55305,2.00566,0.42100412,0.0,-1,942.478,26.374,42.0,1.0,"[-1.0, -1.0, -1.0, -1.0, -1.0, -1.0, -1.0, -1.0, -1.0, -1.0, -1.0, -1.0, -1.0, -1.0, -1.0, -1.0, -1.0, -1.0, -1.0]"
2025-05-07 20:44:20.555743,-0.104522,0.0293965,0.00111708,2.55305,2.00558,0.42104522000000005,0.0,-1,942.478,26.396,42.0,1.0,"[-1.0, -1.0, -1.0, -1.0, -1.0, -1.0, -1.0, -1.0, -1.0, -1.0, -1.0, -1.0, -1.0, -1.0, -1.0, -1.0, -1.0, -1.0, -1.0]"
2025-05-07 20:44:20.578229,-0.120279,0.0207591,0.00125086,2.55305,2.0055,0.42120278999999994,0.0,-1,942.478,26.418,42.0,1.0,"[-1.0, -1.0, -1.0, -1.0, -1.0, -1.0, -1.0, -1.0, -1.0, -1.0, -1.0, -1.0, -1.0, -1.0, -1.0, -1.0, -1.0, -1.0, -1.0]"
2025-05-07 20:44:20.599333,-0.151807,0.00785575,0.00129899,2.55305,2.00559,0.42151806999999997,0.0,-1,942.478,26.44,42.0,1.0,"[-1.0, -1.0, -1.0, -1.0, -1.0, -1.0, -1.0, -1.0, -1.0, -1.0, -1.0, -1.0, -1.0, -1.0, -1.0, -1.0, -1.0, -1.0, -1.0]"
2025-05-07 20:44:20.620264,-0.0596234,0.0441194,0.0010756,2.55302,2.00547,0.420596234,0.0,-1,942.478,26.462,42.0,1.0,"[-1.0, -1.0, -1.0, -1.0, -1.0, -1.0, -1.0, -1.0, -1.0, -1.0, -1.0, -1.0, -1.0, -1.0, -1.0, -1.0, -1.0, -1.0, -1.0]"
2025-05-07 20:44:20.642970,-0.0724803,0.0376943,0.000716831,2.55302,2.00552,0.42072480300000004,0.0,-1,942.478,26.484,42.0,1.0,"[-1.0, -1.0, -1.0, -1.0, -1.0, -1.0, -1.0, -1.0, -1.0, -1.0, -1.0, -1.0, -1.0, -1.0, -1.0, -1.0, -1.0, -1.0, -1.0]"
2025-05-07 20:44:20.664615,-0.0996131,0.0367497,0.000347644,2.55307,2.00563,0.420996131,0.0,-1,942.478,26.506,42.0,1.0,"[-1.0, -1.0, -1.0, -1.0, -1.0, -1.0, -1.0, -1.0, -1.0, -1.0, -1.0, -1.0, -1.0, -1.0, -1.0, -1.0, -1.0, -1.0, -1.0]"
2025-05-07 20:44:20.687507,-0.19617,0.0211971,6.65183e-05,2.55307,2.0055,0.4219617,0.0,-1,942.478,26.528,42.0,1.0,"[-1.0, -1.0, -1.0, -1.0, -1.0, -1.0, -1.0, -1.0, -1.0, -1.0, -1.0, -1.0, -1.0, -1.0, -1.0, -1.0, -1.0, -1.0, -1.0]"
2025-05-07 20:44:20.710752,-0.114575,-0.00170506,-0.0002133,2.55305,2.00561,0.42114575000000004,0.0,-1,942.478,26.55,42.0,1.0,"[-1.0, -1.0, -1.0, -1.0, -1.0, -1.0, -1.0, -1.0, -1.0, -1.0, -1.0, -1.0, -1.0, -1.0, -1.0, -1.0, -1.0, -1.0, -1.0]"
2025-05-07 20:44:20.732613,-0.0758061,0.0654324,-0.000273599,2.55305,2.00561,0.420758061,0.0,-1,942.478,26.572,42.0,1.0,"[-1.0, -1.0, -1.0, -1.0, -1.0, -1.0, -1.0, -1.0, -1.0, -1.0, -1.0, -1.0, -1.0, -1.0, -1.0, -1.0, -1.0, -1.0, -1.0]"
2025-05-07 20:44:20.753271,-0.144195,0.0166123,-0.000312111,2.55309,2.00562,0.42144195,0.0,-1,942.478,26.594,42.0,1.0,"[-1.0, -1.0, -1.0, -1.0, -1.0, -1.0, -1.0, -1.0, -1.0, -1.0, -1.0, -1.0, -1.0, -1.0, -1.0, -1.0, -1.0, -1.0, -1.0]"
2025-05-07 20:44:20.776882,-0.122282,0.00902573,-0.000225456,2.55305,2.00576,0.42122282,0.0,-1,942.478,26.616,42.0,1.0,"[-1.0, -1.0, -1.0, -1.0, -1.0, -1.0, -1.0, -1.0, -1.0, -1.0, -1.0, -1.0, -1.0, -1.0, -1.0, -1.0, -1.0, -1.0, -1.0]"
2025-05-07 20:44:20.797007,-0.095447,0.0300706,-0.000196716,2.55305,2.0058,0.42095447,0.0,-1,942.478,26.638,42.0,1.0,"[-1.0, -1.0, -1.0, -1.0, -1.0, -1.0, -1.0, -1.0, -1.0, -1.0, -1.0, -1.0, -1.0, -1.0, -1.0, -1.0, -1.0, -1.0, -1.0]"
2025-05-07 20:44:20.819332,-0.0396435,0.0635793,-0.000224471,2.55305,2.00585,0.42039643499999996,0.0,-1,942.478,26.66,42.0,1.0,"[-1.0, -1.0, -1.0, -1.0, -1.0, -1.0, -1.0, -1.0, -1.0, -1.0, -1.0, -1.0, -1.0, -1.0, -1.0, -1.0, -1.0, -1.0, -1.0]"
2025-05-07 20:44:20.844350,-0.161824,0.000515767,-0.00018078,2.55309,2.0059,0.42161824000000003,0.0,-1,942.478,26.682,42.0,1.0,"[-1.0, -1.0, -1.0, -1.0, -1.0, -1.0, -1.0, -1.0, -1.0, -1.0, -1.0, -1.0, -1.0, -1.0, -1.0, -1.0, -1.0, -1.0, -1.0]"
2025-05-07 20:44:20.865774,-0.126752,0.0317713,-0.000203422,2.55305,2.00616,0.42126752,0.0,-1,942.478,26.704,42.0,1.0,"[-1.0, -1.0, -1.0, -1.0, -1.0, -1.0, -1.0, -1.0, -1.0, -1.0, -1.0, -1.0, -1.0, -1.0, -1.0, -1.0, -1.0, -1.0, -1.0]"
2025-05-07 20:44:20.887457,-0.131099,0.0487095,-0.000165503,2.55305,2.00611,0.42131099,0.0,-1,942.478,26.726,42.0,1.0,"[-1.0, -1.0, -1.0, -1.0, -1.0, -1.0, -1.0, -1.0, -1.0, -1.0, -1.0, -1.0, -1.0, -1.0, -1.0, -1.0, -1.0, -1.0, -1.0]"
2025-05-07 20:44:20.910591,-0.0481557,0.0411673,-0.000153399,2.55307,2.00622,0.420481557,0.0,-1,942.478,26.748,42.0,1.0,"[-1.0, -1.0, -1.0, -1.0, -1.0, -1.0, -1.0, -1.0, -1.0, -1.0, -1.0, -1.0, -1.0, -1.0, -1.0, -1.0, -1.0, -1.0, -1.0]"
2025-05-07 20:44:20.929027,-0.0837326,0.0434255,-0.000179734,2.55305,2.0064,0.42083732599999996,0.0,-1,942.478,26.77,42.0,1.0,"[-1.0, -1.0, -1.0, -1.0, -1.0, -1.0, -1.0, -1.0, -1.0, -1.0, -1.0, -1.0, -1.0, -1.0, -1.0, -1.0, -1.0, -1.0, -1.0]"
2025-05-07 20:44:20.951205,-0.214122,0.0279266,-0.000171834,2.55307,2.0064,0.42214122000000004,0.0,-1,942.478,26.792,42.0,1.0,"[-1.0, -1.0, -1.0, -1.0, -1.0, -1.0, -1.0, -1.0, -1.0, -1.0, -1.0, -1.0, -1.0, -1.0, -1.0, -1.0, -1.0, -1.0, -1.0]"
2025-05-07 20:44:20.972591,-0.0817285,0.0328574,-0.000137666,2.55305,2.00659,0.420817285,0.0,-1,942.478,26.814,42.0,1.0,"[-1.0, -1.0, -1.0, -1.0, -1.0, -1.0, -1.0, -1.0, -1.0, -1.0, -1.0, -1.0, -1.0, -1.0, -1.0, -1.0, -1.0, -1.0, -1.0]"
2025-05-07 20:44:20.995762,-0.0413414,0.0638091,-0.000186032,2.55305,2.00666,0.420413414,0.0,-1,942.478,26.836,42.0,1.0,"[-1.0, -1.0, -1.0, -1.0, -1.0, -1.0, -1.0, -1.0, -1.0, -1.0, -1.0, -1.0, -1.0, -1.0, -1.0, -1.0, -1.0, -1.0, -1.0]"
2025-05-07 20:44:21.019873,-0.165628,0.0266568,-0.000226824,2.55309,2.0067,0.42165628,0.0,-1,942.478,26.858,42.0,1.0,"[-1.0, -1.0, -1.0, -1.0, -1.0, -1.0, -1.0, -1.0, -1.0, -1.0, -1.0, -1.0, -1.0, -1.0, -1.0, -1.0, -1.0, -1.0, -1.0]"
2025-05-07 20:44:21.042925,-0.126833,0.0164125,-0.000163923,2.55305,2.00689,0.42126832999999997,0.0,-1,942.478,26.88,42.0,1.0,"[-1.0, -1.0, -1.0, -1.0, -1.0, -1.0, -1.0, -1.0, -1.0, -1.0, -1.0, -1.0, -1.0, -1.0, -1.0, -1.0, -1.0, -1.0, -1.0]"
2025-05-07 20:44:21.060408,-0.0860706,0.0550668,-0.000177573,2.55305,2.007,0.420860706,0.0,-1,942.478,26.902,42.0,1.0,"[-1.0, -1.0, -1.0, -1.0, -1.0, -1.0, -1.0, -1.0, -1.0, -1.0, -1.0, -1.0, -1.0, -1.0, -1.0, -1.0, -1.0, -1.0, -1.0]"
2025-05-07 20:44:21.082420,-0.0570632,0.0610212,-0.000228289,2.55307,2.00702,0.420570632,0.0,-1,942.478,26.924,42.0,1.0,"[-1.0, -1.0, -1.0, -1.0, -1.0, -1.0, -1.0, -1.0, -1.0, -1.0, -1.0, -1.0, -1.0, -1.0, -1.0, -1.0, -1.0, -1.0, -1.0]"
2025-05-07 20:44:21.107066,-0.0762835,0.0303613,-0.000192566,2.55305,2.00717,0.420762835,0.0,-1,942.478,26.946,42.0,1.0,"[-1.0, -1.0, -1.0, -1.0, -1.0, -1.0, -1.0, -1.0, -1.0, -1.0, -1.0, -1.0, -1.0, -1.0, -1.0, -1.0, -1.0, -1.0, -1.0]"
2025-05-07 20:44:21.127378,-0.155512,0.0425558,-0.000156487,2.55309,2.00736,0.42155512,0.0,-1,942.478,26.968,42.0,1.0,"[-1.0, -1.0, -1.0, -1.0, -1.0, -1.0, -1.0, -1.0, -1.0, -1.0, -1.0, -1.0, -1.0, -1.0, -1.0, -1.0, -1.0, -1.0, -1.0]"
2025-05-07 20:44:21.149240,-0.0900315,0.0489293,-0.000198281,2.55307,2.00734,0.420900315,0.0,-1,942.478,26.99,42.0,1.0,"[-1.0, -1.0, -1.0, -1.0, -1.0, -1.0, -1.0, -1.0, -1.0, -1.0, -1.0, -1.0, -1.0, -1.0, -1.0, -1.0, -1.0, -1.0, -1.0]"
2025-05-07 20:44:21.171149,-0.0377369,0.0410275,-0.000170364,2.55307,2.00749,0.420377369,0.0,-1,942.478,27.012,42.0,1.0,"[-1.0, -1.0, -1.0, -1.0, -1.0, -1.0, -1.0, -1.0, -1.0, -1.0, -1.0, -1.0, -1.0, -1.0, -1.0, -1.0, -1.0, -1.0, -1.0]"
2025-05-07 20:44:21.192977,-0.167729,0.0496355,-0.000197031,2.55311,2.00764,0.42167729000000004,0.0,-1,942.478,27.034,42.0,1.0,"[-1.0, -1.0, -1.0, -1.0, -1.0, -1.0, -1.0, -1.0, -1.0, -1.0, -1.0, -1.0, -1.0, -1.0, -1.0, -1.0, -1.0, -1.0, -1.0]"
2025-05-07 20:44:21.217643,-0.133586,0.0263108,-0.000198242,2.55309,2.00764,0.42133586,0.0,-1,942.478,27.056,42.0,1.0,"[-1.0, -1.0, -1.0, -1.0, -1.0, -1.0, -1.0, -1.0, -1.0, -1.0, -1.0, -1.0, -1.0, -1.0, -1.0, -1.0, -1.0, -1.0, -1.0]"
2025-05-07 20:44:21.238090,-0.114562,0.0248427,-0.000121357,2.55307,2.00786,0.42114562,0.0,-1,942.478,27.078,42.0,1.0,"[-1.0, -1.0, -1.0, -1.0, -1.0, -1.0, -1.0, -1.0, -1.0, -1.0, -1.0, -1.0, -1.0, -1.0, -1.0, -1.0, -1.0, -1.0, -1.0]"
2025-05-07 20:44:21.261288,-0.065029,0.0931426,-0.000206349,2.55309,2.00789,0.42065029000000004,0.0,-1,942.478,27.1,42.0,1.0,"[-1.0, -1.0, -1.0, -1.0, -1.0, -1.0, -1.0, -1.0, -1.0, -1.0, -1.0, -1.0, -1.0, -1.0, -1.0, -1.0, -1.0, -1.0, -1.0]"
2025-05-07 20:44:21.282061,-0.0869788,0.0315224,-0.000216132,2.55307,2.00795,0.42086978799999997,0.0,-1,942.478,27.122,42.0,1.0,"[-1.0, -1.0, -1.0, -1.0, -1.0, -1.0, -1.0, -1.0, -1.0, -1.0, -1.0, -1.0, -1.0, -1.0, -1.0, -1.0, -1.0, -1.0, -1.0]"
2025-05-07 20:44:21.302953,-0.207146,0.00392969,-0.000120315,2.55309,2.00819,0.42207146,0.0,-1,942.478,27.144,42.0,1.0,"[-1.0, -1.0, -1.0, -1.0, -1.0, -1.0, -1.0, -1.0, -1.0, -1.0, -1.0, -1.0, -1.0, -1.0, -1.0, -1.0, -1.0, -1.0, -1.0]"
2025-05-07 20:44:21.324912,-0.0973102,0.0802697,-0.000187212,2.55307,2.00818,0.42097310200000004,0.0,-1,942.478,27.166,42.0,1.0,"[-1.0, -1.0, -1.0, -1.0, -1.0, -1.0, -1.0, -1.0, -1.0, -1.0, -1.0, -1.0, -1.0, -1.0, -1.0, -1.0, -1.0, -1.0, -1.0]"
2025-05-07 20:44:21.348774,-0.0143523,0.0503735,-0.000206757,2.55307,2.00827,0.42014352299999996,0.0,-1,942.478,27.188,42.0,1.0,"[-1.0, -1.0, -1.0, -1.0, -1.0, -1.0, -1.0, -1.0, -1.0, -1.0, -1.0, -1.0, -1.0, -1.0, -1.0, -1.0, -1.0, -1.0, -1.0]"
2025-05-07 20:44:21.369812,-0.158251,0.0195904,-0.000205876,2.55311,2.00845,0.42158251,0.0,-1,942.478,27.21,42.0,1.0,"[-1.0, -1.0, -1.0, -1.0, -1.0, -1.0, -1.0, -1.0, -1.0, -1.0, -1.0, -1.0, -1.0, -1.0, -1.0, -1.0, -1.0, -1.0, -1.0]"
2025-05-07 20:44:21.391936,-0.138037,0.0557262,-0.000197248,2.55307,2.0085,0.42138036999999995,0.0,-1,942.478,27.232,42.0,1.0,"[-1.0, -1.0, -1.0, -1.0, -1.0, -1.0, -1.0, -1.0, -1.0, -1.0, -1.0, -1.0, -1.0, -1.0, -1.0, -1.0, -1.0, -1.0, -1.0]"
2025-05-07 20:44:21.414116,-0.0880457,0.0126603,-0.000163752,2.55307,2.00857,0.42088045700000004,0.0,-1,942.478,27.254,42.0,1.0,"[-1.0, -1.0, -1.0, -1.0, -1.0, -1.0, -1.0, -1.0, -1.0, -1.0, -1.0, -1.0, -1.0, -1.0, -1.0, -1.0, -1.0, -1.0, -1.0]"
2025-05-07 20:44:21.436936,-0.120649,0.0292449,-0.000206752,2.55311,2.0087,0.42120649,0.0,-1,942.478,27.276,42.0,1.0,"[-1.0, -1.0, -1.0, -1.0, -1.0, -1.0, -1.0, -1.0, -1.0, -1.0, -1.0, -1.0, -1.0, -1.0, -1.0, -1.0, -1.0, -1.0, -1.0]"
2025-05-07 20:44:21.456542,-0.12767,0.0422299,-0.00024104,2.55311,2.0088,0.4212767,0.0,-1,942.478,27.298,42.0,1.0,"[-1.0, -1.0, -1.0, -1.0, -1.0, -1.0, -1.0, -1.0, -1.0, -1.0, -1.0, -1.0, -1.0, -1.0, -1.0, -1.0, -1.0, -1.0, -1.0]"
2025-05-07 20:44:21.480906,-0.145844,0.00648376,-0.000131783,2.55311,2.00886,0.42145844,0.0,-1,942.478,27.32,42.0,1.0,"[-1.0, -1.0, -1.0, -1.0, -1.0, -1.0, -1.0, -1.0, -1.0, -1.0, -1.0, -1.0, -1.0, -1.0, -1.0, -1.0, -1.0, -1.0, -1.0]"
2025-05-07 20:44:21.503272,-0.0823818,0.051962,-0.000170327,2.55309,2.00906,0.420823818,0.0,-1,942.478,27.342,42.0,1.0,"[-1.0, -1.0, -1.0, -1.0, -1.0, -1.0, -1.0, -1.0, -1.0, -1.0, -1.0, -1.0, -1.0, -1.0, -1.0, -1.0, -1.0, -1.0, -1.0]"
2025-05-07 20:44:21.523824,-0.0472433,0.0660845,-0.000198008,2.55309,2.00907,0.420472433,0.0,-1,942.478,27.364,42.0,1.0,"[-1.0, -1.0, -1.0, -1.0, -1.0, -1.0, -1.0, -1.0, -1.0, -1.0, -1.0, -1.0, -1.0, -1.0, -1.0, -1.0, -1.0, -1.0, -1.0]"
2025-05-07 20:44:21.548019,-0.165782,-0.00114595,-0.000151579,2.55313,2.00913,0.42165782,0.0,-1,942.478,27.386,42.0,1.0,"[-1.0, -1.0, -1.0, -1.0, -1.0, -1.0, -1.0, -1.0, -1.0, -1.0, -1.0, -1.0, -1.0, -1.0, -1.0, -1.0, -1.0, -1.0, -1.0]"
2025-05-07 20:44:21.568007,-0.127088,0.03225,-0.000185285,2.55309,2.00938,0.42127088,0.0,-1,942.478,27.408,42.0,1.0,"[-1.0, -1.0, -1.0, -1.0, -1.0, -1.0, -1.0, -1.0, -1.0, -1.0, -1.0, -1.0, -1.0, -1.0, -1.0, -1.0, -1.0, -1.0, -1.0]"
2025-05-07 20:44:21.591722,-0.131365,0.0493065,-0.00018262,2.55309,2.00934,0.42131365000000004,0.0,-1,942.478,27.43,42.0,1.0,"[-1.0, -1.0, -1.0, -1.0, -1.0, -1.0, -1.0, -1.0, -1.0, -1.0, -1.0, -1.0, -1.0, -1.0, -1.0, -1.0, -1.0, -1.0, -1.0]"
2025-05-07 20:44:21.612571,-0.0343799,0.0477342,-0.000173567,2.55311,2.00945,0.42034379899999996,0.0,-1,942.478,27.452,42.0,1.0,"[-1.0, -1.0, -1.0, -1.0, -1.0, -1.0, -1.0, -1.0, -1.0, -1.0, -1.0, -1.0, -1.0, -1.0, -1.0, -1.0, -1.0, -1.0, -1.0]"
2025-05-07 20:44:21.633734,-0.0819388,0.0440688,-0.000220717,2.55309,2.00963,0.420819388,0.0,-1,942.478,27.474,42.0,1.0,"[-1.0, -1.0, -1.0, -1.0, -1.0, -1.0, -1.0, -1.0, -1.0, -1.0, -1.0, -1.0, -1.0, -1.0, -1.0, -1.0, -1.0, -1.0, -1.0]"
2025-05-07 20:44:21.655627,-0.213106,0.0275304,-0.000184543,2.55311,2.00962,0.42213106000000006,0.0,-1,942.478,27.496,42.0,1.0,"[-1.0, -1.0, -1.0, -1.0, -1.0, -1.0, -1.0, -1.0, -1.0, -1.0, -1.0, -1.0, -1.0, -1.0, -1.0, -1.0, -1.0, -1.0, -1.0]"
2025-05-07 20:44:21.679368,-0.0817775,0.0319423,-0.000148054,2.55309,2.00981,0.420817775,0.0,-1,942.478,27.518,42.0,1.0,"[-1.0, -1.0, -1.0, -1.0, -1.0, -1.0, -1.0, -1.0, -1.0, -1.0, -1.0, -1.0, -1.0, -1.0, -1.0, -1.0, -1.0, -1.0, -1.0]"
2025-05-07 20:44:21.701087,-0.041408,0.0640686,-0.000206049,2.55309,2.00988,0.42041407999999997,0.0,-1,942.478,27.54,42.0,1.0,"[-1.0, -1.0, -1.0, -1.0, -1.0, -1.0, -1.0, -1.0, -1.0, -1.0, -1.0, -1.0, -1.0, -1.0, -1.0, -1.0, -1.0, -1.0, -1.0]"
2025-05-07 20:44:21.720677,-0.165764,0.0268162,-0.000250797,2.55313,2.00992,0.42165764000000006,0.0,-1,942.478,27.562,42.0,1.0,"[-1.0, -1.0, -1.0, -1.0, -1.0, -1.0, -1.0, -1.0, -1.0, -1.0, -1.0, -1.0, -1.0, -1.0, -1.0, -1.0, -1.0, -1.0, -1.0]"
2025-05-07 20:44:21.742756,-0.120287,0.0187653,-0.000170601,2.55309,2.01012,0.42120286999999995,0.0,-1,942.478,27.584,42.0,1.0,"[-1.0, -1.0, -1.0, -1.0, -1.0, -1.0, -1.0, -1.0, -1.0, -1.0, -1.0, -1.0, -1.0, -1.0, -1.0, -1.0, -1.0, -1.0, -1.0]"
2025-05-07 20:44:21.767851,-0.0948432,0.0532178,-0.000151075,2.55309,2.01023,0.420948432,0.0,-1,942.478,27.606,42.0,1.0,"[-1.0, -1.0, -1.0, -1.0, -1.0, -1.0, -1.0, -1.0, -1.0, -1.0, -1.0, -1.0, -1.0, -1.0, -1.0, -1.0, -1.0, -1.0, -1.0]"
2025-05-07 20:44:21.786537,-0.0144196,0.0819172,-0.000223323,2.55309,2.01027,0.42014419599999997,0.0,-1,942.478,27.628,42.0,1.0,"[-1.0, -1.0, -1.0, -1.0, -1.0, -1.0, -1.0, -1.0, -1.0, -1.0, -1.0, -1.0, -1.0, -1.0, -1.0, -1.0, -1.0, -1.0, -1.0]"
2025-05-07 20:44:21.812419,-0.102711,0.0199321,-0.000177658,2.55313,2.01042,0.42102711,0.0,-1,942.478,27.65,42.0,1.0,"[-1.0, -1.0, -1.0, -1.0, -1.0, -1.0, -1.0, -1.0, -1.0, -1.0, -1.0, -1.0, -1.0, -1.0, -1.0, -1.0, -1.0, -1.0, -1.0]"
2025-05-07 20:44:21.833384,-0.162977,0.0370223,-0.000158149,2.55313,2.01061,0.42162976999999996,0.0,-1,942.478,27.672,42.0,1.0,"[-1.0, -1.0, -1.0, -1.0, -1.0, -1.0, -1.0, -1.0, -1.0, -1.0, -1.0, -1.0, -1.0, -1.0, -1.0, -1.0, -1.0, -1.0, -1.0]"
2025-05-07 20:44:21.853099,-0.0908336,0.0487518,-0.000191644,2.55311,2.01058,0.42090833600000005,0.0,-1,942.478,27.694,42.0,1.0,"[-1.0, -1.0, -1.0, -1.0, -1.0, -1.0, -1.0, -1.0, -1.0, -1.0, -1.0, -1.0, -1.0, -1.0, -1.0, -1.0, -1.0, -1.0, -1.0]"
2025-05-07 20:44:21.877151,-0.0379592,0.0402355,-0.000172779,2.55311,2.01072,0.420379592,0.0,-1,942.478,27.716,42.0,1.0,"[-1.0, -1.0, -1.0, -1.0, -1.0, -1.0, -1.0, -1.0, -1.0, -1.0, -1.0, -1.0, -1.0, -1.0, -1.0, -1.0, -1.0, -1.0, -1.0]"
2025-05-07 20:44:21.899024,-0.167591,0.0495328,-0.000188666,2.55316,2.01088,0.42167591000000004,0.0,-1,942.478,27.738,42.0,1.0,"[-1.0, -1.0, -1.0, -1.0, -1.0, -1.0, -1.0, -1.0, -1.0, -1.0, -1.0, -1.0, -1.0, -1.0, -1.0, -1.0, -1.0, -1.0, -1.0]"
2025-05-07 20:44:21.920638,-0.134058,0.0263222,-0.000188452,2.55313,2.01087,0.42134058,0.0,-1,942.478,27.76,42.0,1.0,"[-1.0, -1.0, -1.0, -1.0, -1.0, -1.0, -1.0, -1.0, -1.0, -1.0, -1.0, -1.0, -1.0, -1.0, -1.0, -1.0, -1.0, -1.0, -1.0]"
2025-05-07 20:44:21.941434,-0.115189,0.0249237,-0.000140362,2.55311,2.0111,0.42115189000000003,0.0,-1,942.478,27.782,42.0,1.0,"[-1.0, -1.0, -1.0, -1.0, -1.0, -1.0, -1.0, -1.0, -1.0, -1.0, -1.0, -1.0, -1.0, -1.0, -1.0, -1.0, -1.0, -1.0, -1.0]"
2025-05-07 20:44:21.964125,-0.0652843,0.0933868,-0.000209637,2.55313,2.01113,0.420652843,0.0,-1,942.478,27.804,42.0,1.0,"[-1.0, -1.0, -1.0, -1.0, -1.0, -1.0, -1.0, -1.0, -1.0, -1.0, -1.0, -1.0, -1.0, -1.0, -1.0, -1.0, -1.0, -1.0, -1.0]"
2025-05-07 20:44:21.987504,-0.0874917,0.0314283,-0.000211808,2.55313,2.01119,0.420874917,0.0,-1,942.478,27.826,42.0,1.0,"[-1.0, -1.0, -1.0, -1.0, -1.0, -1.0, -1.0, -1.0, -1.0, -1.0, -1.0, -1.0, -1.0, -1.0, -1.0, -1.0, -1.0, -1.0, -1.0]"
2025-05-07 20:44:22.006684,-0.200632,0.00665785,-0.000131021,2.55313,2.01143,0.42200632,0.0,-1,942.478,27.848,42.0,1.0,"[-1.0, -1.0, -1.0, -1.0, -1.0, -1.0, -1.0, -1.0, -1.0, -1.0, -1.0, -1.0, -1.0, -1.0, -1.0, -1.0, -1.0, -1.0, -1.0]"
2025-05-07 20:44:22.030432,-0.0967909,0.080399,-0.000194273,2.55311,2.01142,0.42096790900000003,0.0,-1,942.478,27.87,42.0,1.0,"[-1.0, -1.0, -1.0, -1.0, -1.0, -1.0, -1.0, -1.0, -1.0, -1.0, -1.0, -1.0, -1.0, -1.0, -1.0, -1.0, -1.0, -1.0, -1.0]"
2025-05-07 20:44:22.051854,-0.0149157,0.0504233,-0.000195328,2.55311,2.01151,0.42014915700000005,0.0,-1,942.478,27.892,42.0,1.0,"[-1.0, -1.0, -1.0, -1.0, -1.0, -1.0, -1.0, -1.0, -1.0, -1.0, -1.0, -1.0, -1.0, -1.0, -1.0, -1.0, -1.0, -1.0, -1.0]"
2025-05-07 20:44:22.074100,-0.158652,0.0195438,-0.000190426,2.55316,2.01169,0.42158651999999996,0.0,-1,942.478,27.914,42.0,1.0,"[-1.0, -1.0, -1.0, -1.0, -1.0, -1.0, -1.0, -1.0, -1.0, -1.0, -1.0, -1.0, -1.0, -1.0, -1.0, -1.0, -1.0, -1.0, -1.0]"
2025-05-07 20:44:22.095799,-0.164865,0.0430939,-0.000207016,2.55316,2.01174,0.42164865,0.0,-1,942.478,27.936,42.0,1.0,"[-1.0, -1.0, -1.0, -1.0, -1.0, -1.0, -1.0, -1.0, -1.0, -1.0, -1.0, -1.0, -1.0, -1.0, -1.0, -1.0, -1.0, -1.0, -1.0]"
2025-05-07 20:44:22.117514,-0.0853001,0.0130246,-0.00015753,2.55313,2.01182,0.420853001,0.0,-1,942.478,27.958,42.0,1.0,"[-1.0, -1.0, -1.0, -1.0, -1.0, -1.0, -1.0, -1.0, -1.0, -1.0, -1.0, -1.0, -1.0, -1.0, -1.0, -1.0, -1.0, -1.0, -1.0]"
2025-05-07 20:44:22.141861,-0.0531246,0.0607348,-0.000206516,2.55316,2.01194,0.42053124599999997,0.0,-1,942.478,27.98,42.0,1.0,"[-1.0, -1.0, -1.0, -1.0, -1.0, -1.0, -1.0, -1.0, -1.0, -1.0, -1.0, -1.0, -1.0, -1.0, -1.0, -1.0, -1.0, -1.0, -1.0]"
2025-05-07 20:44:22.162875,-0.0922936,0.0576646,-0.00023807,2.55313,2.01202,0.42092293599999997,0.0,-1,942.478,28.002,42.0,1.0,"[-1.0, -1.0, -1.0, -1.0, -1.0, -1.0, -1.0, -1.0, -1.0, -1.0, -1.0, -1.0, -1.0, -1.0, -1.0, -1.0, -1.0, -1.0, -1.0]"
2025-05-07 20:44:22.182646,-0.143806,0.00652021,-0.000140433,2.55316,2.01208,0.42143806,0.0,-1,942.478,28.024,42.0,1.0,"[-1.0, -1.0, -1.0, -1.0, -1.0, -1.0, -1.0, -1.0, -1.0, -1.0, -1.0, -1.0, -1.0, -1.0, -1.0, -1.0, -1.0, -1.0, -1.0]"
2025-05-07 20:44:22.205961,-0.0822112,0.052247,-0.000201703,2.55313,2.01228,0.420822112,0.0,-1,942.478,28.046,42.0,1.0,"[-1.0, -1.0, -1.0, -1.0, -1.0, -1.0, -1.0, -1.0, -1.0, -1.0, -1.0, -1.0, -1.0, -1.0, -1.0, -1.0, -1.0, -1.0, -1.0]"
2025-05-07 20:44:22.229217,-0.0471958,0.0659796,-0.000185912,2.55313,2.01228,0.7,0.0,-1,942.478,28.068,42.0,-1.0,"[-1.0, -1.0, -1.0, -1.0, -1.0, -1.0, -1.0, -1.0, -1.0, -1.0, -1.0, -1.0, -1.0, -1.0, -1.0, -1.0, -1.0, -1.0, -1.0]"
2025-05-07 20:44:22.249732,-0.137581,0.0120087,-0.000162594,2.55318,2.01235,0.7,0.0,-1,942.478,28.09,42.0,-1.0,"[-1.0, -1.0, -1.0, -1.0, -1.0, -1.0, -1.0, -1.0, -1.0, -1.0, -1.0, -1.0, -1.0, -1.0, -1.0, -1.0, -1.0, -1.0, -1.0]"
2025-05-07 20:44:22.273226,-0.125533,0.0332432,-0.000199272,2.55313,2.0126,0.7,0.0,-1,942.478,28.112,42.0,-1.0,"[-1.0, -1.0, -1.0, -1.0, -1.0, -1.0, -1.0, -1.0, -1.0, -1.0, -1.0, -1.0, -1.0, -1.0, -1.0, -1.0, -1.0, -1.0, -1.0]"
2025-05-07 20:44:22.295531,-0.130908,0.0495677,-0.000176718,2.55313,2.01255,0.7,0.0,-1,942.478,28.134,42.0,-1.0,"[-1.0, -1.0, -1.0, -1.0, -1.0, -1.0, -1.0, -1.0, -1.0, -1.0, -1.0, -1.0, -1.0, -1.0, -1.0, -1.0, -1.0, -1.0, -1.0]"
2025-05-07 20:44:22.317026,-0.0346634,0.0477516,-0.000175073,2.55316,2.01267,0.7,0.0,-1,942.478,28.156,42.0,-1.0,"[-1.0, -1.0, -1.0, -1.0, -1.0, -1.0, -1.0, -1.0, -1.0, -1.0, -1.0, -1.0, -1.0, -1.0, -1.0, -1.0, -1.0, -1.0, -1.0]"
2025-05-07 20:44:22.337522,-0.0819748,0.0442905,-0.000225768,2.55313,2.01285,0.7,0.0,-1,942.478,28.178,42.0,-1.0,"[-1.0, -1.0, -1.0, -1.0, -1.0, -1.0, -1.0, -1.0, -1.0, -1.0, -1.0, -1.0, -1.0, -1.0, -1.0, -1.0, -1.0, -1.0, -1.0]"
2025-05-07 20:44:22.359950,-0.213222,0.0276797,-0.000187308,2.55316,2.01284,0.7,0.0,-1,942.478,28.2,42.0,-1.0,"[-1.0, -1.0, -1.0, -1.0, -1.0, -1.0, -1.0, -1.0, -1.0, -1.0, -1.0, -1.0, -1.0, -1.0, -1.0, -1.0, -1.0, -1.0, -1.0]"
2025-05-07 20:44:22.381534,-0.0751542,0.0341954,-0.000170713,2.55313,2.01302,0.7,0.0,-1,942.478,28.222,42.0,-1.0,"[-1.0, -1.0, -1.0, -1.0, -1.0, -1.0, -1.0, -1.0, -1.0, -1.0, -1.0, -1.0, -1.0, -1.0, -1.0, -1.0, -1.0, -1.0, -1.0]"
2025-05-07 20:44:22.403729,-0.02811,0.0723677,-0.000202608,2.55316,2.0131,0.7,0.0,-1,942.478,28.244,42.0,-1.0,"[-1.0, -1.0, -1.0, -1.0, -1.0, -1.0, -1.0, -1.0, -1.0, -1.0, -1.0, -1.0, -1.0, -1.0, -1.0, -1.0, -1.0, -1.0, -1.0]"
2025-05-07 20:44:22.424949,-0.163051,0.0290475,-0.000243838,2.5532,2.01314,0.7,0.0,-1,942.478,28.266,42.0,-1.0,"[-1.0, -1.0, -1.0, -1.0, -1.0, -1.0, -1.0, -1.0, -1.0, -1.0, -1.0, -1.0, -1.0, -1.0, -1.0, -1.0, -1.0, -1.0, -1.0]"
2025-05-07 20:44:22.447934,-0.12805,0.017755,-0.000162156,2.55316,2.01334,0.7,0.0,-1,942.478,28.288,42.0,-1.0,"[-1.0, -1.0, -1.0, -1.0, -1.0, -1.0, -1.0, -1.0, -1.0, -1.0, -1.0, -1.0, -1.0, -1.0, -1.0, -1.0, -1.0, -1.0, -1.0]"
2025-05-07 20:44:22.468671,-0.0861623,0.0554624,-0.000164353,2.55316,2.01345,0.7,0.0,-1,942.478,28.31,42.0,-1.0,"[-1.0, -1.0, -1.0, -1.0, -1.0, -1.0, -1.0, -1.0, -1.0, -1.0, -1.0, -1.0, -1.0, -1.0, -1.0, -1.0, -1.0, -1.0, -1.0]"
2025-05-07 20:44:22.492479,-0.0579731,0.0616191,-0.000222604,2.55318,2.01347,0.7,0.0,-1,942.478,28.332,42.0,-1.0,"[-1.0, -1.0, -1.0, -1.0, -1.0, -1.0, -1.0, -1.0, -1.0, -1.0, -1.0, -1.0, -1.0, -1.0, -1.0, -1.0, -1.0, -1.0, -1.0]"
2025-05-07 20:44:22.512471,-0.0773809,0.0307547,-0.000164825,2.55316,2.01361,0.7,0.0,-1,942.478,28.354,42.0,-1.0,"[-1.0, -1.0, -1.0, -1.0, -1.0, -1.0, -1.0, -1.0, -1.0, -1.0, -1.0, -1.0, -1.0, -1.0, -1.0, -1.0, -1.0, -1.0, -1.0]"
2025-05-07 20:44:22.535743,-0.167156,0.0361056,-0.000151688,2.55318,2.0138,0.7,0.0,-1,942.478,28.376,42.0,-1.0,"[-1.0, -1.0, -1.0, -1.0, -1.0, -1.0, -1.0, -1.0, -1.0, -1.0, -1.0, -1.0, -1.0, -1.0, -1.0, -1.0, -1.0, -1.0, -1.0]"
2025-05-07 20:44:22.557887,-0.0917386,0.0485954,-0.0001913,2.55316,2.01378,0.7,0.0,-1,942.478,28.398,42.0,-1.0,"[-1.0, -1.0, -1.0, -1.0, -1.0, -1.0, -1.0, -1.0, -1.0, -1.0, -1.0, -1.0, -1.0, -1.0, -1.0, -1.0, -1.0, -1.0, -1.0]"
2025-05-07 20:44:22.578818,-0.0318262,0.0428627,-0.000185041,2.55316,2.01393,0.7,0.0,-1,942.478,28.42,42.0,-1.0,"[-1.0, -1.0, -1.0, -1.0, -1.0, -1.0, -1.0, -1.0, -1.0, -1.0, -1.0, -1.0, -1.0, -1.0, -1.0, -1.0, -1.0, -1.0, -1.0]"
2025-05-07 20:44:22.600722,-0.16561,0.0500269,-0.00017642,2.5532,2.01408,0.7,0.0,-1,942.478,28.442,42.0,-1.0,"[-1.0, -1.0, -1.0, -1.0, -1.0, -1.0, -1.0, -1.0, -1.0, -1.0, -1.0, -1.0, -1.0, -1.0, -1.0, -1.0, -1.0, -1.0, -1.0]"
2025-05-07 20:44:22.622694,-0.134455,0.0265207,-0.000200587,2.55318,2.01408,0.7,0.0,-1,942.478,28.464,42.0,-1.0,"[-1.0, -1.0, -1.0, -1.0, -1.0, -1.0, -1.0, -1.0, -1.0, -1.0, -1.0, -1.0, -1.0, -1.0, -1.0, -1.0, -1.0, -1.0, -1.0]"
2025-05-07 20:44:22.644502,-0.115545,0.0248046,-0.000137505,2.55316,2.0143,0.7,0.0,-1,942.478,28.486,42.0,-1.0,"[-1.0, -1.0, -1.0, -1.0, -1.0, -1.0, -1.0, -1.0, -1.0, -1.0, -1.0, -1.0, -1.0, -1.0, -1.0, -1.0, -1.0, -1.0, -1.0]"
2025-05-07 20:44:22.669343,-0.123984,0.0658274,-0.000204169,2.5532,2.01433,0.7,0.0,-1,942.478,28.508,42.0,-1.0,"[-1.0, -1.0, -1.0, -1.0, -1.0, -1.0, -1.0, -1.0, -1.0, -1.0, -1.0, -1.0, -1.0, -1.0, -1.0, -1.0, -1.0, -1.0, -1.0]"
2025-05-07 20:44:22.689445,-0.169495,0.0180319,-0.000257448,2.5532,2.01427,0.7,0.0,-1,942.478,28.53,42.0,-1.0,"[-1.0, -1.0, -1.0, -1.0, -1.0, -1.0, -1.0, -1.0, -1.0, -1.0, -1.0, -1.0, -1.0, -1.0, -1.0, -1.0, -1.0, -1.0, -1.0]"
2025-05-07 20:44:22.713281,-0.210643,0.0421956,-0.000439626,2.5532,2.01435,0.7,0.0,-1,942.478,28.552,42.0,-1.0,"[-1.0, -1.0, -1.0, -1.0, -1.0, -1.0, -1.0, -1.0, -1.0, -1.0, -1.0, -1.0, -1.0, -1.0, -1.0, -1.0, -1.0, -1.0, -1.0]"
2025-05-07 20:44:22.734436,-0.0976991,0.0589074,-0.000734048,2.55316,2.0143,0.7,0.0,-1,942.478,28.574,42.0,-1.0,"[-1.0, -1.0, -1.0, -1.0, -1.0, -1.0, -1.0, -1.0, -1.0, -1.0, -1.0, -1.0, -1.0, -1.0, -1.0, -1.0, -1.0, -1.0, -1.0]"
2025-05-07 20:44:22.754869,-0.0294384,0.0698084,-0.000997607,2.55316,2.01414,0.7,0.0,-1,942.478,28.596,42.0,-1.0,"[-1.0, -1.0, -1.0, -1.0, -1.0, -1.0, -1.0, -1.0, -1.0, -1.0, -1.0, -1.0, -1.0, -1.0, -1.0, -1.0, -1.0, -1.0, -1.0]"
2025-05-07 20:44:22.776521,-0.148563,0.0643931,-0.00109405,2.55316,2.01398,0.7,0.0,-1,942.478,28.618,42.0,-1.0,"[-1.0, -1.0, -1.0, -1.0, -1.0, -1.0, -1.0, -1.0, -1.0, -1.0, -1.0, -1.0, -1.0, -1.0, -1.0, -1.0, -1.0, -1.0, -1.0]"
2025-05-07 20:44:22.800026,-0.230789,0.0834608,-0.00102987,2.55318,2.01376,0.7,0.0,-1,942.478,28.64,42.0,-1.0,"[-1.0, -1.0, -1.0, -1.0, -1.0, -1.0, -1.0, -1.0, -1.0, -1.0, -1.0, -1.0, -1.0, -1.0, -1.0, -1.0, -1.0, -1.0, -1.0]"
2025-05-07 20:44:22.821589,-0.147052,0.096019,-0.00100086,2.55318,2.01365,0.7,0.0,-1,942.478,28.662,42.0,-1.0,"[-1.0, -1.0, -1.0, -1.0, -1.0, -1.0, -1.0, -1.0, -1.0, -1.0, -1.0, -1.0, -1.0, -1.0, -1.0, -1.0, -1.0, -1.0, -1.0]"
2025-05-07 20:44:22.843504,-0.0800431,0.0745933,-0.000851898,2.55318,2.01341,0.7,0.0,-1,942.478,28.684,42.0,-1.0,"[-1.0, -1.0, -1.0, -1.0, -1.0, -1.0, -1.0, -1.0, -1.0, -1.0, -1.0, -1.0, -1.0, -1.0, -1.0, -1.0, -1.0, -1.0, -1.0]"
2025-05-07 20:44:22.864886,-0.113926,0.0929661,-0.000607495,2.55316,2.01321,0.7,0.0,-1,942.478,28.706,42.0,-1.0,"[-1.0, -1.0, -1.0, -1.0, -1.0, -1.0, -1.0, -1.0, -1.0, -1.0, -1.0, -1.0, -1.0, -1.0, -1.0, -1.0, -1.0, -1.0, -1.0]"
2025-05-07 20:44:22.888775,-0.202559,0.0859288,-0.000399987,2.55316,2.01294,0.7,0.0,-1,942.478,28.728,42.0,-1.0,"[-1.0, -1.0, -1.0, -1.0, -1.0, -1.0, -1.0, -1.0, -1.0, -1.0, -1.0, -1.0, -1.0, -1.0, -1.0, -1.0, -1.0, -1.0, -1.0]"
2025-05-07 20:44:22.910463,-0.196003,0.0826326,-0.000168758,2.55316,2.01276,0.7,0.0,-1,942.478,28.75,42.0,-1.0,"[-1.0, -1.0, -1.0, -1.0, -1.0, -1.0, -1.0, -1.0, -1.0, -1.0, -1.0, -1.0, -1.0, -1.0, -1.0, -1.0, -1.0, -1.0, -1.0]"
2025-05-07 20:44:22.930717,-0.0850408,0.0830971,-0.000152645,2.55316,2.01254,0.7,0.0,-1,942.478,28.772,42.0,-1.0,"[-1.0, -1.0, -1.0, -1.0, -1.0, -1.0, -1.0, -1.0, -1.0, -1.0, -1.0, -1.0, -1.0, -1.0, -1.0, -1.0, -1.0, -1.0, -1.0]"
2025-05-07 20:44:22.954571,-0.11953,0.10144,-0.000108228,2.55316,2.01234,0.7,0.0,-1,942.478,28.794,42.0,-1.0,"[-1.0, -1.0, -1.0, -1.0, -1.0, -1.0, -1.0, -1.0, -1.0, -1.0, -1.0, -1.0, -1.0, -1.0, -1.0, -1.0, -1.0, -1.0, -1.0]"
2025-05-07 20:44:22.974832,-0.162596,0.107698,-3.01863e-05,2.55313,2.01214,0.7,0.0,-1,942.478,28.816,42.0,-1.0,"[-1.0, -1.0, -1.0, -1.0, -1.0, -1.0, -1.0, -1.0, -1.0, -1.0, -1.0, -1.0, -1.0, -1.0, -1.0, -1.0, -1.0, -1.0, -1.0]"
2025-05-07 20:44:22.997357,-0.132275,0.0944188,4.33804e-05,2.55313,2.01187,0.7,0.0,-1,942.478,28.838,42.0,-1.0,"[-1.0, -1.0, -1.0, -1.0, -1.0, -1.0, -1.0, -1.0, -1.0, -1.0, -1.0, -1.0, -1.0, -1.0, -1.0, -1.0, -1.0, -1.0, -1.0]"
2025-05-07 20:44:23.020340,-0.157481,0.0609868,5.02645e-05,2.55318,2.01165,0.7,0.0,-1,942.478,28.86,42.0,-1.0,"[-1.0, -1.0, -1.0, -1.0, -1.0, -1.0, -1.0, -1.0, -1.0, -1.0, -1.0, -1.0, -1.0, -1.0, -1.0, -1.0, -1.0, -1.0, -1.0]"
2025-05-07 20:44:23.043528,-0.182341,0.0739972,7.94594e-05,2.55316,2.01141,0.7,0.0,-1,942.478,28.882,42.0,-1.0,"[-1.0, -1.0, -1.0, -1.0, -1.0, -1.0, -1.0, -1.0, -1.0, -1.0, -1.0, -1.0, -1.0, -1.0, -1.0, -1.0, -1.0, -1.0, -1.0]"
2025-05-07 20:44:23.064739,-0.15613,0.126483,8.68105e-05,2.55311,2.01129,0.7,0.0,-1,942.478,28.904,42.0,-1.0,"[-1.0, -1.0, -1.0, -1.0, -1.0, -1.0, -1.0, -1.0, -1.0, -1.0, -1.0, -1.0, -1.0, -1.0, -1.0, -1.0, -1.0, -1.0, -1.0]"
2025-05-07 20:44:23.085558,-0.114125,0.0866528,9.24912e-05,2.55311,2.01103,0.7,0.0,-1,942.478,28.926,42.0,-1.0,"[-1.0, -1.0, -1.0, -1.0, -1.0, -1.0, -1.0, -1.0, -1.0, -1.0, -1.0, -1.0, -1.0, -1.0, -1.0, -1.0, -1.0, -1.0, -1.0]"
2025-05-07 20:44:23.109843,-0.111514,0.0696506,4.27663e-05,2.55311,2.01077,0.7,0.0,-1,942.478,28.948,42.0,-1.0,"[-1.0, -1.0, -1.0, -1.0, -1.0, -1.0, -1.0, -1.0, -1.0, -1.0, -1.0, -1.0, -1.0, -1.0, -1.0, -1.0, -1.0, -1.0, -1.0]"
2025-05-07 20:44:23.129437,-0.201969,0.0643167,2.50191e-06,2.55316,2.0105,0.7,0.0,-1,942.478,28.97,42.0,-1.0,"[-1.0, -1.0, -1.0, -1.0, -1.0, -1.0, -1.0, -1.0, -1.0, -1.0, -1.0, -1.0, -1.0, -1.0, -1.0, -1.0, -1.0, -1.0, -1.0]"
2025-05-07 20:44:23.154206,-0.243154,0.0925977,-5.23801e-05,2.55316,2.01035,0.7,0.0,-1,942.478,28.992,42.0,-1.0,"[-1.0, -1.0, -1.0, -1.0, -1.0, -1.0, -1.0, -1.0, -1.0, -1.0, -1.0, -1.0, -1.0, -1.0, -1.0, -1.0, -1.0, -1.0, -1.0]"
2025-05-07 20:44:23.175831,-0.114517,0.104483,-0.000140912,2.55309,2.01018,0.7,0.0,-1,942.478,29.014,42.0,-1.0,"[-1.0, -1.0, -1.0, -1.0, -1.0, -1.0, -1.0, -1.0, -1.0, -1.0, -1.0, -1.0, -1.0, -1.0, -1.0, -1.0, -1.0, -1.0, -1.0]"
2025-05-07 20:44:23.197374,-0.0460062,0.0876134,-0.000234529,2.55309,2.0099,0.7,0.0,-1,942.478,29.036,42.0,-1.0,"[-1.0, -1.0, -1.0, -1.0, -1.0, -1.0, -1.0, -1.0, -1.0, -1.0, -1.0, -1.0, -1.0, -1.0, -1.0, -1.0, -1.0, -1.0, -1.0]"
2025-05-07 20:44:23.220328,-0.160438,0.0802281,-0.000240876,2.55311,2.00966,0.7,0.0,-1,942.478,29.058,42.0,-1.0,"[-1.0, -1.0, -1.0, -1.0, -1.0, -1.0, -1.0, -1.0, -1.0, -1.0, -1.0, -1.0, -1.0, -1.0, -1.0, -1.0, -1.0, -1.0, -1.0]"
2025-05-07 20:44:23.243335,-0.220604,0.100309,-0.000180942,2.55311,2.00941,0.7,0.0,-1,942.478,29.08,42.0,-1.0,"[-1.0, -1.0, -1.0, -1.0, -1.0, -1.0, -1.0, -1.0, -1.0, -1.0, -1.0, -1.0, -1.0, -1.0, -1.0, -1.0, -1.0, -1.0, -1.0]"
2025-05-07 20:44:23.262027,-0.148221,0.100424,-0.000187799,2.55311,2.00928,0.7,0.0,-1,942.478,29.102,42.0,-1.0,"[-1.0, -1.0, -1.0, -1.0, -1.0, -1.0, -1.0, -1.0, -1.0, -1.0, -1.0, -1.0, -1.0, -1.0, -1.0, -1.0, -1.0, -1.0, -1.0]"
2025-05-07 20:44:23.284086,-0.0805216,0.0771935,-0.00022117,2.55311,2.00903,0.7,0.0,-1,942.478,29.124,42.0,-1.0,"[-1.0, -1.0, -1.0, -1.0, -1.0, -1.0, -1.0, -1.0, -1.0, -1.0, -1.0, -1.0, -1.0, -1.0, -1.0, -1.0, -1.0, -1.0, -1.0]"
2025-05-07 20:44:23.304562,-0.113724,0.0953707,-0.000235204,2.55309,2.00881,0.7,0.0,-1,942.478,29.146,42.0,-1.0,"[-1.0, -1.0, -1.0, -1.0, -1.0, -1.0, -1.0, -1.0, -1.0, -1.0, -1.0, -1.0, -1.0, -1.0, -1.0, -1.0, -1.0, -1.0, -1.0]"
2025-05-07 20:44:23.327259,-0.20215,0.0871782,-0.000177199,2.55309,2.00854,0.7,0.0,-1,942.478,29.168,42.0,-1.0,"[-1.0, -1.0, -1.0, -1.0, -1.0, -1.0, -1.0, -1.0, -1.0, -1.0, -1.0, -1.0, -1.0, -1.0, -1.0, -1.0, -1.0, -1.0, -1.0]"
2025-05-07 20:44:23.350974,-0.195267,0.0840578,-0.000172879,2.55309,2.00835,0.7,0.0,-1,942.478,29.19,42.0,-1.0,"[-1.0, -1.0, -1.0, -1.0, -1.0, -1.0, -1.0, -1.0, -1.0, -1.0, -1.0, -1.0, -1.0, -1.0, -1.0, -1.0, -1.0, -1.0, -1.0]"
2025-05-07 20:44:23.372489,-0.0846056,0.0833779,-0.00020407,2.55309,2.00813,0.7,0.0,-1,942.478,29.212,42.0,-1.0,"[-1.0, -1.0, -1.0, -1.0, -1.0, -1.0, -1.0, -1.0, -1.0, -1.0, -1.0, -1.0, -1.0, -1.0, -1.0, -1.0, -1.0, -1.0, -1.0]"
2025-05-07 20:44:23.392769,-0.118376,0.101316,-0.000227281,2.55309,2.00793,0.7,0.0,-1,942.478,29.234,42.0,-1.0,"[-1.0, -1.0, -1.0, -1.0, -1.0, -1.0, -1.0, -1.0, -1.0, -1.0, -1.0, -1.0, -1.0, -1.0, -1.0, -1.0, -1.0, -1.0, -1.0]"
2025-05-07 20:44:23.415772,-0.161404,0.107412,-0.000188565,2.55307,2.00773,0.7,0.0,-1,942.478,29.256,42.0,-1.0,"[-1.0, -1.0, -1.0, -1.0, -1.0, -1.0, -1.0, -1.0, -1.0, -1.0, -1.0, -1.0, -1.0, -1.0, -1.0, -1.0, -1.0, -1.0, -1.0]"
2025-05-07 20:44:23.439693,-0.131081,0.0935756,-0.00017399,2.55307,2.00746,0.7,0.0,-1,942.478,29.278,42.0,-1.0,"[-1.0, -1.0, -1.0, -1.0, -1.0, -1.0, -1.0, -1.0, -1.0, -1.0, -1.0, -1.0, -1.0, -1.0, -1.0, -1.0, -1.0, -1.0, -1.0]"
2025-05-07 20:44:23.461779,-0.155911,0.0605364,-0.000208854,2.55311,2.00724,0.7,0.0,-1,942.478,29.3,42.0,-1.0,"[-1.0, -1.0, -1.0, -1.0, -1.0, -1.0, -1.0, -1.0, -1.0, -1.0, -1.0, -1.0, -1.0, -1.0, -1.0, -1.0, -1.0, -1.0, -1.0]"
2025-05-07 20:44:23.483104,-0.18112,0.0670438,-0.000220345,2.55309,2.007,0.7,0.0,-1,942.478,29.322,42.0,-1.0,"[-1.0, -1.0, -1.0, -1.0, -1.0, -1.0, -1.0, -1.0, -1.0, -1.0, -1.0, -1.0, -1.0, -1.0, -1.0, -1.0, -1.0, -1.0, -1.0]"
2025-05-07 20:44:23.503681,-0.153181,0.123654,-0.000205442,2.55305,2.00687,0.7,0.0,-1,942.478,29.344,42.0,-1.0,"[-1.0, -1.0, -1.0, -1.0, -1.0, -1.0, -1.0, -1.0, -1.0, -1.0, -1.0, -1.0, -1.0, -1.0, -1.0, -1.0, -1.0, -1.0, -1.0]"
2025-05-07 20:44:23.527031,-0.112007,0.0848679,-0.000185364,2.55305,2.00661,0.7,0.0,-1,942.478,29.366,42.0,-1.0,"[-1.0, -1.0, -1.0, -1.0, -1.0, -1.0, -1.0, -1.0, -1.0, -1.0, -1.0, -1.0, -1.0, -1.0, -1.0, -1.0, -1.0, -1.0, -1.0]"
2025-05-07 20:44:23.547728,-0.109328,0.0685103,-0.000192,2.55305,2.00636,0.7,0.0,-1,942.478,29.388,42.0,-1.0,"[-1.0, -1.0, -1.0, -1.0, -1.0, -1.0, -1.0, -1.0, -1.0, -1.0, -1.0, -1.0, -1.0, -1.0, -1.0, -1.0, -1.0, -1.0, -1.0]"
2025-05-07 20:44:23.569374,-0.200221,0.0632685,-0.000201733,2.55309,2.00609,0.7,0.0,-1,942.478,29.41,42.0,-1.0,"[-1.0, -1.0, -1.0, -1.0, -1.0, -1.0, -1.0, -1.0, -1.0, -1.0, -1.0, -1.0, -1.0, -1.0, -1.0, -1.0, -1.0, -1.0, -1.0]"
2025-05-07 20:44:23.591011,-0.24122,0.091926,-0.000186409,2.55309,2.00595,0.7,0.0,-1,942.478,29.432,42.0,-1.0,"[-1.0, -1.0, -1.0, -1.0, -1.0, -1.0, -1.0, -1.0, -1.0, -1.0, -1.0, -1.0, -1.0, -1.0, -1.0, -1.0, -1.0, -1.0, -1.0]"
2025-05-07 20:44:23.614591,-0.11304,0.103353,-0.000191094,2.55305,2.00577,0.7,0.0,-1,942.478,29.454,42.0,-1.0,"[-1.0, -1.0, -1.0, -1.0, -1.0, -1.0, -1.0, -1.0, -1.0, -1.0, -1.0, -1.0, -1.0, -1.0, -1.0, -1.0, -1.0, -1.0, -1.0]"
2025-05-07 20:44:23.635840,-0.0445715,0.0862898,-0.000208212,2.55305,2.0055,0.7,0.0,-1,942.478,29.476,42.0,-1.0,"[-1.0, -1.0, -1.0, -1.0, -1.0, -1.0, -1.0, -1.0, -1.0, -1.0, -1.0, -1.0, -1.0, -1.0, -1.0, -1.0, -1.0, -1.0, -1.0]"
2025-05-07 20:44:23.661360,-0.158284,0.0791527,-0.000206365,2.55305,2.00525,0.7,0.0,-1,942.478,29.498,42.0,-1.0,"[-1.0, -1.0, -1.0, -1.0, -1.0, -1.0, -1.0, -1.0, -1.0, -1.0, -1.0, -1.0, -1.0, -1.0, -1.0, -1.0, -1.0, -1.0, -1.0]"
2025-05-07 20:44:23.680046,-0.218895,0.0989829,-0.000173956,2.55305,2.00501,0.7,0.0,-1,942.478,29.52,42.0,-1.0,"[-1.0, -1.0, -1.0, -1.0, -1.0, -1.0, -1.0, -1.0, -1.0, -1.0, -1.0, -1.0, -1.0, -1.0, -1.0, -1.0, -1.0, -1.0, -1.0]"
2025-05-07 20:44:23.703006,-0.14675,0.099145,-0.000205895,2.55305,2.00488,0.7,0.0,-1,942.478,29.542,42.0,-1.0,"[-1.0, -1.0, -1.0, -1.0, -1.0, -1.0, -1.0, -1.0, -1.0, -1.0, -1.0, -1.0, -1.0, -1.0, -1.0, -1.0, -1.0, -1.0, -1.0]"
2025-05-07 20:44:23.728294,-0.0791068,0.0759486,-0.000201066,2.55305,2.00463,0.7,0.0,-1,942.478,29.564,42.0,-1.0,"[-1.0, -1.0, -1.0, -1.0, -1.0, -1.0, -1.0, -1.0, -1.0, -1.0, -1.0, -1.0, -1.0, -1.0, -1.0, -1.0, -1.0, -1.0, -1.0]"
2025-05-07 20:44:23.746037,-0.111892,0.094253,-0.000229636,2.55302,2.00441,0.7,0.0,-1,942.478,29.586,42.0,-1.0,"[-1.0, -1.0, -1.0, -1.0, -1.0, -1.0, -1.0, -1.0, -1.0, -1.0, -1.0, -1.0, -1.0, -1.0, -1.0, -1.0, -1.0, -1.0, -1.0]"
2025-05-07 20:44:23.769533,-0.200556,0.0860044,-0.000180106,2.55305,2.00415,0.7,0.0,-1,942.478,29.608,42.0,-1.0,"[-1.0, -1.0, -1.0, -1.0, -1.0, -1.0, -1.0, -1.0, -1.0, -1.0, -1.0, -1.0, -1.0, -1.0, -1.0, -1.0, -1.0, -1.0, -1.0]"
2025-05-07 20:44:23.792944,-0.193454,0.0831261,-0.000179305,2.55305,2.00396,0.7,0.0,-1,942.478,29.63,42.0,-1.0,"[-1.0, -1.0, -1.0, -1.0, -1.0, -1.0, -1.0, -1.0, -1.0, -1.0, -1.0, -1.0, -1.0, -1.0, -1.0, -1.0, -1.0, -1.0, -1.0]"
2025-05-07 20:44:23.812384,-0.0834739,0.0818035,-0.000218415,2.55302,2.00373,0.7,0.0,-1,942.478,29.652,42.0,-1.0,"[-1.0, -1.0, -1.0, -1.0, -1.0, -1.0, -1.0, -1.0, -1.0, -1.0, -1.0, -1.0, -1.0, -1.0, -1.0, -1.0, -1.0, -1.0, -1.0]"
2025-05-07 20:44:23.833470,-0.116592,0.10008,-0.000212692,2.55302,2.00353,0.7,0.0,-1,942.478,29.674,42.0,-1.0,"[-1.0, -1.0, -1.0, -1.0, -1.0, -1.0, -1.0, -1.0, -1.0, -1.0, -1.0, -1.0, -1.0, -1.0, -1.0, -1.0, -1.0, -1.0, -1.0]"
2025-05-07 20:44:23.857122,-0.159751,0.106278,-0.000187375,2.553,2.00334,0.7,0.0,-1,942.478,29.696,42.0,-1.0,"[-1.0, -1.0, -1.0, -1.0, -1.0, -1.0, -1.0, -1.0, -1.0, -1.0, -1.0, -1.0, -1.0, -1.0, -1.0, -1.0, -1.0, -1.0, -1.0]"
2025-05-07 20:44:23.877087,-0.129629,0.0921933,-0.000175695,2.553,2.00307,0.7,0.0,-1,942.478,29.718,42.0,-1.0,"[-1.0, -1.0, -1.0, -1.0, -1.0, -1.0, -1.0, -1.0, -1.0, -1.0, -1.0, -1.0, -1.0, -1.0, -1.0, -1.0, -1.0, -1.0, -1.0]"
2025-05-07 20:44:23.900946,-0.154287,0.0595992,-0.000209791,2.55305,2.00285,0.7,0.0,-1,942.478,29.74,42.0,-1.0,"[-1.0, -1.0, -1.0, -1.0, -1.0, -1.0, -1.0, -1.0, -1.0, -1.0, -1.0, -1.0, -1.0, -1.0, -1.0, -1.0, -1.0, -1.0, -1.0]"
2025-05-07 20:44:23.922688,-0.179425,0.0723173,-0.000222904,2.55305,2.00261,0.7,0.0,-1,942.478,29.762,42.0,-1.0,"[-1.0, -1.0, -1.0, -1.0, -1.0, -1.0, -1.0, -1.0, -1.0, -1.0, -1.0, -1.0, -1.0, -1.0, -1.0, -1.0, -1.0, -1.0, -1.0]"
2025-05-07 20:44:23.945832,-0.152617,0.124359,-0.000205256,2.553,2.00249,0.7,0.0,-1,942.478,29.784,42.0,-1.0,"[-1.0, -1.0, -1.0, -1.0, -1.0, -1.0, -1.0, -1.0, -1.0, -1.0, -1.0, -1.0, -1.0, -1.0, -1.0, -1.0, -1.0, -1.0, -1.0]"
2025-05-07 20:44:23.967848,-0.111102,0.0841366,-0.000181173,2.553,2.00223,0.7,0.0,-1,942.478,29.806,42.0,-1.0,"[-1.0, -1.0, -1.0, -1.0, -1.0, -1.0, -1.0, -1.0, -1.0, -1.0, -1.0, -1.0, -1.0, -1.0, -1.0, -1.0, -1.0, -1.0, -1.0]"
2025-05-07 20:44:23.986739,-0.107796,0.067683,-0.000199107,2.553,2.00198,0.7,0.0,-1,942.478,29.828,42.0,-1.0,"[-1.0, -1.0, -1.0, -1.0, -1.0, -1.0, -1.0, -1.0, -1.0, -1.0, -1.0, -1.0, -1.0, -1.0, -1.0, -1.0, -1.0, -1.0, -1.0]"
2025-05-07 20:44:24.008838,-0.198203,0.0567466,-0.000200355,2.55302,2.00171,0.7,0.0,-1,942.478,29.85,42.0,-1.0,"[-1.0, -1.0, -1.0, -1.0, -1.0, -1.0, -1.0, -1.0, -1.0, -1.0, -1.0, -1.0, -1.0, -1.0, -1.0, -1.0, -1.0, -1.0, -1.0]"
2025-05-07 20:44:24.033162,-0.194607,0.109463,-0.000193422,2.553,2.00156,0.7,0.0,-1,942.478,29.872,42.0,-1.0,"[-1.0, -1.0, -1.0, -1.0, -1.0, -1.0, -1.0, -1.0, -1.0, -1.0, -1.0, -1.0, -1.0, -1.0, -1.0, -1.0, -1.0, -1.0, -1.0]"
2025-05-07 20:44:24.052500,-0.111479,0.102025,-0.000197415,2.55298,2.00138,0.7,0.0,-1,942.478,29.894,42.0,-1.0,"[-1.0, -1.0, -1.0, -1.0, -1.0, -1.0, -1.0, -1.0, -1.0, -1.0, -1.0, -1.0, -1.0, -1.0, -1.0, -1.0, -1.0, -1.0, -1.0]"
2025-05-07 20:44:24.077949,-0.0430763,0.0847509,-0.000198414,2.55298,2.00111,0.7,0.0,-1,942.478,29.916,42.0,-1.0,"[-1.0, -1.0, -1.0, -1.0, -1.0, -1.0, -1.0, -1.0, -1.0, -1.0, -1.0, -1.0, -1.0, -1.0, -1.0, -1.0, -1.0, -1.0, -1.0]"
2025-05-07 20:44:24.096961,-0.15717,0.0787384,-0.00021176,2.553,2.00087,0.7,0.0,-1,942.478,29.938,42.0,-1.0,"[-1.0, -1.0, -1.0, -1.0, -1.0, -1.0, -1.0, -1.0, -1.0, -1.0, -1.0, -1.0, -1.0, -1.0, -1.0, -1.0, -1.0, -1.0, -1.0]"
2025-05-07 20:44:24.121244,-0.217673,0.0981719,-0.000152242,2.553,2.00062,0.7,0.0,-1,942.478,29.96,42.0,-1.0,"[-1.0, -1.0, -1.0, -1.0, -1.0, -1.0, -1.0, -1.0, -1.0, -1.0, -1.0, -1.0, -1.0, -1.0, -1.0, -1.0, -1.0, -1.0, -1.0]"
2025-05-07 20:44:24.143126,-0.14555,0.0981239,-0.000190104,2.553,2.0005,0.7,0.0,-1,942.478,29.982,42.0,-1.0,"[-1.0, -1.0, -1.0, -1.0, -1.0, -1.0, -1.0, -1.0, -1.0, -1.0, -1.0, -1.0, -1.0, -1.0, -1.0, -1.0, -1.0, -1.0, -1.0]"
2025-05-07 20:44:24.165338,-0.0778641,0.0747408,-0.000206803,2.553,2.00025,0.7,0.0,-1,942.478,30.004,42.0,-1.0,"[-1.0, -1.0, -1.0, -1.0, -1.0, -1.0, -1.0, -1.0, -1.0, -1.0, -1.0, -1.0, -1.0, -1.0, -1.0, -1.0, -1.0, -1.0, -1.0]"
2025-05-07 20:44:24.185497,-0.110114,0.0933362,-0.000220752,2.55298,2.00003,0.7,0.0,-1,942.478,30.026,42.0,-1.0,"[-1.0, -1.0, -1.0, -1.0, -1.0, -1.0, -1.0, -1.0, -1.0, -1.0, -1.0, -1.0, -1.0, -1.0, -1.0, -1.0, -1.0, -1.0, -1.0]"
2025-05-07 20:44:24.208055,-0.199025,0.0788672,-0.000168592,2.55298,1.99976,0.7,0.0,-1,942.478,30.048,42.0,-1.0,"[-1.0, -1.0, -1.0, -1.0, -1.0, -1.0, -1.0, -1.0, -1.0, -1.0, -1.0, -1.0, -1.0, -1.0, -1.0, -1.0, -1.0, -1.0, -1.0]"
2025-05-07 20:44:24.230831,-0.146153,0.104829,-0.000182748,2.55296,1.99957,0.7,0.0,-1,942.478,30.07,42.0,-1.0,"[-1.0, -1.0, -1.0, -1.0, -1.0, -1.0, -1.0, -1.0, -1.0, -1.0, -1.0, -1.0, -1.0, -1.0, -1.0, -1.0, -1.0, -1.0, -1.0]"
2025-05-07 20:44:24.250986,-0.0825024,0.0802575,-0.000223873,2.55298,1.99935,0.7,0.0,-1,942.478,30.092,42.0,-1.0,"[-1.0, -1.0, -1.0, -1.0, -1.0, -1.0, -1.0, -1.0, -1.0, -1.0, -1.0, -1.0, -1.0, -1.0, -1.0, -1.0, -1.0, -1.0, -1.0]"
2025-05-07 20:44:24.274319,-0.114729,0.098897,-0.000227849,2.55298,1.99915,0.7,0.0,-1,942.478,30.114,42.0,-1.0,"[-1.0, -1.0, -1.0, -1.0, -1.0, -1.0, -1.0, -1.0, -1.0, -1.0, -1.0, -1.0, -1.0, -1.0, -1.0, -1.0, -1.0, -1.0, -1.0]"
2025-05-07 20:44:24.295141,-0.158283,0.105567,-0.0001874,2.55296,1.99895,0.7,0.0,-1,942.478,30.136,42.0,-1.0,"[-1.0, -1.0, -1.0, -1.0, -1.0, -1.0, -1.0, -1.0, -1.0, -1.0, -1.0, -1.0, -1.0, -1.0, -1.0, -1.0, -1.0, -1.0, -1.0]"
2025-05-07 20:44:24.318547,-0.133353,0.0877676,-0.000160799,2.55296,1.99867,0.7,0.0,-1,942.478,30.158,42.0,-1.0,"[-1.0, -1.0, -1.0, -1.0, -1.0, -1.0, -1.0, -1.0, -1.0, -1.0, -1.0, -1.0, -1.0, -1.0, -1.0, -1.0, -1.0, -1.0, -1.0]"
2025-05-07 20:44:24.339860,-0.153304,0.0592733,-0.000221734,2.553,1.99845,0.7,0.0,-1,942.478,30.18,42.0,-1.0,"[-1.0, -1.0, -1.0, -1.0, -1.0, -1.0, -1.0, -1.0, -1.0, -1.0, -1.0, -1.0, -1.0, -1.0, -1.0, -1.0, -1.0, -1.0, -1.0]"
2025-05-07 20:44:24.447000,-0.177765,0.0720141,-0.000198243,2.553,1.99822,0.7,0.0,-1,942.478,30.202,42.0,-1.0,"[-1.0, -1.0, -1.0, -1.0, -1.0, -1.0, -1.0, -1.0, -1.0, -1.0, -1.0, -1.0, -1.0, -1.0, -1.0, -1.0, -1.0, -1.0, -1.0]"
2025-05-07 20:44:24.448321,-0.151013,0.123479,-0.000192414,2.55296,1.99809,0.7,0.0,-1,942.478,30.224,42.0,-1.0,"[-1.0, -1.0, -1.0, -1.0, -1.0, -1.0, -1.0, -1.0, -1.0, -1.0, -1.0, -1.0, -1.0, -1.0, -1.0, -1.0, -1.0, -1.0, -1.0]"
2025-05-07 20:44:24.449558,-0.109691,0.0830519,-0.000193118,2.55296,1.99784,0.7,0.0,-1,942.478,30.246,42.0,-1.0,"[-1.0, -1.0, -1.0, -1.0, -1.0, -1.0, -1.0, -1.0, -1.0, -1.0, -1.0, -1.0, -1.0, -1.0, -1.0, -1.0, -1.0, -1.0, -1.0]"
2025-05-07 20:44:24.450729,-0.106067,0.0668444,-0.000177675,2.55293,1.99759,0.42106067,0.0,-1,942.478,30.268,42.0,1.0,"[-1.0, -1.0, -1.0, -1.0, -1.0, -1.0, -1.0, -1.0, -1.0, -1.0, -1.0, -1.0, -1.0, -1.0, -1.0, -1.0, -1.0, -1.0, -1.0]"
2025-05-07 20:44:24.451861,-0.197205,0.0613847,-0.000194828,2.55298,1.99732,0.42197205,0.0,-1,942.478,30.29,42.0,1.0,"[-1.0, -1.0, -1.0, -1.0, -1.0, -1.0, -1.0, -1.0, -1.0, -1.0, -1.0, -1.0, -1.0, -1.0, -1.0, -1.0, -1.0, -1.0, -1.0]"
2025-05-07 20:44:24.471028,-0.194956,0.109651,-0.000194279,2.55296,1.99716,0.42194956,0.0,-1,942.478,30.312,42.0,1.0,"[-1.0, -1.0, -1.0, -1.0, -1.0, -1.0, -1.0, -1.0, -1.0, -1.0, -1.0, -1.0, -1.0, -1.0, -1.0, -1.0, -1.0, -1.0, -1.0]"
2025-05-07 20:44:24.495242,-0.11056,0.101429,-0.000197161,2.55293,1.99699,0.42110559999999997,0.0,-1,942.478,30.334,42.0,1.0,"[-1.0, -1.0, -1.0, -1.0, -1.0, -1.0, -1.0, -1.0, -1.0, -1.0, -1.0, -1.0, -1.0, -1.0, -1.0, -1.0, -1.0, -1.0, -1.0]"
2025-05-07 20:44:24.515242,-0.0418693,0.0835741,-0.000201458,2.55293,1.99672,0.420418693,0.0,-1,942.478,30.356,42.0,1.0,"[-1.0, -1.0, -1.0, -1.0, -1.0, -1.0, -1.0, -1.0, -1.0, -1.0, -1.0, -1.0, -1.0, -1.0, -1.0, -1.0, -1.0, -1.0, -1.0]"
2025-05-07 20:44:24.537955,-0.155629,0.0777386,-0.000205981,2.55293,1.99648,0.42155629,0.0,-1,942.478,30.378,42.0,1.0,"[-1.0, -1.0, -1.0, -1.0, -1.0, -1.0, -1.0, -1.0, -1.0, -1.0, -1.0, -1.0, -1.0, -1.0, -1.0, -1.0, -1.0, -1.0, -1.0]"
2025-05-07 20:44:24.559396,-0.220961,0.0944844,-0.000157189,2.55296,1.99623,0.42220961,0.0,-1,942.478,30.4,42.0,1.0,"[-1.0, -1.0, -1.0, -1.0, -1.0, -1.0, -1.0, -1.0, -1.0, -1.0, -1.0, -1.0, -1.0, -1.0, -1.0, -1.0, -1.0, -1.0, -1.0]"
2025-05-07 20:44:24.581596,-0.14462,0.0971195,-0.00018612,2.55296,1.9961,0.42144620000000005,0.0,-1,942.478,30.422,42.0,1.0,"[-1.0, -1.0, -1.0, -1.0, -1.0, -1.0, -1.0, -1.0, -1.0, -1.0, -1.0, -1.0, -1.0, -1.0, -1.0, -1.0, -1.0, -1.0, -1.0]"
2025-05-07 20:44:24.603775,-0.0767425,0.0734985,-0.00020393,2.55296,1.99585,0.42076742500000003,0.0,-1,942.478,30.444,42.0,1.0,"[-1.0, -1.0, -1.0, -1.0, -1.0, -1.0, -1.0, -1.0, -1.0, -1.0, -1.0, -1.0, -1.0, -1.0, -1.0, -1.0, -1.0, -1.0, -1.0]"
2025-05-07 20:44:24.625433,-0.0812304,0.108715,-0.000233022,2.55296,1.99564,0.420812304,0.0,-1,942.478,30.466,42.0,1.0,"[-1.0, -1.0, -1.0, -1.0, -1.0, -1.0, -1.0, -1.0, -1.0, -1.0, -1.0, -1.0, -1.0, -1.0, -1.0, -1.0, -1.0, -1.0, -1.0]"
2025-05-07 20:44:24.648287,-0.198705,0.0841006,-0.000166983,2.55296,1.99537,0.42198705,0.0,-1,942.478,30.488,42.0,1.0,"[-1.0, -1.0, -1.0, -1.0, -1.0, -1.0, -1.0, -1.0, -1.0, -1.0, -1.0, -1.0, -1.0, -1.0, -1.0, -1.0, -1.0, -1.0, -1.0]"
2025-05-07 20:44:24.669305,-0.190125,0.0816715,-0.000169495,2.55293,1.99518,0.42190125,0.0,-1,942.478,30.51,42.0,1.0,"[-1.0, -1.0, -1.0, -1.0, -1.0, -1.0, -1.0, -1.0, -1.0, -1.0, -1.0, -1.0, -1.0, -1.0, -1.0, -1.0, -1.0, -1.0, -1.0]"
2025-05-07 20:44:24.692030,-0.0815156,0.0791152,-0.000219949,2.55293,1.99496,0.420815156,0.0,-1,942.478,30.532,42.0,1.0,"[-1.0, -1.0, -1.0, -1.0, -1.0, -1.0, -1.0, -1.0, -1.0, -1.0, -1.0, -1.0, -1.0, -1.0, -1.0, -1.0, -1.0, -1.0, -1.0]"
2025-05-07 20:44:24.713973,-0.155195,0.0727739,-0.000229814,2.55296,1.99475,0.42155195,0.0,-1,942.478,30.554,42.0,1.0,"[-1.0, -1.0, -1.0, -1.0, -1.0, -1.0, -1.0, -1.0, -1.0, -1.0, -1.0, -1.0, -1.0, -1.0, -1.0, -1.0, -1.0, -1.0, -1.0]"
2025-05-07 20:44:24.735906,-0.157352,0.105024,-0.000184474,2.55291,1.99455,0.42157352000000003,0.0,-1,942.478,30.576,42.0,1.0,"[-1.0, -1.0, -1.0, -1.0, -1.0, -1.0, -1.0, -1.0, -1.0, -1.0, -1.0, -1.0, -1.0, -1.0, -1.0, -1.0, -1.0, -1.0, -1.0]"
2025-05-07 20:44:24.756553,-0.13262,0.0866246,-0.000174069,2.55291,1.99427,0.42132620000000004,0.0,-1,942.478,30.598,42.0,1.0,"[-1.0, -1.0, -1.0, -1.0, -1.0, -1.0, -1.0, -1.0, -1.0, -1.0, -1.0, -1.0, -1.0, -1.0, -1.0, -1.0, -1.0, -1.0, -1.0]"
2025-05-07 20:44:24.779929,-0.151964,0.058539,-0.000196087,2.55293,1.99406,0.42151964,0.0,-1,942.478,30.62,42.0,1.0,"[-1.0, -1.0, -1.0, -1.0, -1.0, -1.0, -1.0, -1.0, -1.0, -1.0, -1.0, -1.0, -1.0, -1.0, -1.0, -1.0, -1.0, -1.0, -1.0]"
2025-05-07 20:44:24.802482,-0.180861,0.0694395,-0.000219462,2.55296,1.99381,0.42180861000000003,0.0,-1,942.478,30.642,42.0,1.0,"[-1.0, -1.0, -1.0, -1.0, -1.0, -1.0, -1.0, -1.0, -1.0, -1.0, -1.0, -1.0, -1.0, -1.0, -1.0, -1.0, -1.0, -1.0, -1.0]"
2025-05-07 20:44:24.825630,-0.175365,0.112767,-0.000194362,2.55296,1.99369,0.42175365,0.0,-1,942.478,30.664,42.0,1.0,"[-1.0, -1.0, -1.0, -1.0, -1.0, -1.0, -1.0, -1.0, -1.0, -1.0, -1.0, -1.0, -1.0, -1.0, -1.0, -1.0, -1.0, -1.0, -1.0]"
2025-05-07 20:44:24.847187,-0.109954,0.0819176,-0.000168314,2.55291,1.99342,0.42109954,0.0,-1,942.478,30.686,42.0,1.0,"[-1.0, -1.0, -1.0, -1.0, -1.0, -1.0, -1.0, -1.0, -1.0, -1.0, -1.0, -1.0, -1.0, -1.0, -1.0, -1.0, -1.0, -1.0, -1.0]"
2025-05-07 20:44:24.867236,-0.0616925,0.0904588,-0.000183684,2.55291,1.99317,0.420616925,0.0,-1,942.478,30.708,42.0,1.0,"[-1.0, -1.0, -1.0, -1.0, -1.0, -1.0, -1.0, -1.0, -1.0, -1.0, -1.0, -1.0, -1.0, -1.0, -1.0, -1.0, -1.0, -1.0, -1.0]"
2025-05-07 20:44:24.889395,-0.107313,0.0774806,-0.00015245,2.55291,1.99301,0.42107312999999996,0.0,-1,942.478,30.73,42.0,1.0,"[-1.0, -1.0, -1.0, -1.0, -1.0, -1.0, -1.0, -1.0, -1.0, -1.0, -1.0, -1.0, -1.0, -1.0, -1.0, -1.0, -1.0, -1.0, -1.0]"
2025-05-07 20:44:24.910538,-0.179959,0.0342769,0.000270387,2.55293,1.993,0.42179958999999995,0.0,-1,942.478,30.752,42.0,1.0,"[-1.0, -1.0, -1.0, -1.0, -1.0, -1.0, -1.0, -1.0, -1.0, -1.0, -1.0, -1.0, -1.0, -1.0, -1.0, -1.0, -1.0, -1.0, -1.0]"
2025-05-07 20:44:24.933615,-0.0801512,0.0734317,0.000752767,2.55291,1.99294,0.42080151200000004,0.0,-1,942.478,30.774,42.0,1.0,"[-1.0, -1.0, -1.0, -1.0, -1.0, -1.0, -1.0, -1.0, -1.0, -1.0, -1.0, -1.0, -1.0, -1.0, -1.0, -1.0, -1.0, -1.0, -1.0]"
2025-05-07 20:44:24.956770,-0.0617901,0.0672266,0.00109155,2.55293,1.99296,0.420617901,0.0,-1,942.478,30.796,42.0,1.0,"[-1.0, -1.0, -1.0, -1.0, -1.0, -1.0, -1.0, -1.0, -1.0, -1.0, -1.0, -1.0, -1.0, -1.0, -1.0, -1.0, -1.0, -1.0, -1.0]"
2025-05-07 20:44:24.976834,-0.0863773,0.0365641,0.00125914,2.55291,1.99302,0.420863773,0.0,-1,942.478,30.818,42.0,1.0,"[-1.0, -1.0, -1.0, -1.0, -1.0, -1.0, -1.0, -1.0, -1.0, -1.0, -1.0, -1.0, -1.0, -1.0, -1.0, -1.0, -1.0, -1.0, -1.0]"
2025-05-07 20:44:25.001010,-0.168085,0.0335861,0.00126713,2.55293,1.9932,0.42168085,0.0,-1,942.478,30.84,42.0,1.0,"[-1.0, -1.0, -1.0, -1.0, -1.0, -1.0, -1.0, -1.0, -1.0, -1.0, -1.0, -1.0, -1.0, -1.0, -1.0, -1.0, -1.0, -1.0, -1.0]"
2025-05-07 20:44:25.021585,-0.0890531,0.0511126,0.000967706,2.55291,1.99318,0.420890531,0.0,-1,942.478,30.862,42.0,1.0,"[-1.0, -1.0, -1.0, -1.0, -1.0, -1.0, -1.0, -1.0, -1.0, -1.0, -1.0, -1.0, -1.0, -1.0, -1.0, -1.0, -1.0, -1.0, -1.0]"
2025-05-07 20:44:25.043242,-0.0362854,0.0417956,0.000709293,2.55291,1.99331,0.42036285399999995,0.0,-1,942.478,30.884,42.0,1.0,"[-1.0, -1.0, -1.0, -1.0, -1.0, -1.0, -1.0, -1.0, -1.0, -1.0, -1.0, -1.0, -1.0, -1.0, -1.0, -1.0, -1.0, -1.0, -1.0]"
2025-05-07 20:44:25.064951,-0.165918,0.0469649,0.000347778,2.55296,1.99346,0.42165917999999997,0.0,-1,942.478,30.906,42.0,1.0,"[-1.0, -1.0, -1.0, -1.0, -1.0, -1.0, -1.0, -1.0, -1.0, -1.0, -1.0, -1.0, -1.0, -1.0, -1.0, -1.0, -1.0, -1.0, -1.0]"
2025-05-07 20:44:25.089289,-0.130851,0.0266365,-2.75409e-07,2.55291,1.99345,0.42130851,0.0,-1,942.478,30.928,42.0,1.0,"[-1.0, -1.0, -1.0, -1.0, -1.0, -1.0, -1.0, -1.0, -1.0, -1.0, -1.0, -1.0, -1.0, -1.0, -1.0, -1.0, -1.0, -1.0, -1.0]"
2025-05-07 20:44:25.108699,-0.119251,0.0221923,-0.00018394,2.55291,1.99366,0.42119250999999996,0.0,-1,942.478,30.95,42.0,1.0,"[-1.0, -1.0, -1.0, -1.0, -1.0, -1.0, -1.0, -1.0, -1.0, -1.0, -1.0, -1.0, -1.0, -1.0, -1.0, -1.0, -1.0, -1.0, -1.0]"
2025-05-07 20:44:25.131168,-0.0649702,0.0919097,-0.000340965,2.55293,1.99369,0.42064970199999996,0.0,-1,942.478,30.972,42.0,1.0,"[-1.0, -1.0, -1.0, -1.0, -1.0, -1.0, -1.0, -1.0, -1.0, -1.0, -1.0, -1.0, -1.0, -1.0, -1.0, -1.0, -1.0, -1.0, -1.0]"
2025-05-07 20:44:25.153119,-0.0845596,0.0310667,-0.00041371,2.55291,1.99376,0.420845596,0.0,-1,942.478,30.994,42.0,1.0,"[-1.0, -1.0, -1.0, -1.0, -1.0, -1.0, -1.0, -1.0, -1.0, -1.0, -1.0, -1.0, -1.0, -1.0, -1.0, -1.0, -1.0, -1.0, -1.0]"
2025-05-07 20:44:25.176795,-0.204889,0.00369845,-0.000299487,2.55293,1.994,0.42204889,0.0,-1,942.478,31.016,42.0,1.0,"[-1.0, -1.0, -1.0, -1.0, -1.0, -1.0, -1.0, -1.0, -1.0, -1.0, -1.0, -1.0, -1.0, -1.0, -1.0, -1.0, -1.0, -1.0, -1.0]"
2025-05-07 20:44:25.196729,-0.0968335,0.0788299,-0.000232856,2.55291,1.99398,0.420968335,0.0,-1,942.478,31.038,42.0,1.0,"[-1.0, -1.0, -1.0, -1.0, -1.0, -1.0, -1.0, -1.0, -1.0, -1.0, -1.0, -1.0, -1.0, -1.0, -1.0, -1.0, -1.0, -1.0, -1.0]"
2025-05-07 20:44:25.218433,-0.0403088,0.0365592,-0.000201815,2.55291,1.99407,0.420403088,0.0,-1,942.478,31.06,42.0,1.0,"[-1.0, -1.0, -1.0, -1.0, -1.0, -1.0, -1.0, -1.0, -1.0, -1.0, -1.0, -1.0, -1.0, -1.0, -1.0, -1.0, -1.0, -1.0, -1.0]"
2025-05-07 20:44:25.243758,-0.162891,0.0171618,-0.000217781,2.55296,1.99425,0.42162891,0.0,-1,942.478,31.082,42.0,1.0,"[-1.0, -1.0, -1.0, -1.0, -1.0, -1.0, -1.0, -1.0, -1.0, -1.0, -1.0, -1.0, -1.0, -1.0, -1.0, -1.0, -1.0, -1.0, -1.0]"
2025-05-07 20:44:25.264509,-0.138828,0.0549871,-0.000200611,2.55291,1.9943,0.42138827999999995,0.0,-1,942.478,31.104,42.0,1.0,"[-1.0, -1.0, -1.0, -1.0, -1.0, -1.0, -1.0, -1.0, -1.0, -1.0, -1.0, -1.0, -1.0, -1.0, -1.0, -1.0, -1.0, -1.0, -1.0]"
2025-05-07 20:44:25.286307,-0.0855411,0.0142567,-0.000170049,2.55291,1.99438,0.420855411,0.0,-1,942.478,31.126,42.0,1.0,"[-1.0, -1.0, -1.0, -1.0, -1.0, -1.0, -1.0, -1.0, -1.0, -1.0, -1.0, -1.0, -1.0, -1.0, -1.0, -1.0, -1.0, -1.0, -1.0]"
2025-05-07 20:44:25.306734,-0.0528235,0.0595343,-0.000206951,2.55293,1.99451,0.42052823500000003,0.0,-1,942.478,31.148,42.0,1.0,"[-1.0, -1.0, -1.0, -1.0, -1.0, -1.0, -1.0, -1.0, -1.0, -1.0, -1.0, -1.0, -1.0, -1.0, -1.0, -1.0, -1.0, -1.0, -1.0]"
2025-05-07 20:44:25.329937,-0.092105,0.0563462,-0.000237056,2.55291,1.99459,0.42092104999999996,0.0,-1,942.478,31.17,42.0,1.0,"[-1.0, -1.0, -1.0, -1.0, -1.0, -1.0, -1.0, -1.0, -1.0, -1.0, -1.0, -1.0, -1.0, -1.0, -1.0, -1.0, -1.0, -1.0, -1.0]"
2025-05-07 20:44:25.351098,-0.169279,-0.0068322,-0.000143525,2.55293,1.99465,0.42169279000000004,0.0,-1,942.478,31.192,42.0,1.0,"[-1.0, -1.0, -1.0, -1.0, -1.0, -1.0, -1.0, -1.0, -1.0, -1.0, -1.0, -1.0, -1.0, -1.0, -1.0, -1.0, -1.0, -1.0, -1.0]"
2025-05-07 20:44:25.376579,-0.0833748,0.0494188,-0.000191471,2.55291,1.99484,0.420833748,0.0,-1,942.478,31.214,42.0,1.0,"[-1.0, -1.0, -1.0, -1.0, -1.0, -1.0, -1.0, -1.0, -1.0, -1.0, -1.0, -1.0, -1.0, -1.0, -1.0, -1.0, -1.0, -1.0, -1.0]"
2025-05-07 20:44:25.395057,-0.0472246,0.0646244,-0.000196943,2.55291,1.99484,0.420472246,0.0,-1,942.478,31.236,42.0,1.0,"[-1.0, -1.0, -1.0, -1.0, -1.0, -1.0, -1.0, -1.0, -1.0, -1.0, -1.0, -1.0, -1.0, -1.0, -1.0, -1.0, -1.0, -1.0, -1.0]"
2025-05-07 20:44:25.419464,-0.16318,-0.00101971,-0.000150938,2.55296,1.99491,0.42163179999999995,0.0,-1,942.478,31.258,42.0,1.0,"[-1.0, -1.0, -1.0, -1.0, -1.0, -1.0, -1.0, -1.0, -1.0, -1.0, -1.0, -1.0, -1.0, -1.0, -1.0, -1.0, -1.0, -1.0, -1.0]"
2025-05-07 20:44:25.439504,-0.126647,0.0305214,-0.000173212,2.55291,1.99517,0.42126647,0.0,-1,942.478,31.28,42.0,1.0,"[-1.0, -1.0, -1.0, -1.0, -1.0, -1.0, -1.0, -1.0, -1.0, -1.0, -1.0, -1.0, -1.0, -1.0, -1.0, -1.0, -1.0, -1.0, -1.0]"
2025-05-07 20:44:25.461284,-0.130902,0.0483009,-0.000161688,2.55291,1.99511,0.42130902,0.0,-1,942.478,31.302,42.0,1.0,"[-1.0, -1.0, -1.0, -1.0, -1.0, -1.0, -1.0, -1.0, -1.0, -1.0, -1.0, -1.0, -1.0, -1.0, -1.0, -1.0, -1.0, -1.0, -1.0]"
2025-05-07 20:44:25.482784,-0.0470191,0.0402069,-0.000166305,2.55293,1.99523,0.420470191,0.0,-1,942.478,31.324,42.0,1.0,"[-1.0, -1.0, -1.0, -1.0, -1.0, -1.0, -1.0, -1.0, -1.0, -1.0, -1.0, -1.0, -1.0, -1.0, -1.0, -1.0, -1.0, -1.0, -1.0]"
2025-05-07 20:44:25.511231,-0.116255,0.0280238,-0.00021321,2.55296,1.99541,0.42116255,0.0,-1,942.478,31.346,42.0,1.0,"[-1.0, -1.0, -1.0, -1.0, -1.0, -1.0, -1.0, -1.0, -1.0, -1.0, -1.0, -1.0, -1.0, -1.0, -1.0, -1.0, -1.0, -1.0, -1.0]"
2025-05-07 20:44:25.531562,-0.210876,0.0285987,-0.000185935,2.55296,1.9954,0.42210875999999997,0.0,-1,942.478,31.368,42.0,1.0,"[-1.0, -1.0, -1.0, -1.0, -1.0, -1.0, -1.0, -1.0, -1.0, -1.0, -1.0, -1.0, -1.0, -1.0, -1.0, -1.0, -1.0, -1.0, -1.0]"
2025-05-07 20:44:25.550066,-0.0794204,0.0316763,-0.00016652,2.55293,1.99559,0.42079420399999995,0.0,-1,942.478,31.39,42.0,1.0,"[-1.0, -1.0, -1.0, -1.0, -1.0, -1.0, -1.0, -1.0, -1.0, -1.0, -1.0, -1.0, -1.0, -1.0, -1.0, -1.0, -1.0, -1.0, -1.0]"
2025-05-07 20:44:25.572333,-0.0410142,0.0629149,-0.000209893,2.55293,1.99566,0.420410142,0.0,-1,942.478,31.412,42.0,1.0,"[-1.0, -1.0, -1.0, -1.0, -1.0, -1.0, -1.0, -1.0, -1.0, -1.0, -1.0, -1.0, -1.0, -1.0, -1.0, -1.0, -1.0, -1.0, -1.0]"
2025-05-07 20:44:25.594863,-0.165203,0.0259452,-0.00024144,2.55298,1.9957,0.42165202999999996,0.0,-1,942.478,31.434,42.0,1.0,"[-1.0, -1.0, -1.0, -1.0, -1.0, -1.0, -1.0, -1.0, -1.0, -1.0, -1.0, -1.0, -1.0, -1.0, -1.0, -1.0, -1.0, -1.0, -1.0]"
2025-05-07 20:44:25.614792,-0.124841,0.0155579,-0.000146814,2.55293,1.99589,0.42124841,0.0,-1,942.478,31.456,42.0,1.0,"[-1.0, -1.0, -1.0, -1.0, -1.0, -1.0, -1.0, -1.0, -1.0, -1.0, -1.0, -1.0, -1.0, -1.0, -1.0, -1.0, -1.0, -1.0, -1.0]"
2025-05-07 20:44:25.638295,-0.0859115,0.0543691,-0.000165388,2.55293,1.996,0.420859115,0.0,-1,942.478,31.478,42.0,1.0,"[-1.0, -1.0, -1.0, -1.0, -1.0, -1.0, -1.0, -1.0, -1.0, -1.0, -1.0, -1.0, -1.0, -1.0, -1.0, -1.0, -1.0, -1.0, -1.0]"
2025-05-07 20:44:25.659557,-0.055818,0.0604275,-0.000236652,2.55296,1.99602,0.42055818,0.0,-1,942.478,31.5,42.0,1.0,"[-1.0, -1.0, -1.0, -1.0, -1.0, -1.0, -1.0, -1.0, -1.0, -1.0, -1.0, -1.0, -1.0, -1.0, -1.0, -1.0, -1.0, -1.0, -1.0]"
2025-05-07 20:44:25.680981,-0.0815521,0.0279555,-0.00018003,2.55293,1.99616,0.420815521,0.0,-1,942.478,31.522,42.0,1.0,"[-1.0, -1.0, -1.0, -1.0, -1.0, -1.0, -1.0, -1.0, -1.0, -1.0, -1.0, -1.0, -1.0, -1.0, -1.0, -1.0, -1.0, -1.0, -1.0]"
2025-05-07 20:44:25.702675,-0.168859,0.0346668,-0.000149223,2.55296,1.99635,0.42168859,0.0,-1,942.478,31.544,42.0,1.0,"[-1.0, -1.0, -1.0, -1.0, -1.0, -1.0, -1.0, -1.0, -1.0, -1.0, -1.0, -1.0, -1.0, -1.0, -1.0, -1.0, -1.0, -1.0, -1.0]"
2025-05-07 20:44:25.726695,-0.0888135,0.0479349,-0.000198013,2.55293,1.99633,0.420888135,0.0,-1,942.478,31.566,42.0,1.0,"[-1.0, -1.0, -1.0, -1.0, -1.0, -1.0, -1.0, -1.0, -1.0, -1.0, -1.0, -1.0, -1.0, -1.0, -1.0, -1.0, -1.0, -1.0, -1.0]"
2025-05-07 20:44:25.748392,-0.0361756,0.0405524,-0.00016053,2.55293,1.99648,0.420361756,0.0,-1,942.478,31.588,42.0,1.0,"[-1.0, -1.0, -1.0, -1.0, -1.0, -1.0, -1.0, -1.0, -1.0, -1.0, -1.0, -1.0, -1.0, -1.0, -1.0, -1.0, -1.0, -1.0, -1.0]"
2025-05-07 20:44:25.768993,-0.167364,0.0488981,-0.000177353,2.55298,1.99663,0.42167364,0.0,-1,942.478,31.61,42.0,1.0,"[-1.0, -1.0, -1.0, -1.0, -1.0, -1.0, -1.0, -1.0, -1.0, -1.0, -1.0, -1.0, -1.0, -1.0, -1.0, -1.0, -1.0, -1.0, -1.0]"
2025-05-07 20:44:25.793691,-0.131524,0.0258141,-0.000202106,2.55293,1.99663,0.42131524,0.0,-1,942.478,31.632,42.0,1.0,"[-1.0, -1.0, -1.0, -1.0, -1.0, -1.0, -1.0, -1.0, -1.0, -1.0, -1.0, -1.0, -1.0, -1.0, -1.0, -1.0, -1.0, -1.0, -1.0]"
2025-05-07 20:44:25.815345,-0.119821,0.0221692,-0.000139461,2.55293,1.99684,0.42119821,0.0,-1,942.478,31.654,42.0,1.0,"[-1.0, -1.0, -1.0, -1.0, -1.0, -1.0, -1.0, -1.0, -1.0, -1.0, -1.0, -1.0, -1.0, -1.0, -1.0, -1.0, -1.0, -1.0, -1.0]"
2025-05-07 20:44:25.836568,-0.0653358,0.0924161,-0.000203115,2.55296,1.99688,0.420653358,0.0,-1,942.478,31.676,42.0,1.0,"[-1.0, -1.0, -1.0, -1.0, -1.0, -1.0, -1.0, -1.0, -1.0, -1.0, -1.0, -1.0, -1.0, -1.0, -1.0, -1.0, -1.0, -1.0, -1.0]"
2025-05-07 20:44:25.856911,-0.0852114,0.0312046,-0.000202723,2.55293,1.99693,0.420852114,0.0,-1,942.478,31.698,42.0,1.0,"[-1.0, -1.0, -1.0, -1.0, -1.0, -1.0, -1.0, -1.0, -1.0, -1.0, -1.0, -1.0, -1.0, -1.0, -1.0, -1.0, -1.0, -1.0, -1.0]"
2025-05-07 20:44:25.880417,-0.20547,0.00383848,-0.000143793,2.55296,1.99718,0.4220547,0.0,-1,942.478,31.72,42.0,1.0,"[-1.0, -1.0, -1.0, -1.0, -1.0, -1.0, -1.0, -1.0, -1.0, -1.0, -1.0, -1.0, -1.0, -1.0, -1.0, -1.0, -1.0, -1.0, -1.0]"
2025-05-07 20:44:25.907554,-0.0968033,0.0789065,-0.00019433,2.55293,1.99716,0.42096803299999996,0.0,-1,942.478,31.742,42.0,1.0,"[-1.0, -1.0, -1.0, -1.0, -1.0, -1.0, -1.0, -1.0, -1.0, -1.0, -1.0, -1.0, -1.0, -1.0, -1.0, -1.0, -1.0, -1.0, -1.0]"
2025-05-07 20:44:25.925210,-0.0409242,0.0368271,-0.00020103,2.55293,1.99725,0.420409242,0.0,-1,942.478,31.764,42.0,1.0,"[-1.0, -1.0, -1.0, -1.0, -1.0, -1.0, -1.0, -1.0, -1.0, -1.0, -1.0, -1.0, -1.0, -1.0, -1.0, -1.0, -1.0, -1.0, -1.0]"
2025-05-07 20:44:25.945786,-0.163348,0.0167804,-0.000200174,2.55298,1.99743,0.42163348,0.0,-1,942.478,31.786,42.0,1.0,"[-1.0, -1.0, -1.0, -1.0, -1.0, -1.0, -1.0, -1.0, -1.0, -1.0, -1.0, -1.0, -1.0, -1.0, -1.0, -1.0, -1.0, -1.0, -1.0]"
2025-05-07 20:44:25.968624,-0.138351,0.0546461,-0.000200727,2.55293,1.99748,0.42138351,0.0,-1,942.478,31.808,42.0,1.0,"[-1.0, -1.0, -1.0, -1.0, -1.0, -1.0, -1.0, -1.0, -1.0, -1.0, -1.0, -1.0, -1.0, -1.0, -1.0, -1.0, -1.0, -1.0, -1.0]"
2025-05-07 20:44:25.991209,-0.0861151,0.0133981,-0.00015698,2.55293,1.99755,0.420861151,0.0,-1,942.478,31.83,42.0,1.0,"[-1.0, -1.0, -1.0, -1.0, -1.0, -1.0, -1.0, -1.0, -1.0, -1.0, -1.0, -1.0, -1.0, -1.0, -1.0, -1.0, -1.0, -1.0, -1.0]"
2025-05-07 20:44:26.014004,-0.119141,0.029542,-0.000206441,2.55298,1.99768,0.42119141,0.0,-1,942.478,31.852,42.0,1.0,"[-1.0, -1.0, -1.0, -1.0, -1.0, -1.0, -1.0, -1.0, -1.0, -1.0, -1.0, -1.0, -1.0, -1.0, -1.0, -1.0, -1.0, -1.0, -1.0]"
2025-05-07 20:44:26.036326,-0.127612,0.0413972,-0.000232719,2.55298,1.99778,0.42127612,0.0,-1,942.478,31.874,42.0,1.0,"[-1.0, -1.0, -1.0, -1.0, -1.0, -1.0, -1.0, -1.0, -1.0, -1.0, -1.0, -1.0, -1.0, -1.0, -1.0, -1.0, -1.0, -1.0, -1.0]"
2025-05-07 20:44:26.054718,-0.167483,-0.00582606,-0.000144819,2.55298,1.99784,0.42167482999999994,0.0,-1,942.478,31.896,42.0,1.0,"[-1.0, -1.0, -1.0, -1.0, -1.0, -1.0, -1.0, -1.0, -1.0, -1.0, -1.0, -1.0, -1.0, -1.0, -1.0, -1.0, -1.0, -1.0, -1.0]"
2025-05-07 20:44:26.076563,-0.0831564,0.0495117,-0.00019833,2.55296,1.99804,0.420831564,0.0,-1,942.478,31.918,42.0,1.0,"[-1.0, -1.0, -1.0, -1.0, -1.0, -1.0, -1.0, -1.0, -1.0, -1.0, -1.0, -1.0, -1.0, -1.0, -1.0, -1.0, -1.0, -1.0, -1.0]"
2025-05-07 20:44:26.100094,-0.0470426,0.0648702,-0.000204902,2.55296,1.99804,0.42047042599999995,0.0,-1,942.478,31.94,42.0,1.0,"[-1.0, -1.0, -1.0, -1.0, -1.0, -1.0, -1.0, -1.0, -1.0, -1.0, -1.0, -1.0, -1.0, -1.0, -1.0, -1.0, -1.0, -1.0, -1.0]"
2025-05-07 20:44:26.124142,-0.163823,-0.00129793,-0.000166333,2.553,1.9981,0.42163823,0.0,-1,942.478,31.962,42.0,1.0,"[-1.0, -1.0, -1.0, -1.0, -1.0, -1.0, -1.0, -1.0, -1.0, -1.0, -1.0, -1.0, -1.0, -1.0, -1.0, -1.0, -1.0, -1.0, -1.0]"
2025-05-07 20:44:26.143100,-0.126769,0.0309798,-0.000181602,2.55296,1.99836,0.42126769000000003,0.0,-1,942.478,31.984,42.0,1.0,"[-1.0, -1.0, -1.0, -1.0, -1.0, -1.0, -1.0, -1.0, -1.0, -1.0, -1.0, -1.0, -1.0, -1.0, -1.0, -1.0, -1.0, -1.0, -1.0]"
2025-05-07 20:44:26.168758,-0.131039,0.0485426,-0.000175455,2.55296,1.99831,0.42131039000000003,0.0,-1,942.478,32.006,42.0,1.0,"[-1.0, -1.0, -1.0, -1.0, -1.0, -1.0, -1.0, -1.0, -1.0, -1.0, -1.0, -1.0, -1.0, -1.0, -1.0, -1.0, -1.0, -1.0, -1.0]"
2025-05-07 20:44:26.187756,-0.16406,-0.00207007,-0.000169639,2.553,1.99839,0.4216406,0.0,-1,942.478,32.026,42.0,1.0,"[-1.0, -1.0, -1.0, -1.0, -1.0, -1.0, -1.0, -1.0, -1.0, -1.0, -1.0, -1.0, -1.0, -1.0, -1.0, -1.0, -1.0, -1.0, -1.0]"
2025-05-07 20:44:26.208399,-0.0832695,0.0494266,-0.000207586,2.55296,1.99861,0.420832695,0.0,-1,942.478,32.046,42.0,1.0,"[-1.0, -1.0, -1.0, -1.0, -1.0, -1.0, -1.0, -1.0, -1.0, -1.0, -1.0, -1.0, -1.0, -1.0, -1.0, -1.0, -1.0, -1.0, -1.0]"
2025-05-07 20:44:26.226122,-0.091937,0.0563931,-0.000242646,2.55296,1.99864,0.42091937,0.0,-1,942.478,32.066,42.0,1.0,"[-1.0, -1.0, -1.0, -1.0, -1.0, -1.0, -1.0, -1.0, -1.0, -1.0, -1.0, -1.0, -1.0, -1.0, -1.0, -1.0, -1.0, -1.0, -1.0]"
2025-05-07 20:44:26.244647,-0.0862674,0.013417,-0.000160761,2.55296,1.99872,0.420862674,0.0,-1,942.478,32.086,42.0,1.0,"[-1.0, -1.0, -1.0, -1.0, -1.0, -1.0, -1.0, -1.0, -1.0, -1.0, -1.0, -1.0, -1.0, -1.0, -1.0, -1.0, -1.0, -1.0, -1.0]"
2025-05-07 20:44:26.264928,-0.163506,0.016863,-0.00019835,2.553,1.99888,0.42163506,0.0,-1,942.478,32.106,42.0,1.0,"[-1.0, -1.0, -1.0, -1.0, -1.0, -1.0, -1.0, -1.0, -1.0, -1.0, -1.0, -1.0, -1.0, -1.0, -1.0, -1.0, -1.0, -1.0, -1.0]"
2025-05-07 20:44:26.286309,-0.0966379,0.0787715,-0.000176287,2.55296,1.9989,0.420966379,0.0,-1,942.478,32.126,42.0,1.0,"[-1.0, -1.0, -1.0, -1.0, -1.0, -1.0, -1.0, -1.0, -1.0, -1.0, -1.0, -1.0, -1.0, -1.0, -1.0, -1.0, -1.0, -1.0, -1.0]"
2025-05-07 20:44:26.307090,-0.0855094,0.0312358,-0.000215743,2.55296,1.99897,0.420855094,0.0,-1,942.478,32.146,42.0,1.0,"[-1.0, -1.0, -1.0, -1.0, -1.0, -1.0, -1.0, -1.0, -1.0, -1.0, -1.0, -1.0, -1.0, -1.0, -1.0, -1.0, -1.0, -1.0, -1.0]"
2025-05-07 20:44:26.325269,-0.120265,0.0224165,-0.000111436,2.55296,1.99917,0.42120265,0.0,-1,942.478,32.166,42.0,1.0,"[-1.0, -1.0, -1.0, -1.0, -1.0, -1.0, -1.0, -1.0, -1.0, -1.0, -1.0, -1.0, -1.0, -1.0, -1.0, -1.0, -1.0, -1.0, -1.0]"
2025-05-07 20:44:26.346130,-0.168211,0.0496641,-0.000169889,2.553,1.99924,0.42168211,0.0,-1,942.478,32.186,42.0,1.0,"[-1.0, -1.0, -1.0, -1.0, -1.0, -1.0, -1.0, -1.0, -1.0, -1.0, -1.0, -1.0, -1.0, -1.0, -1.0, -1.0, -1.0, -1.0, -1.0]"
2025-05-07 20:44:26.368388,-0.0894744,0.0480592,-0.00020031,2.55296,1.99923,0.420894744,0.0,-1,942.478,32.206,42.0,1.0,"[-1.0, -1.0, -1.0, -1.0, -1.0, -1.0, -1.0, -1.0, -1.0, -1.0, -1.0, -1.0, -1.0, -1.0, -1.0, -1.0, -1.0, -1.0, -1.0]"
2025-05-07 20:44:26.384704,-0.0821376,0.0281027,-0.000176907,2.55296,1.99935,0.420821376,0.0,-1,942.478,32.226,42.0,1.0,"[-1.0, -1.0, -1.0, -1.0, -1.0, -1.0, -1.0, -1.0, -1.0, -1.0, -1.0, -1.0, -1.0, -1.0, -1.0, -1.0, -1.0, -1.0, -1.0]"
2025-05-07 20:44:26.404558,-0.0857381,0.0543732,-0.000164089,2.55296,1.99948,0.42085738100000003,0.0,-1,942.478,32.246,42.0,1.0,"[-1.0, -1.0, -1.0, -1.0, -1.0, -1.0, -1.0, -1.0, -1.0, -1.0, -1.0, -1.0, -1.0, -1.0, -1.0, -1.0, -1.0, -1.0, -1.0]"
2025-05-07 20:44:26.425660,-0.165513,0.0265078,-0.000238757,2.553,1.99947,0.42165513,0.0,-1,942.478,32.266,42.0,1.0,"[-1.0, -1.0, -1.0, -1.0, -1.0, -1.0, -1.0, -1.0, -1.0, -1.0, -1.0, -1.0, -1.0, -1.0, -1.0, -1.0, -1.0, -1.0, -1.0]"
2025-05-07 20:44:26.445479,-0.0803243,0.0319728,-0.000154537,2.55296,1.99965,0.420803243,0.0,-1,942.478,32.286,42.0,1.0,"[-1.0, -1.0, -1.0, -1.0, -1.0, -1.0, -1.0, -1.0, -1.0, -1.0, -1.0, -1.0, -1.0, -1.0, -1.0, -1.0, -1.0, -1.0, -1.0]"
2025-05-07 20:44:26.464463,-0.0835742,0.0427491,-0.000215179,2.55296,1.99976,0.420835742,0.0,-1,942.478,32.306,42.0,1.0,"[-1.0, -1.0, -1.0, -1.0, -1.0, -1.0, -1.0, -1.0, -1.0, -1.0, -1.0, -1.0, -1.0, -1.0, -1.0, -1.0, -1.0, -1.0, -1.0]"
2025-05-07 20:44:26.484641,-0.131311,0.0489439,-0.000165397,2.55296,1.99975,0.42131311,0.0,-1,942.478,32.326,42.0,1.0,"[-1.0, -1.0, -1.0, -1.0, -1.0, -1.0, -1.0, -1.0, -1.0, -1.0, -1.0, -1.0, -1.0, -1.0, -1.0, -1.0, -1.0, -1.0, -1.0]"
2025-05-07 20:44:26.505452,-0.164208,-0.00164526,-0.000165471,2.553,1.99983,0.42164208000000003,0.0,-1,942.478,32.346,42.0,1.0,"[-1.0, -1.0, -1.0, -1.0, -1.0, -1.0, -1.0, -1.0, -1.0, -1.0, -1.0, -1.0, -1.0, -1.0, -1.0, -1.0, -1.0, -1.0, -1.0]"
2025-05-07 20:44:26.524578,-0.116369,0.0347664,-0.000185959,2.55298,2.00006,0.42116369,0.0,-1,942.478,32.366,42.0,1.0,"[-1.0, -1.0, -1.0, -1.0, -1.0, -1.0, -1.0, -1.0, -1.0, -1.0, -1.0, -1.0, -1.0, -1.0, -1.0, -1.0, -1.0, -1.0, -1.0]"
2025-05-07 20:44:26.544536,-0.0896798,0.0585837,-0.000222264,2.55298,2.0001,0.420896798,0.0,-1,942.478,32.386,42.0,1.0,"[-1.0, -1.0, -1.0, -1.0, -1.0, -1.0, -1.0, -1.0, -1.0, -1.0, -1.0, -1.0, -1.0, -1.0, -1.0, -1.0, -1.0, -1.0, -1.0]"
2025-05-07 20:44:26.566119,-0.085648,0.0148098,-0.000157588,2.55298,2.00017,0.42085648,0.0,-1,942.478,32.406,42.0,1.0,"[-1.0, -1.0, -1.0, -1.0, -1.0, -1.0, -1.0, -1.0, -1.0, -1.0, -1.0, -1.0, -1.0, -1.0, -1.0, -1.0, -1.0, -1.0, -1.0]"
2025-05-07 20:44:26.585576,-0.163734,0.0172149,-0.000195743,2.55302,2.00034,0.7,0.0,-1,942.478,32.426,42.0,-1.0,"[-1.0, -1.0, -1.0, -1.0, -1.0, -1.0, -1.0, -1.0, -1.0, -1.0, -1.0, -1.0, -1.0, -1.0, -1.0, -1.0, -1.0, -1.0, -1.0]"
2025-05-07 20:44:26.606838,-0.0968277,0.0791498,-0.000182418,2.55298,2.00036,0.7,0.0,-1,942.478,32.446,42.0,-1.0,"[-1.0, -1.0, -1.0, -1.0, -1.0, -1.0, -1.0, -1.0, -1.0, -1.0, -1.0, -1.0, -1.0, -1.0, -1.0, -1.0, -1.0, -1.0, -1.0]"
2025-05-07 20:44:26.625011,-0.0857992,0.0312232,-0.000220907,2.55298,2.00042,0.7,0.0,-1,942.478,32.466,42.0,-1.0,"[-1.0, -1.0, -1.0, -1.0, -1.0, -1.0, -1.0, -1.0, -1.0, -1.0, -1.0, -1.0, -1.0, -1.0, -1.0, -1.0, -1.0, -1.0, -1.0]"
2025-05-07 20:44:26.644568,-0.120472,0.02229,-0.000130407,2.55298,2.00063,0.7,0.0,-1,942.478,32.486,42.0,-1.0,"[-1.0, -1.0, -1.0, -1.0, -1.0, -1.0, -1.0, -1.0, -1.0, -1.0, -1.0, -1.0, -1.0, -1.0, -1.0, -1.0, -1.0, -1.0, -1.0]"
2025-05-07 20:44:26.665009,-0.167665,0.0492727,-0.00018338,2.55302,2.0007,0.7,0.0,-1,942.478,32.506,42.0,-1.0,"[-1.0, -1.0, -1.0, -1.0, -1.0, -1.0, -1.0, -1.0, -1.0, -1.0, -1.0, -1.0, -1.0, -1.0, -1.0, -1.0, -1.0, -1.0, -1.0]"
2025-05-07 20:44:26.684928,-0.0896545,0.0481691,-0.000200594,2.55298,2.00068,0.7,0.0,-1,942.478,32.526,42.0,-1.0,"[-1.0, -1.0, -1.0, -1.0, -1.0, -1.0, -1.0, -1.0, -1.0, -1.0, -1.0, -1.0, -1.0, -1.0, -1.0, -1.0, -1.0, -1.0, -1.0]"
2025-05-07 20:44:26.706152,-0.0821598,0.0276104,-0.000190586,2.55298,2.0008,0.7,0.0,-1,942.478,32.546,42.0,-1.0,"[-1.0, -1.0, -1.0, -1.0, -1.0, -1.0, -1.0, -1.0, -1.0, -1.0, -1.0, -1.0, -1.0, -1.0, -1.0, -1.0, -1.0, -1.0, -1.0]"
2025-05-07 20:44:26.724794,-0.0853951,0.0541432,-0.000161017,2.55298,2.00093,0.7,0.0,-1,942.478,32.566,42.0,-1.0,"[-1.0, -1.0, -1.0, -1.0, -1.0, -1.0, -1.0, -1.0, -1.0, -1.0, -1.0, -1.0, -1.0, -1.0, -1.0, -1.0, -1.0, -1.0, -1.0]"
2025-05-07 20:44:26.744413,-0.165411,0.0266225,-0.000236501,2.55302,2.00092,0.7,0.0,-1,942.478,32.586,42.0,-1.0,"[-1.0, -1.0, -1.0, -1.0, -1.0, -1.0, -1.0, -1.0, -1.0, -1.0, -1.0, -1.0, -1.0, -1.0, -1.0, -1.0, -1.0, -1.0, -1.0]"
2025-05-07 20:44:26.766445,-0.0805313,0.0318626,-0.000134881,2.55298,2.00109,0.7,0.0,-1,942.478,32.606,42.0,-1.0,"[-1.0, -1.0, -1.0, -1.0, -1.0, -1.0, -1.0, -1.0, -1.0, -1.0, -1.0, -1.0, -1.0, -1.0, -1.0, -1.0, -1.0, -1.0, -1.0]"
2025-05-07 20:44:26.785891,-0.0835993,0.0428798,-0.000195376,2.55298,2.0012,0.7,0.0,-1,942.478,32.626,42.0,-1.0,"[-1.0, -1.0, -1.0, -1.0, -1.0, -1.0, -1.0, -1.0, -1.0, -1.0, -1.0, -1.0, -1.0, -1.0, -1.0, -1.0, -1.0, -1.0, -1.0]"
2025-05-07 20:44:26.805281,-0.1313,0.0490089,-0.000176361,2.55298,2.0012,0.7,0.0,-1,942.478,32.646,42.0,-1.0,"[-1.0, -1.0, -1.0, -1.0, -1.0, -1.0, -1.0, -1.0, -1.0, -1.0, -1.0, -1.0, -1.0, -1.0, -1.0, -1.0, -1.0, -1.0, -1.0]"
2025-05-07 20:44:26.828574,-0.164318,-0.00138258,-0.000179851,2.55302,2.00128,0.7,0.0,-1,942.478,32.666,42.0,-1.0,"[-1.0, -1.0, -1.0, -1.0, -1.0, -1.0, -1.0, -1.0, -1.0, -1.0, -1.0, -1.0, -1.0, -1.0, -1.0, -1.0, -1.0, -1.0, -1.0]"
2025-05-07 20:44:26.846739,-0.0836405,0.0503519,-0.000191798,2.55298,2.0015,0.7,0.0,-1,942.478,32.686,42.0,-1.0,"[-1.0, -1.0, -1.0, -1.0, -1.0, -1.0, -1.0, -1.0, -1.0, -1.0, -1.0, -1.0, -1.0, -1.0, -1.0, -1.0, -1.0, -1.0, -1.0]"
2025-05-07 20:44:26.867636,-0.0923751,0.0570142,-0.000230818,2.55298,2.00154,0.7,0.0,-1,942.478,32.706,42.0,-1.0,"[-1.0, -1.0, -1.0, -1.0, -1.0, -1.0, -1.0, -1.0, -1.0, -1.0, -1.0, -1.0, -1.0, -1.0, -1.0, -1.0, -1.0, -1.0, -1.0]"
2025-05-07 20:44:26.885454,-0.0865016,0.0148844,-0.000164309,2.55298,2.00162,0.7,0.0,-1,942.478,32.726,42.0,-1.0,"[-1.0, -1.0, -1.0, -1.0, -1.0, -1.0, -1.0, -1.0, -1.0, -1.0, -1.0, -1.0, -1.0, -1.0, -1.0, -1.0, -1.0, -1.0, -1.0]"
2025-05-07 20:44:26.904934,-0.164182,0.0170387,-0.000202025,2.55302,2.00179,0.7,0.0,-1,942.478,32.746,42.0,-1.0,"[-1.0, -1.0, -1.0, -1.0, -1.0, -1.0, -1.0, -1.0, -1.0, -1.0, -1.0, -1.0, -1.0, -1.0, -1.0, -1.0, -1.0, -1.0, -1.0]"
2025-05-07 20:44:26.927136,-0.0969123,0.079282,-0.000184047,2.55298,2.00181,0.7,0.0,-1,942.478,32.766,42.0,-1.0,"[-1.0, -1.0, -1.0, -1.0, -1.0, -1.0, -1.0, -1.0, -1.0, -1.0, -1.0, -1.0, -1.0, -1.0, -1.0, -1.0, -1.0, -1.0, -1.0]"
2025-05-07 20:44:26.945154,-0.0860851,0.0313343,-0.000215896,2.55298,2.00187,0.7,0.0,-1,942.478,32.786,42.0,-1.0,"[-1.0, -1.0, -1.0, -1.0, -1.0, -1.0, -1.0, -1.0, -1.0, -1.0, -1.0, -1.0, -1.0, -1.0, -1.0, -1.0, -1.0, -1.0, -1.0]"
2025-05-07 20:44:26.966371,-0.120692,0.0222666,-0.00012281,2.55298,2.00207,0.7,0.0,-1,942.478,32.806,42.0,-1.0,"[-1.0, -1.0, -1.0, -1.0, -1.0, -1.0, -1.0, -1.0, -1.0, -1.0, -1.0, -1.0, -1.0, -1.0, -1.0, -1.0, -1.0, -1.0, -1.0]"
2025-05-07 20:44:26.986716,-0.156264,0.0559601,-0.000187817,2.55305,2.00215,0.7,0.0,-1,942.478,32.826,42.0,-1.0,"[-1.0, -1.0, -1.0, -1.0, -1.0, -1.0, -1.0, -1.0, -1.0, -1.0, -1.0, -1.0, -1.0, -1.0, -1.0, -1.0, -1.0, -1.0, -1.0]"
2025-05-07 20:44:27.007689,-0.128153,0.0455553,-0.000215681,2.553,2.00215,0.7,0.0,-1,942.478,32.846,42.0,-1.0,"[-1.0, -1.0, -1.0, -1.0, -1.0, -1.0, -1.0, -1.0, -1.0, -1.0, -1.0, -1.0, -1.0, -1.0, -1.0, -1.0, -1.0, -1.0, -1.0]"
2025-05-07 20:44:27.027580,-0.169076,0.064883,-0.000386892,2.55305,2.00221,0.7,0.0,-1,942.478,32.866,42.0,-1.0,"[-1.0, -1.0, -1.0, -1.0, -1.0, -1.0, -1.0, -1.0, -1.0, -1.0, -1.0, -1.0, -1.0, -1.0, -1.0, -1.0, -1.0, -1.0, -1.0]"
2025-05-07 20:44:27.047095,-0.147264,0.0532957,-0.000650057,2.55302,2.00221,0.7,0.0,-1,942.478,32.886,42.0,-1.0,"[-1.0, -1.0, -1.0, -1.0, -1.0, -1.0, -1.0, -1.0, -1.0, -1.0, -1.0, -1.0, -1.0, -1.0, -1.0, -1.0, -1.0, -1.0, -1.0]"
2025-05-07 20:44:27.066062,-0.170105,0.0735062,-0.000877649,2.55305,2.00214,0.7,0.0,-1,942.478,32.906,42.0,-1.0,"[-1.0, -1.0, -1.0, -1.0, -1.0, -1.0, -1.0, -1.0, -1.0, -1.0, -1.0, -1.0, -1.0, -1.0, -1.0, -1.0, -1.0, -1.0, -1.0]"
2025-05-07 20:44:27.086116,-0.1832,0.0478381,-0.0010374,2.55302,2.00208,0.7,0.0,-1,942.478,32.926,42.0,-1.0,"[-1.0, -1.0, -1.0, -1.0, -1.0, -1.0, -1.0, -1.0, -1.0, -1.0, -1.0, -1.0, -1.0, -1.0, -1.0, -1.0, -1.0, -1.0, -1.0]"
2025-05-07 20:44:27.104591,-0.162503,0.0933922,-0.00110467,2.55298,2.00192,0.7,0.0,-1,942.478,32.946,42.0,-1.0,"[-1.0, -1.0, -1.0, -1.0, -1.0, -1.0, -1.0, -1.0, -1.0, -1.0, -1.0, -1.0, -1.0, -1.0, -1.0, -1.0, -1.0, -1.0, -1.0]"
2025-05-07 20:44:27.128805,-0.158086,0.0899692,-0.0010235,2.55298,2.00181,0.7,0.0,-1,942.478,32.966,42.0,-1.0,"[-1.0, -1.0, -1.0, -1.0, -1.0, -1.0, -1.0, -1.0, -1.0, -1.0, -1.0, -1.0, -1.0, -1.0, -1.0, -1.0, -1.0, -1.0, -1.0]"
2025-05-07 20:44:27.144608,-0.18877,0.095577,-0.000983978,2.55302,2.00162,0.7,0.0,-1,942.478,32.986,42.0,-1.0,"[-1.0, -1.0, -1.0, -1.0, -1.0, -1.0, -1.0, -1.0, -1.0, -1.0, -1.0, -1.0, -1.0, -1.0, -1.0, -1.0, -1.0, -1.0, -1.0]"
2025-05-07 20:44:27.165400,-0.17386,0.0781686,-0.000803359,2.553,2.00147,0.7,0.0,-1,942.478,33.006,42.0,-1.0,"[-1.0, -1.0, -1.0, -1.0, -1.0, -1.0, -1.0, -1.0, -1.0, -1.0, -1.0, -1.0, -1.0, -1.0, -1.0, -1.0, -1.0, -1.0, -1.0]"
2025-05-07 20:44:27.185129,-0.192646,0.0897823,-0.000596009,2.55302,2.00128,0.7,0.0,-1,942.478,33.026,42.0,-1.0,"[-1.0, -1.0, -1.0, -1.0, -1.0, -1.0, -1.0, -1.0, -1.0, -1.0, -1.0, -1.0, -1.0, -1.0, -1.0, -1.0, -1.0, -1.0, -1.0]"
2025-05-07 20:44:27.209607,-0.198546,0.0712378,-0.000406528,2.553,2.00114,0.7,0.0,-1,942.478,33.046,42.0,-1.0,"[-1.0, -1.0, -1.0, -1.0, -1.0, -1.0, -1.0, -1.0, -1.0, -1.0, -1.0, -1.0, -1.0, -1.0, -1.0, -1.0, -1.0, -1.0, -1.0]"
2025-05-07 20:44:27.227985,-0.186606,0.0966469,-0.000195531,2.55302,2.00093,0.7,0.0,-1,942.478,33.066,42.0,-1.0,"[-1.0, -1.0, -1.0, -1.0, -1.0, -1.0, -1.0, -1.0, -1.0, -1.0, -1.0, -1.0, -1.0, -1.0, -1.0, -1.0, -1.0, -1.0, -1.0]"
2025-05-07 20:44:27.246356,-0.198723,0.0721712,-9.37705e-05,2.553,2.00078,0.7,0.0,-1,942.478,33.086,42.0,-1.0,"[-1.0, -1.0, -1.0, -1.0, -1.0, -1.0, -1.0, -1.0, -1.0, -1.0, -1.0, -1.0, -1.0, -1.0, -1.0, -1.0, -1.0, -1.0, -1.0]"
2025-05-07 20:44:27.265492,-0.186883,0.0971128,-6.99987e-05,2.55302,2.00057,0.7,0.0,-1,942.478,33.106,42.0,-1.0,"[-1.0, -1.0, -1.0, -1.0, -1.0, -1.0, -1.0, -1.0, -1.0, -1.0, -1.0, -1.0, -1.0, -1.0, -1.0, -1.0, -1.0, -1.0, -1.0]"
2025-05-07 20:44:27.287763,-0.198774,0.0733233,1.19781e-05,2.553,2.00042,0.7,0.0,-1,942.478,33.126,42.0,-1.0,"[-1.0, -1.0, -1.0, -1.0, -1.0, -1.0, -1.0, -1.0, -1.0, -1.0, -1.0, -1.0, -1.0, -1.0, -1.0, -1.0, -1.0, -1.0, -1.0]"
2025-05-07 20:44:27.307626,-0.187209,0.0976107,3.46075e-05,2.55302,2.00021,0.7,0.0,-1,942.478,33.146,42.0,-1.0,"[-1.0, -1.0, -1.0, -1.0, -1.0, -1.0, -1.0, -1.0, -1.0, -1.0, -1.0, -1.0, -1.0, -1.0, -1.0, -1.0, -1.0, -1.0, -1.0]"
2025-05-07 20:44:27.328492,-0.198827,0.0739207,0.000120309,2.553,2.00006,0.7,0.0,-1,942.478,33.166,42.0,-1.0,"[-1.0, -1.0, -1.0, -1.0, -1.0, -1.0, -1.0, -1.0, -1.0, -1.0, -1.0, -1.0, -1.0, -1.0, -1.0, -1.0, -1.0, -1.0, -1.0]"
2025-05-07 20:44:27.349051,-0.213728,0.0942066,0.000135415,2.553,1.99985,0.7,0.0,-1,942.478,33.186,42.0,-1.0,"[-1.0, -1.0, -1.0, -1.0, -1.0, -1.0, -1.0, -1.0, -1.0, -1.0, -1.0, -1.0, -1.0, -1.0, -1.0, -1.0, -1.0, -1.0, -1.0]"
2025-05-07 20:44:27.368780,-0.20373,0.0780011,0.000199462,2.55298,1.9997,0.7,0.0,-1,942.478,33.206,42.0,-1.0,"[-1.0, -1.0, -1.0, -1.0, -1.0, -1.0, -1.0, -1.0, -1.0, -1.0, -1.0, -1.0, -1.0, -1.0, -1.0, -1.0, -1.0, -1.0, -1.0]"
2025-05-07 20:44:27.387272,-0.189544,0.0998057,0.000178688,2.553,1.99947,0.7,0.0,-1,942.478,33.226,42.0,-1.0,"[-1.0, -1.0, -1.0, -1.0, -1.0, -1.0, -1.0, -1.0, -1.0, -1.0, -1.0, -1.0, -1.0, -1.0, -1.0, -1.0, -1.0, -1.0, -1.0]"
2025-05-07 20:44:27.409109,-0.199745,0.0752741,0.00020682,2.55298,1.99932,0.7,0.0,-1,942.478,33.246,42.0,-1.0,"[-1.0, -1.0, -1.0, -1.0, -1.0, -1.0, -1.0, -1.0, -1.0, -1.0, -1.0, -1.0, -1.0, -1.0, -1.0, -1.0, -1.0, -1.0, -1.0]"
2025-05-07 20:44:27.427059,-0.187937,0.098351,0.000157516,2.553,1.9991,0.7,0.0,-1,942.478,33.266,42.0,-1.0,"[-1.0, -1.0, -1.0, -1.0, -1.0, -1.0, -1.0, -1.0, -1.0, -1.0, -1.0, -1.0, -1.0, -1.0, -1.0, -1.0, -1.0, -1.0, -1.0]"
2025-05-07 20:44:27.447711,-0.19898,0.0745124,0.000147986,2.55298,1.99895,0.7,0.0,-1,942.478,33.286,42.0,-1.0,"[-1.0, -1.0, -1.0, -1.0, -1.0, -1.0, -1.0, -1.0, -1.0, -1.0, -1.0, -1.0, -1.0, -1.0, -1.0, -1.0, -1.0, -1.0, -1.0]"
2025-05-07 20:44:27.465941,-0.187605,0.0980404,7.31877e-05,2.553,1.99873,0.7,0.0,-1,942.478,33.306,42.0,-1.0,"[-1.0, -1.0, -1.0, -1.0, -1.0, -1.0, -1.0, -1.0, -1.0, -1.0, -1.0, -1.0, -1.0, -1.0, -1.0, -1.0, -1.0, -1.0, -1.0]"
2025-05-07 20:44:27.487885,-0.198803,0.0743811,4.46572e-05,2.55298,1.99858,0.7,0.0,-1,942.478,33.326,42.0,-1.0,"[-1.0, -1.0, -1.0, -1.0, -1.0, -1.0, -1.0, -1.0, -1.0, -1.0, -1.0, -1.0, -1.0, -1.0, -1.0, -1.0, -1.0, -1.0, -1.0]"
2025-05-07 20:44:27.508635,-0.187509,0.0979661,-6.94696e-05,2.553,1.99836,0.7,0.0,-1,942.478,33.346,42.0,-1.0,"[-1.0, -1.0, -1.0, -1.0, -1.0, -1.0, -1.0, -1.0, -1.0, -1.0, -1.0, -1.0, -1.0, -1.0, -1.0, -1.0, -1.0, -1.0, -1.0]"
2025-05-07 20:44:27.527646,-0.198668,0.0744377,-0.000127604,2.55298,1.99821,0.7,0.0,-1,942.478,33.366,42.0,-1.0,"[-1.0, -1.0, -1.0, -1.0, -1.0, -1.0, -1.0, -1.0, -1.0, -1.0, -1.0, -1.0, -1.0, -1.0, -1.0, -1.0, -1.0, -1.0, -1.0]"
2025-05-07 20:44:27.547764,-0.187527,0.0979585,-0.000214816,2.553,1.99799,0.7,0.0,-1,942.478,33.386,42.0,-1.0,"[-1.0, -1.0, -1.0, -1.0, -1.0, -1.0, -1.0, -1.0, -1.0, -1.0, -1.0, -1.0, -1.0, -1.0, -1.0, -1.0, -1.0, -1.0, -1.0]"
2025-05-07 20:44:27.565748,-0.198665,0.0743398,-0.000187487,2.55298,1.99784,0.7,0.0,-1,942.478,33.406,42.0,-1.0,"[-1.0, -1.0, -1.0, -1.0, -1.0, -1.0, -1.0, -1.0, -1.0, -1.0, -1.0, -1.0, -1.0, -1.0, -1.0, -1.0, -1.0, -1.0, -1.0]"
2025-05-07 20:44:27.586448,-0.213752,0.0942,-0.000223662,2.55298,1.99763,0.7,0.0,-1,942.478,33.426,42.0,-1.0,"[-1.0, -1.0, -1.0, -1.0, -1.0, -1.0, -1.0, -1.0, -1.0, -1.0, -1.0, -1.0, -1.0, -1.0, -1.0, -1.0, -1.0, -1.0, -1.0]"
2025-05-07 20:44:27.609350,-0.178821,0.0848165,-0.000183104,2.55296,1.99747,0.7,0.0,-1,942.478,33.446,42.0,-1.0,"[-1.0, -1.0, -1.0, -1.0, -1.0, -1.0, -1.0, -1.0, -1.0, -1.0, -1.0, -1.0, -1.0, -1.0, -1.0, -1.0, -1.0, -1.0, -1.0]"
2025-05-07 20:44:27.628555,-0.195108,0.0926505,-0.00020412,2.55298,1.99725,0.7,0.0,-1,942.478,33.466,42.0,-1.0,"[-1.0, -1.0, -1.0, -1.0, -1.0, -1.0, -1.0, -1.0, -1.0, -1.0, -1.0, -1.0, -1.0, -1.0, -1.0, -1.0, -1.0, -1.0, -1.0]"
2025-05-07 20:44:27.647035,-0.198467,0.0755472,-0.000186974,2.55296,1.9971,0.7,0.0,-1,942.478,33.486,42.0,-1.0,"[-1.0, -1.0, -1.0, -1.0, -1.0, -1.0, -1.0, -1.0, -1.0, -1.0, -1.0, -1.0, -1.0, -1.0, -1.0, -1.0, -1.0, -1.0, -1.0]"
2025-05-07 20:44:27.666947,-0.188127,0.0983133,-0.000189055,2.55298,1.99688,0.7,0.0,-1,942.478,33.506,42.0,-1.0,"[-1.0, -1.0, -1.0, -1.0, -1.0, -1.0, -1.0, -1.0, -1.0, -1.0, -1.0, -1.0, -1.0, -1.0, -1.0, -1.0, -1.0, -1.0, -1.0]"
2025-05-07 20:44:27.685955,-0.198823,0.0742622,-0.000172325,2.55296,1.99673,0.7,0.0,-1,942.478,33.526,42.0,-1.0,"[-1.0, -1.0, -1.0, -1.0, -1.0, -1.0, -1.0, -1.0, -1.0, -1.0, -1.0, -1.0, -1.0, -1.0, -1.0, -1.0, -1.0, -1.0, -1.0]"
2025-05-07 20:44:27.707784,-0.187378,0.0977483,-0.000182958,2.55298,1.99652,0.7,0.0,-1,942.478,33.546,42.0,-1.0,"[-1.0, -1.0, -1.0, -1.0, -1.0, -1.0, -1.0, -1.0, -1.0, -1.0, -1.0, -1.0, -1.0, -1.0, -1.0, -1.0, -1.0, -1.0, -1.0]"
2025-05-07 20:44:27.728640,-0.198294,0.0742504,-0.000178219,2.55296,1.99636,0.7,0.0,-1,942.478,33.566,42.0,-1.0,"[-1.0, -1.0, -1.0, -1.0, -1.0, -1.0, -1.0, -1.0, -1.0, -1.0, -1.0, -1.0, -1.0, -1.0, -1.0, -1.0, -1.0, -1.0, -1.0]"
2025-05-07 20:44:27.745746,-0.187441,0.097709,-0.000185099,2.55298,1.99615,0.7,0.0,-1,942.478,33.586,42.0,-1.0,"[-1.0, -1.0, -1.0, -1.0, -1.0, -1.0, -1.0, -1.0, -1.0, -1.0, -1.0, -1.0, -1.0, -1.0, -1.0, -1.0, -1.0, -1.0, -1.0]"
2025-05-07 20:44:27.765641,-0.198391,0.0740806,-0.000187751,2.55296,1.996,0.7,0.0,-1,942.478,33.606,42.0,-1.0,"[-1.0, -1.0, -1.0, -1.0, -1.0, -1.0, -1.0, -1.0, -1.0, -1.0, -1.0, -1.0, -1.0, -1.0, -1.0, -1.0, -1.0, -1.0, -1.0]"
2025-05-07 20:44:27.784655,-0.187304,0.0975887,-0.000201157,2.55298,1.99578,0.7,0.0,-1,942.478,33.626,42.0,-1.0,"[-1.0, -1.0, -1.0, -1.0, -1.0, -1.0, -1.0, -1.0, -1.0, -1.0, -1.0, -1.0, -1.0, -1.0, -1.0, -1.0, -1.0, -1.0, -1.0]"
2025-05-07 20:44:27.808636,-0.198168,0.0740737,-0.000187765,2.55296,1.99563,0.7,0.0,-1,942.478,33.646,42.0,-1.0,"[-1.0, -1.0, -1.0, -1.0, -1.0, -1.0, -1.0, -1.0, -1.0, -1.0, -1.0, -1.0, -1.0, -1.0, -1.0, -1.0, -1.0, -1.0, -1.0]"
2025-05-07 20:44:27.828769,-0.187337,0.0975757,-0.000202489,2.55298,1.99541,0.7,0.0,-1,942.478,33.666,42.0,-1.0,"[-1.0, -1.0, -1.0, -1.0, -1.0, -1.0, -1.0, -1.0, -1.0, -1.0, -1.0, -1.0, -1.0, -1.0, -1.0, -1.0, -1.0, -1.0, -1.0]"
2025-05-07 20:44:27.848681,-0.164811,0.0887716,-0.000196958,2.55293,1.99526,0.7,0.0,-1,942.478,33.686,42.0,-1.0,"[-1.0, -1.0, -1.0, -1.0, -1.0, -1.0, -1.0, -1.0, -1.0, -1.0, -1.0, -1.0, -1.0, -1.0, -1.0, -1.0, -1.0, -1.0, -1.0]"
2025-05-07 20:44:27.868896,-0.192598,0.0915627,-0.000200421,2.55296,1.99506,0.7,0.0,-1,942.478,33.706,42.0,-1.0,"[-1.0, -1.0, -1.0, -1.0, -1.0, -1.0, -1.0, -1.0, -1.0, -1.0, -1.0, -1.0, -1.0, -1.0, -1.0, -1.0, -1.0, -1.0, -1.0]"
2025-05-07 20:44:27.885862,-0.197594,0.0740589,-0.000170444,2.55293,1.99491,0.7,0.0,-1,942.478,33.726,42.0,-1.0,"[-1.0, -1.0, -1.0, -1.0, -1.0, -1.0, -1.0, -1.0, -1.0, -1.0, -1.0, -1.0, -1.0, -1.0, -1.0, -1.0, -1.0, -1.0, -1.0]"
2025-05-07 20:44:27.905674,-0.187429,0.0975517,-0.000191086,2.55296,1.9947,0.7,0.0,-1,942.478,33.746,42.0,-1.0,"[-1.0, -1.0, -1.0, -1.0, -1.0, -1.0, -1.0, -1.0, -1.0, -1.0, -1.0, -1.0, -1.0, -1.0, -1.0, -1.0, -1.0, -1.0, -1.0]"
2025-05-07 20:44:27.928735,-0.198191,0.0737668,-0.000181328,2.55293,1.99455,0.7,0.0,-1,942.478,33.766,42.0,-1.0,"[-1.0, -1.0, -1.0, -1.0, -1.0, -1.0, -1.0, -1.0, -1.0, -1.0, -1.0, -1.0, -1.0, -1.0, -1.0, -1.0, -1.0, -1.0, -1.0]"
2025-05-07 20:44:27.947932,-0.187117,0.0973349,-0.000193723,2.55296,1.99433,0.7,0.0,-1,942.478,33.786,42.0,-1.0,"[-1.0, -1.0, -1.0, -1.0, -1.0, -1.0, -1.0, -1.0, -1.0, -1.0, -1.0, -1.0, -1.0, -1.0, -1.0, -1.0, -1.0, -1.0, -1.0]"
2025-05-07 20:44:27.966295,-0.197848,0.0738458,-0.00018334,2.55293,1.99418,0.7,0.0,-1,942.478,33.806,42.0,-1.0,"[-1.0, -1.0, -1.0, -1.0, -1.0, -1.0, -1.0, -1.0, -1.0, -1.0, -1.0, -1.0, -1.0, -1.0, -1.0, -1.0, -1.0, -1.0, -1.0]"
2025-05-07 20:44:27.985311,-0.187222,0.0973638,-0.000203992,2.55296,1.99396,0.7,0.0,-1,942.478,33.826,42.0,-1.0,"[-1.0, -1.0, -1.0, -1.0, -1.0, -1.0, -1.0, -1.0, -1.0, -1.0, -1.0, -1.0, -1.0, -1.0, -1.0, -1.0, -1.0, -1.0, -1.0]"
2025-05-07 20:44:28.008465,-0.198052,0.0737104,-0.00016872,2.55293,1.99381,0.7,0.0,-1,942.478,33.846,42.0,-1.0,"[-1.0, -1.0, -1.0, -1.0, -1.0, -1.0, -1.0, -1.0, -1.0, -1.0, -1.0, -1.0, -1.0, -1.0, -1.0, -1.0, -1.0, -1.0, -1.0]"
2025-05-07 20:44:28.028882,-0.187105,0.0972382,-0.000181347,2.55296,1.9936,0.7,0.0,-1,942.478,33.866,42.0,-1.0,"[-1.0, -1.0, -1.0, -1.0, -1.0, -1.0, -1.0, -1.0, -1.0, -1.0, -1.0, -1.0, -1.0, -1.0, -1.0, -1.0, -1.0, -1.0, -1.0]"
2025-05-07 20:44:28.045463,-0.197817,0.0737317,-0.000175034,2.55293,1.99345,0.7,0.0,-1,942.478,33.886,42.0,-1.0,"[-1.0, -1.0, -1.0, -1.0, -1.0, -1.0, -1.0, -1.0, -1.0, -1.0, -1.0, -1.0, -1.0, -1.0, -1.0, -1.0, -1.0, -1.0, -1.0]"
2025-05-07 20:44:28.066186,-0.187142,0.0972473,-0.000191104,2.55296,1.99323,0.7,0.0,-1,942.478,33.906,42.0,-1.0,"[-1.0, -1.0, -1.0, -1.0, -1.0, -1.0, -1.0, -1.0, -1.0, -1.0, -1.0, -1.0, -1.0, -1.0, -1.0, -1.0, -1.0, -1.0, -1.0]"
2025-05-07 20:44:28.085186,-0.197865,0.0736388,-0.000177223,2.55293,1.99308,0.7,0.0,-1,942.478,33.926,42.0,-1.0,"[-1.0, -1.0, -1.0, -1.0, -1.0, -1.0, -1.0, -1.0, -1.0, -1.0, -1.0, -1.0, -1.0, -1.0, -1.0, -1.0, -1.0, -1.0, -1.0]"
2025-05-07 20:44:28.107518,-0.187037,0.0971374,-0.000182894,2.55296,1.99287,0.7,0.0,-1,942.478,33.946,42.0,-1.0,"[-1.0, -1.0, -1.0, -1.0, -1.0, -1.0, -1.0, -1.0, -1.0, -1.0, -1.0, -1.0, -1.0, -1.0, -1.0, -1.0, -1.0, -1.0, -1.0]"
2025-05-07 20:44:28.126961,-0.197698,0.0735846,-0.000171144,2.55293,1.99271,0.7,0.0,-1,942.478,33.966,42.0,-1.0,"[-1.0, -1.0, -1.0, -1.0, -1.0, -1.0, -1.0, -1.0, -1.0, -1.0, -1.0, -1.0, -1.0, -1.0, -1.0, -1.0, -1.0, -1.0, -1.0]"
2025-05-07 20:44:28.148896,-0.187092,0.0970985,-0.000182819,2.55296,1.9925,0.7,0.0,-1,942.478,33.986,42.0,-1.0,"[-1.0, -1.0, -1.0, -1.0, -1.0, -1.0, -1.0, -1.0, -1.0, -1.0, -1.0, -1.0, -1.0, -1.0, -1.0, -1.0, -1.0, -1.0, -1.0]"
2025-05-07 20:44:28.164871,-0.153804,0.0908401,-0.000178742,2.55289,1.99234,0.7,0.0,-1,942.478,34.006,42.0,-1.0,"[-1.0, -1.0, -1.0, -1.0, -1.0, -1.0, -1.0, -1.0, -1.0, -1.0, -1.0, -1.0, -1.0, -1.0, -1.0, -1.0, -1.0, -1.0, -1.0]"
2025-05-07 20:44:28.189166,-0.187417,0.0950625,-0.000200294,2.55293,1.99215,0.7,0.0,-1,942.478,34.026,42.0,-1.0,"[-1.0, -1.0, -1.0, -1.0, -1.0, -1.0, -1.0, -1.0, -1.0, -1.0, -1.0, -1.0, -1.0, -1.0, -1.0, -1.0, -1.0, -1.0, -1.0]"
2025-05-07 20:44:28.208769,-0.195919,0.0737606,-0.00019559,2.55291,1.99199,0.7,0.0,-1,942.478,34.046,42.0,-1.0,"[-1.0, -1.0, -1.0, -1.0, -1.0, -1.0, -1.0, -1.0, -1.0, -1.0, -1.0, -1.0, -1.0, -1.0, -1.0, -1.0, -1.0, -1.0, -1.0]"
2025-05-07 20:44:28.226893,-0.187231,0.0971526,-0.000207187,2.55293,1.99178,0.7,0.0,-1,942.478,34.066,42.0,-1.0,"[-1.0, -1.0, -1.0, -1.0, -1.0, -1.0, -1.0, -1.0, -1.0, -1.0, -1.0, -1.0, -1.0, -1.0, -1.0, -1.0, -1.0, -1.0, -1.0]"
2025-05-07 20:44:28.245783,-0.197768,0.0729397,-0.000193293,2.55291,1.99164,0.7,0.0,-1,942.478,34.086,42.0,-1.0,"[-1.0, -1.0, -1.0, -1.0, -1.0, -1.0, -1.0, -1.0, -1.0, -1.0, -1.0, -1.0, -1.0, -1.0, -1.0, -1.0, -1.0, -1.0, -1.0]"
2025-05-07 20:44:28.268569,-0.186719,0.0966928,-0.000188168,2.55293,1.99142,0.7,0.0,-1,942.478,34.106,42.0,-1.0,"[-1.0, -1.0, -1.0, -1.0, -1.0, -1.0, -1.0, -1.0, -1.0, -1.0, -1.0, -1.0, -1.0, -1.0, -1.0, -1.0, -1.0, -1.0, -1.0]"
2025-05-07 20:44:28.288139,-0.1972,0.0732293,-0.000185306,2.55291,1.99127,0.7,0.0,-1,942.478,34.126,42.0,-1.0,"[-1.0, -1.0, -1.0, -1.0, -1.0, -1.0, -1.0, -1.0, -1.0, -1.0, -1.0, -1.0, -1.0, -1.0, -1.0, -1.0, -1.0, -1.0, -1.0]"
2025-05-07 20:44:28.307171,-0.186919,0.0968123,-0.000195692,2.55293,1.99106,0.7,0.0,-1,942.478,34.146,42.0,-1.0,"[-1.0, -1.0, -1.0, -1.0, -1.0, -1.0, -1.0, -1.0, -1.0, -1.0, -1.0, -1.0, -1.0, -1.0, -1.0, -1.0, -1.0, -1.0, -1.0]"
2025-05-07 20:44:28.327310,-0.197545,0.0730235,-0.000181541,2.55291,1.99091,0.7,0.0,-1,942.478,34.166,42.0,-1.0,"[-1.0, -1.0, -1.0, -1.0, -1.0, -1.0, -1.0, -1.0, -1.0, -1.0, -1.0, -1.0, -1.0, -1.0, -1.0, -1.0, -1.0, -1.0, -1.0]"
2025-05-07 20:44:28.345802,-0.186719,0.0966571,-0.000186752,2.55293,1.9907,0.7,0.0,-1,942.478,34.186,42.0,-1.0,"[-1.0, -1.0, -1.0, -1.0, -1.0, -1.0, -1.0, -1.0, -1.0, -1.0, -1.0, -1.0, -1.0, -1.0, -1.0, -1.0, -1.0, -1.0, -1.0]"
2025-05-07 20:44:28.365123,-0.197145,0.073113,-0.000174113,2.55291,1.99054,0.7,0.0,-1,942.478,34.206,42.0,-1.0,"[-1.0, -1.0, -1.0, -1.0, -1.0, -1.0, -1.0, -1.0, -1.0, -1.0, -1.0, -1.0, -1.0, -1.0, -1.0, -1.0, -1.0, -1.0, -1.0]"
2025-05-07 20:44:28.385135,-0.186845,0.0966859,-0.000195295,2.55293,1.99033,0.7,0.0,-1,942.478,34.226,42.0,-1.0,"[-1.0, -1.0, -1.0, -1.0, -1.0, -1.0, -1.0, -1.0, -1.0, -1.0, -1.0, -1.0, -1.0, -1.0, -1.0, -1.0, -1.0, -1.0, -1.0]"
2025-05-07 20:44:28.405326,-0.197415,0.0728984,-0.00017942,2.55291,1.99018,0.7,0.0,-1,942.478,34.246,42.0,-1.0,"[-1.0, -1.0, -1.0, -1.0, -1.0, -1.0, -1.0, -1.0, -1.0, -1.0, -1.0, -1.0, -1.0, -1.0, -1.0, -1.0, -1.0, -1.0, -1.0]"
2025-05-07 20:44:28.425143,-0.186681,0.0965289,-0.000194221,2.55293,1.98997,0.7,0.0,-1,942.478,34.266,42.0,-1.0,"[-1.0, -1.0, -1.0, -1.0, -1.0, -1.0, -1.0, -1.0, -1.0, -1.0, -1.0, -1.0, -1.0, -1.0, -1.0, -1.0, -1.0, -1.0, -1.0]"
2025-05-07 20:44:28.444655,-0.197112,0.0730075,-0.000193805,2.55291,1.98982,0.7,0.0,-1,942.478,34.286,42.0,-1.0,"[-1.0, -1.0, -1.0, -1.0, -1.0, -1.0, -1.0, -1.0, -1.0, -1.0, -1.0, -1.0, -1.0, -1.0, -1.0, -1.0, -1.0, -1.0, -1.0]"
2025-05-07 20:44:28.468765,-0.186822,0.0965908,-0.000202633,2.55293,1.98961,0.7,0.0,-1,942.478,34.306,42.0,-1.0,"[-1.0, -1.0, -1.0, -1.0, -1.0, -1.0, -1.0, -1.0, -1.0, -1.0, -1.0, -1.0, -1.0, -1.0, -1.0, -1.0, -1.0, -1.0, -1.0]"
2025-05-07 20:44:28.485631,-0.197228,0.0729909,-0.000185656,2.55291,1.98946,0.7,0.0,-1,942.478,34.326,42.0,-1.0,"[-1.0, -1.0, -1.0, -1.0, -1.0, -1.0, -1.0, -1.0, -1.0, -1.0, -1.0, -1.0, -1.0, -1.0, -1.0, -1.0, -1.0, -1.0, -1.0]"
2025-05-07 20:44:28.506759,-0.186775,0.0965643,-0.000197606,2.55293,1.98924,0.7,0.0,-1,942.478,34.346,42.0,-1.0,"[-1.0, -1.0, -1.0, -1.0, -1.0, -1.0, -1.0, -1.0, -1.0, -1.0, -1.0, -1.0, -1.0, -1.0, -1.0, -1.0, -1.0, -1.0, -1.0]"
2025-05-07 20:44:28.526309,-0.162874,0.0881784,-0.000186379,2.55289,1.98909,0.7,0.0,-1,942.478,34.366,42.0,-1.0,"[-1.0, -1.0, -1.0, -1.0, -1.0, -1.0, -1.0, -1.0, -1.0, -1.0, -1.0, -1.0, -1.0, -1.0, -1.0, -1.0, -1.0, -1.0, -1.0]"
2025-05-07 20:44:28.548730,-0.189006,0.096305,-0.000213321,2.55291,1.98889,0.7,0.0,-1,942.478,34.386,42.0,-1.0,"[-1.0, -1.0, -1.0, -1.0, -1.0, -1.0, -1.0, -1.0, -1.0, -1.0, -1.0, -1.0, -1.0, -1.0, -1.0, -1.0, -1.0, -1.0, -1.0]"
2025-05-07 20:44:28.568243,-0.196791,0.07375,-0.000181478,2.55289,1.98873,0.7,0.0,-1,942.478,34.406,42.0,-1.0,"[-1.0, -1.0, -1.0, -1.0, -1.0, -1.0, -1.0, -1.0, -1.0, -1.0, -1.0, -1.0, -1.0, -1.0, -1.0, -1.0, -1.0, -1.0, -1.0]"
2025-05-07 20:44:28.587496,-0.187175,0.0968412,-0.000193194,2.55291,1.98853,0.42187175000000005,0.0,-1,942.478,34.426,42.0,1.0,"[-1.0, -1.0, -1.0, -1.0, -1.0, -1.0, -1.0, -1.0, -1.0, -1.0, -1.0, -1.0, -1.0, -1.0, -1.0, -1.0, -1.0, -1.0, -1.0]"
2025-05-07 20:44:28.609018,-0.197375,0.0728189,-0.000175458,2.55289,1.98838,0.42197375000000004,0.0,-1,942.478,34.446,42.0,1.0,"[-1.0, -1.0, -1.0, -1.0, -1.0, -1.0, -1.0, -1.0, -1.0, -1.0, -1.0, -1.0, -1.0, -1.0, -1.0, -1.0, -1.0, -1.0, -1.0]"
2025-05-07 20:44:28.626900,-0.186625,0.0963642,-0.000175386,2.55291,1.98816,0.42186625,0.0,-1,942.478,34.466,42.0,1.0,"[-1.0, -1.0, -1.0, -1.0, -1.0, -1.0, -1.0, -1.0, -1.0, -1.0, -1.0, -1.0, -1.0, -1.0, -1.0, -1.0, -1.0, -1.0, -1.0]"
2025-05-07 20:44:28.645494,-0.196755,0.0728679,-0.000175865,2.55289,1.98801,0.42196755,0.0,-1,942.478,34.486,42.0,1.0,"[-1.0, -1.0, -1.0, -1.0, -1.0, -1.0, -1.0, -1.0, -1.0, -1.0, -1.0, -1.0, -1.0, -1.0, -1.0, -1.0, -1.0, -1.0, -1.0]"
2025-05-07 20:44:28.669056,-0.186724,0.096362,-0.0001999,2.55291,1.9878,0.42186724,0.0,-1,942.478,34.506,42.0,1.0,"[-1.0, -1.0, -1.0, -1.0, -1.0, -1.0, -1.0, -1.0, -1.0, -1.0, -1.0, -1.0, -1.0, -1.0, -1.0, -1.0, -1.0, -1.0, -1.0]"
2025-05-07 20:44:28.685920,-0.196942,0.0726452,-0.000194801,2.55289,1.98765,0.42196942,0.0,-1,942.478,34.526,42.0,1.0,"[-1.0, -1.0, -1.0, -1.0, -1.0, -1.0, -1.0, -1.0, -1.0, -1.0, -1.0, -1.0, -1.0, -1.0, -1.0, -1.0, -1.0, -1.0, -1.0]"
2025-05-07 20:44:28.705980,-0.186587,0.096241,-0.00021435,2.55291,1.98744,0.42186587000000003,0.0,-1,942.478,34.546,42.0,1.0,"[-1.0, -1.0, -1.0, -1.0, -1.0, -1.0, -1.0, -1.0, -1.0, -1.0, -1.0, -1.0, -1.0, -1.0, -1.0, -1.0, -1.0, -1.0, -1.0]"
2025-05-07 20:44:28.727287,-0.196792,0.0726994,-0.000174081,2.55289,1.98729,0.42196792,0.0,-1,942.478,34.566,42.0,1.0,"[-1.0, -1.0, -1.0, -1.0, -1.0, -1.0, -1.0, -1.0, -1.0, -1.0, -1.0, -1.0, -1.0, -1.0, -1.0, -1.0, -1.0, -1.0, -1.0]"
2025-05-07 20:44:28.746987,-0.186581,0.0962299,-0.000189632,2.55291,1.98708,0.42186580999999995,0.0,-1,942.478,34.586,42.0,1.0,"[-1.0, -1.0, -1.0, -1.0, -1.0, -1.0, -1.0, -1.0, -1.0, -1.0, -1.0, -1.0, -1.0, -1.0, -1.0, -1.0, -1.0, -1.0, -1.0]"
2025-05-07 20:44:28.766161,-0.196719,0.0726143,-0.000190594,2.55289,1.98693,0.42196719,0.0,-1,942.478,34.606,42.0,1.0,"[-1.0, -1.0, -1.0, -1.0, -1.0, -1.0, -1.0, -1.0, -1.0, -1.0, -1.0, -1.0, -1.0, -1.0, -1.0, -1.0, -1.0, -1.0, -1.0]"
2025-05-07 20:44:28.784965,-0.186619,0.0962286,-0.00019105,2.55291,1.98671,0.42186619000000003,0.0,-1,942.478,34.626,42.0,1.0,"[-1.0, -1.0, -1.0, -1.0, -1.0, -1.0, -1.0, -1.0, -1.0, -1.0, -1.0, -1.0, -1.0, -1.0, -1.0, -1.0, -1.0, -1.0, -1.0]"
2025-05-07 20:44:28.807596,-0.196696,0.0725638,-0.000186786,2.55289,1.98656,0.42196696,0.0,-1,942.478,34.646,42.0,1.0,"[-1.0, -1.0, -1.0, -1.0, -1.0, -1.0, -1.0, -1.0, -1.0, -1.0, -1.0, -1.0, -1.0, -1.0, -1.0, -1.0, -1.0, -1.0, -1.0]"
2025-05-07 20:44:28.826602,-0.186515,0.0960741,-0.000195352,2.55291,1.98635,0.42186515,0.0,-1,942.478,34.666,42.0,1.0,"[-1.0, -1.0, -1.0, -1.0, -1.0, -1.0, -1.0, -1.0, -1.0, -1.0, -1.0, -1.0, -1.0, -1.0, -1.0, -1.0, -1.0, -1.0, -1.0]"
2025-05-07 20:44:28.849306,-0.19655,0.0725393,-0.000185962,2.55289,1.9862,0.4219655,0.0,-1,942.478,34.686,42.0,1.0,"[-1.0, -1.0, -1.0, -1.0, -1.0, -1.0, -1.0, -1.0, -1.0, -1.0, -1.0, -1.0, -1.0, -1.0, -1.0, -1.0, -1.0, -1.0, -1.0]"
2025-05-07 20:44:28.866352,-0.186527,0.0960594,-0.000191196,2.55291,1.98599,0.42186526999999996,0.0,-1,942.478,34.706,42.0,1.0,"[-1.0, -1.0, -1.0, -1.0, -1.0, -1.0, -1.0, -1.0, -1.0, -1.0, -1.0, -1.0, -1.0, -1.0, -1.0, -1.0, -1.0, -1.0, -1.0]"
2025-05-07 20:44:28.888192,-0.196662,0.0723669,-0.000182665,2.55289,1.98584,0.42196662,0.0,-1,942.478,34.726,42.0,1.0,"[-1.0, -1.0, -1.0, -1.0, -1.0, -1.0, -1.0, -1.0, -1.0, -1.0, -1.0, -1.0, -1.0, -1.0, -1.0, -1.0, -1.0, -1.0, -1.0]"
2025-05-07 20:44:28.907238,-0.186375,0.0959253,-0.000200606,2.55291,1.98563,0.42186375,0.0,-1,942.478,34.746,42.0,1.0,"[-1.0, -1.0, -1.0, -1.0, -1.0, -1.0, -1.0, -1.0, -1.0, -1.0, -1.0, -1.0, -1.0, -1.0, -1.0, -1.0, -1.0, -1.0, -1.0]"
2025-05-07 20:44:28.926691,-0.19643,0.0723335,-0.000176173,2.55289,1.98548,0.4219643,0.0,-1,942.478,34.766,42.0,1.0,"[-1.0, -1.0, -1.0, -1.0, -1.0, -1.0, -1.0, -1.0, -1.0, -1.0, -1.0, -1.0, -1.0, -1.0, -1.0, -1.0, -1.0, -1.0, -1.0]"
2025-05-07 20:44:28.945293,-0.186467,0.0959157,-0.000187446,2.55291,1.98527,0.42186467,0.0,-1,942.478,34.786,42.0,1.0,"[-1.0, -1.0, -1.0, -1.0, -1.0, -1.0, -1.0, -1.0, -1.0, -1.0, -1.0, -1.0, -1.0, -1.0, -1.0, -1.0, -1.0, -1.0, -1.0]"
2025-05-07 20:44:28.967798,-0.196457,0.0722663,-0.000185998,2.55289,1.98512,0.42196457000000004,0.0,-1,942.478,34.806,42.0,1.0,"[-1.0, -1.0, -1.0, -1.0, -1.0, -1.0, -1.0, -1.0, -1.0, -1.0, -1.0, -1.0, -1.0, -1.0, -1.0, -1.0, -1.0, -1.0, -1.0]"
2025-05-07 20:44:28.986971,-0.186393,0.0958482,-0.00019499,2.55291,1.98491,0.42186393,0.0,-1,942.478,34.826,42.0,1.0,"[-1.0, -1.0, -1.0, -1.0, -1.0, -1.0, -1.0, -1.0, -1.0, -1.0, -1.0, -1.0, -1.0, -1.0, -1.0, -1.0, -1.0, -1.0, -1.0]"
2025-05-07 20:44:29.004967,-0.109117,0.074822,-0.000122886,2.55287,1.9848,0.42109116999999996,0.0,-1,942.478,34.846,42.0,1.0,"[-1.0, -1.0, -1.0, -1.0, -1.0, -1.0, -1.0, -1.0, -1.0, -1.0, -1.0, -1.0, -1.0, -1.0, -1.0, -1.0, -1.0, -1.0, -1.0]"
2025-05-07 20:44:29.026636,-0.177779,0.0503063,0.000152617,2.55291,1.98471,0.42177779,0.0,-1,942.478,34.866,42.0,1.0,"[-1.0, -1.0, -1.0, -1.0, -1.0, -1.0, -1.0, -1.0, -1.0, -1.0, -1.0, -1.0, -1.0, -1.0, -1.0, -1.0, -1.0, -1.0, -1.0]"
2025-05-07 20:44:29.047458,-0.0640723,0.0799666,0.000599932,2.55287,1.98462,0.420640723,0.0,-1,942.478,34.886,42.0,1.0,"[-1.0, -1.0, -1.0, -1.0, -1.0, -1.0, -1.0, -1.0, -1.0, -1.0, -1.0, -1.0, -1.0, -1.0, -1.0, -1.0, -1.0, -1.0, -1.0]"
2025-05-07 20:44:29.068706,-0.12997,0.0380369,0.000947901,2.55287,1.98458,0.4212997,0.0,-1,942.478,34.906,42.0,1.0,"[-1.0, -1.0, -1.0, -1.0, -1.0, -1.0, -1.0, -1.0, -1.0, -1.0, -1.0, -1.0, -1.0, -1.0, -1.0, -1.0, -1.0, -1.0, -1.0]"
2025-05-07 20:44:29.085749,-0.158992,0.0253446,0.00122615,2.55289,1.98468,0.42158991999999995,0.0,-1,942.478,34.926,42.0,1.0,"[-1.0, -1.0, -1.0, -1.0, -1.0, -1.0, -1.0, -1.0, -1.0, -1.0, -1.0, -1.0, -1.0, -1.0, -1.0, -1.0, -1.0, -1.0, -1.0]"
2025-05-07 20:44:29.105576,-0.12426,0.0259614,0.00125049,2.55289,1.98468,0.4212426,0.0,-1,942.478,34.946,42.0,1.0,"[-1.0, -1.0, -1.0, -1.0, -1.0, -1.0, -1.0, -1.0, -1.0, -1.0, -1.0, -1.0, -1.0, -1.0, -1.0, -1.0, -1.0, -1.0, -1.0]"
2025-05-07 20:44:29.125593,-0.151898,0.0112058,0.00118812,2.55289,1.98481,0.42151898000000004,0.0,-1,942.478,34.966,42.0,1.0,"[-1.0, -1.0, -1.0, -1.0, -1.0, -1.0, -1.0, -1.0, -1.0, -1.0, -1.0, -1.0, -1.0, -1.0, -1.0, -1.0, -1.0, -1.0, -1.0]"
2025-05-07 20:44:29.146141,-0.126381,0.029449,0.00100217,2.55289,1.98481,0.42126381,0.0,-1,942.478,34.986,42.0,1.0,"[-1.0, -1.0, -1.0, -1.0, -1.0, -1.0, -1.0, -1.0, -1.0, -1.0, -1.0, -1.0, -1.0, -1.0, -1.0, -1.0, -1.0, -1.0, -1.0]"
2025-05-07 20:44:29.164982,-0.0533059,0.0668134,0.000702568,2.55287,1.98479,0.420533059,0.0,-1,942.478,35.006,42.0,1.0,"[-1.0, -1.0, -1.0, -1.0, -1.0, -1.0, -1.0, -1.0, -1.0, -1.0, -1.0, -1.0, -1.0, -1.0, -1.0, -1.0, -1.0, -1.0, -1.0]"
2025-05-07 20:44:29.185459,-0.0719781,0.0219726,0.00034705,2.55287,1.9848,0.420719781,0.0,-1,942.478,35.026,42.0,1.0,"[-1.0, -1.0, -1.0, -1.0, -1.0, -1.0, -1.0, -1.0, -1.0, -1.0, -1.0, -1.0, -1.0, -1.0, -1.0, -1.0, -1.0, -1.0, -1.0]"
2025-05-07 20:44:29.209223,-0.113479,0.0187966,0.000155123,2.55287,1.98497,0.42113479,0.0,-1,942.478,35.046,42.0,1.0,"[-1.0, -1.0, -1.0, -1.0, -1.0, -1.0, -1.0, -1.0, -1.0, -1.0, -1.0, -1.0, -1.0, -1.0, -1.0, -1.0, -1.0, -1.0, -1.0]"
2025-05-07 20:44:29.230105,-0.166459,0.0481673,-0.000129448,2.55291,1.98503,0.42166459,0.0,-1,942.478,35.066,42.0,1.0,"[-1.0, -1.0, -1.0, -1.0, -1.0, -1.0, -1.0, -1.0, -1.0, -1.0, -1.0, -1.0, -1.0, -1.0, -1.0, -1.0, -1.0, -1.0, -1.0]"
2025-05-07 20:44:29.248820,-0.0864127,0.0463952,-0.000326718,2.55287,1.98502,0.420864127,0.0,-1,942.478,35.086,42.0,1.0,"[-1.0, -1.0, -1.0, -1.0, -1.0, -1.0, -1.0, -1.0, -1.0, -1.0, -1.0, -1.0, -1.0, -1.0, -1.0, -1.0, -1.0, -1.0, -1.0]"
2025-05-07 20:44:29.267497,-0.079448,0.0268004,-0.000342153,2.55287,1.98515,0.42079447999999997,0.0,-1,942.478,35.106,42.0,1.0,"[-1.0, -1.0, -1.0, -1.0, -1.0, -1.0, -1.0, -1.0, -1.0, -1.0, -1.0, -1.0, -1.0, -1.0, -1.0, -1.0, -1.0, -1.0, -1.0]"
2025-05-07 20:44:29.286320,-0.0858432,0.0538012,-0.000311777,2.55287,1.98528,0.420858432,0.0,-1,942.478,35.126,42.0,1.0,"[-1.0, -1.0, -1.0, -1.0, -1.0, -1.0, -1.0, -1.0, -1.0, -1.0, -1.0, -1.0, -1.0, -1.0, -1.0, -1.0, -1.0, -1.0, -1.0]"
2025-05-07 20:44:29.309945,-0.165149,0.0253318,-0.000319266,2.55291,1.98526,0.42165149,0.0,-1,942.478,35.146,42.0,1.0,"[-1.0, -1.0, -1.0, -1.0, -1.0, -1.0, -1.0, -1.0, -1.0, -1.0, -1.0, -1.0, -1.0, -1.0, -1.0, -1.0, -1.0, -1.0, -1.0]"
2025-05-07 20:44:29.325391,-0.0775918,0.0301041,-0.000197562,2.55287,1.98544,0.420775918,0.0,-1,942.478,35.166,42.0,1.0,"[-1.0, -1.0, -1.0, -1.0, -1.0, -1.0, -1.0, -1.0, -1.0, -1.0, -1.0, -1.0, -1.0, -1.0, -1.0, -1.0, -1.0, -1.0, -1.0]"
2025-05-07 20:44:29.346493,-0.0833716,0.0415033,-0.000234439,2.55287,1.98555,0.42083371599999997,0.0,-1,942.478,35.186,42.0,1.0,"[-1.0, -1.0, -1.0, -1.0, -1.0, -1.0, -1.0, -1.0, -1.0, -1.0, -1.0, -1.0, -1.0, -1.0, -1.0, -1.0, -1.0, -1.0, -1.0]"
2025-05-07 20:44:29.368611,-0.1312,0.0483149,-0.000177532,2.55287,1.98554,0.421312,0.0,-1,942.478,35.206,42.0,1.0,"[-1.0, -1.0, -1.0, -1.0, -1.0, -1.0, -1.0, -1.0, -1.0, -1.0, -1.0, -1.0, -1.0, -1.0, -1.0, -1.0, -1.0, -1.0, -1.0]"
2025-05-07 20:44:29.386383,-0.161728,-0.00134945,-0.000174929,2.55291,1.98563,0.42161728,0.0,-1,942.478,35.226,42.0,1.0,"[-1.0, -1.0, -1.0, -1.0, -1.0, -1.0, -1.0, -1.0, -1.0, -1.0, -1.0, -1.0, -1.0, -1.0, -1.0, -1.0, -1.0, -1.0, -1.0]"
2025-05-07 20:44:29.405275,-0.0832032,0.0484017,-0.000203503,2.55287,1.98585,0.420832032,0.0,-1,942.478,35.246,42.0,1.0,"[-1.0, -1.0, -1.0, -1.0, -1.0, -1.0, -1.0, -1.0, -1.0, -1.0, -1.0, -1.0, -1.0, -1.0, -1.0, -1.0, -1.0, -1.0, -1.0]"
2025-05-07 20:44:29.426917,-0.092043,0.0558399,-0.000222744,2.55287,1.98588,0.42092042999999996,0.0,-1,942.478,35.266,42.0,1.0,"[-1.0, -1.0, -1.0, -1.0, -1.0, -1.0, -1.0, -1.0, -1.0, -1.0, -1.0, -1.0, -1.0, -1.0, -1.0, -1.0, -1.0, -1.0, -1.0]"
2025-05-07 20:44:29.444693,-0.083972,0.0146839,-0.000163955,2.55287,1.98596,0.42083972000000003,0.0,-1,942.478,35.286,42.0,1.0,"[-1.0, -1.0, -1.0, -1.0, -1.0, -1.0, -1.0, -1.0, -1.0, -1.0, -1.0, -1.0, -1.0, -1.0, -1.0, -1.0, -1.0, -1.0, -1.0]"
2025-05-07 20:44:29.469484,-0.161647,0.0169189,-0.00018186,2.55291,1.98613,0.42161647,0.0,-1,942.478,35.306,42.0,1.0,"[-1.0, -1.0, -1.0, -1.0, -1.0, -1.0, -1.0, -1.0, -1.0, -1.0, -1.0, -1.0, -1.0, -1.0, -1.0, -1.0, -1.0, -1.0, -1.0]"
2025-05-07 20:44:29.488563,-0.0962497,0.077434,-0.000179817,2.55287,1.98615,0.420962497,0.0,-1,942.478,35.326,42.0,1.0,"[-1.0, -1.0, -1.0, -1.0, -1.0, -1.0, -1.0, -1.0, -1.0, -1.0, -1.0, -1.0, -1.0, -1.0, -1.0, -1.0, -1.0, -1.0, -1.0]"
2025-05-07 20:44:29.505654,-0.0832361,0.0309343,-0.000213268,2.55287,1.98621,0.420832361,0.0,-1,942.478,35.346,42.0,1.0,"[-1.0, -1.0, -1.0, -1.0, -1.0, -1.0, -1.0, -1.0, -1.0, -1.0, -1.0, -1.0, -1.0, -1.0, -1.0, -1.0, -1.0, -1.0, -1.0]"
2025-05-07 20:44:29.526574,-0.118045,0.02157,-0.000125934,2.55287,1.9864,0.42118045000000004,0.0,-1,942.478,35.366,42.0,1.0,"[-1.0, -1.0, -1.0, -1.0, -1.0, -1.0, -1.0, -1.0, -1.0, -1.0, -1.0, -1.0, -1.0, -1.0, -1.0, -1.0, -1.0, -1.0, -1.0]"
2025-05-07 20:44:29.545279,-0.167658,0.048594,-0.000172515,2.55291,1.98648,0.42167658,0.0,-1,942.478,35.386,42.0,1.0,"[-1.0, -1.0, -1.0, -1.0, -1.0, -1.0, -1.0, -1.0, -1.0, -1.0, -1.0, -1.0, -1.0, -1.0, -1.0, -1.0, -1.0, -1.0, -1.0]"
2025-05-07 20:44:29.568619,-0.0870539,0.0472659,-0.000191039,2.55287,1.98646,0.420870539,0.0,-1,942.478,35.406,42.0,1.0,"[-1.0, -1.0, -1.0, -1.0, -1.0, -1.0, -1.0, -1.0, -1.0, -1.0, -1.0, -1.0, -1.0, -1.0, -1.0, -1.0, -1.0, -1.0, -1.0]"
2025-05-07 20:44:29.584998,-0.079824,0.0269771,-0.000174554,2.55287,1.98658,0.42079824000000005,0.0,-1,942.478,35.426,42.0,1.0,"[-1.0, -1.0, -1.0, -1.0, -1.0, -1.0, -1.0, -1.0, -1.0, -1.0, -1.0, -1.0, -1.0, -1.0, -1.0, -1.0, -1.0, -1.0, -1.0]"
2025-05-07 20:44:29.605334,-0.0846505,0.0527362,-0.000167768,2.55287,1.98671,0.42084650500000004,0.0,-1,942.478,35.446,42.0,1.0,"[-1.0, -1.0, -1.0, -1.0, -1.0, -1.0, -1.0, -1.0, -1.0, -1.0, -1.0, -1.0, -1.0, -1.0, -1.0, -1.0, -1.0, -1.0, -1.0]"
2025-05-07 20:44:29.627064,-0.164772,0.0257961,-0.000237752,2.55291,1.9867,0.42164772,0.0,-1,942.478,35.466,42.0,1.0,"[-1.0, -1.0, -1.0, -1.0, -1.0, -1.0, -1.0, -1.0, -1.0, -1.0, -1.0, -1.0, -1.0, -1.0, -1.0, -1.0, -1.0, -1.0, -1.0]"
2025-05-07 20:44:29.645226,-0.0778254,0.0301569,-0.000154261,2.55287,1.98687,0.420778254,0.0,-1,942.478,35.486,42.0,1.0,"[-1.0, -1.0, -1.0, -1.0, -1.0, -1.0, -1.0, -1.0, -1.0, -1.0, -1.0, -1.0, -1.0, -1.0, -1.0, -1.0, -1.0, -1.0, -1.0]"
2025-05-07 20:44:29.668662,-0.0831954,0.0412817,-0.000221324,2.55287,1.98697,0.420831954,0.0,-1,942.478,35.506,42.0,1.0,"[-1.0, -1.0, -1.0, -1.0, -1.0, -1.0, -1.0, -1.0, -1.0, -1.0, -1.0, -1.0, -1.0, -1.0, -1.0, -1.0, -1.0, -1.0, -1.0]"
2025-05-07 20:44:29.687098,-0.130821,0.0481771,-0.000169373,2.55287,1.98697,0.42130820999999996,0.0,-1,942.478,35.526,42.0,1.0,"[-1.0, -1.0, -1.0, -1.0, -1.0, -1.0, -1.0, -1.0, -1.0, -1.0, -1.0, -1.0, -1.0, -1.0, -1.0, -1.0, -1.0, -1.0, -1.0]"
2025-05-07 20:44:29.709663,-0.161876,-0.00109749,-0.000163671,2.55291,1.98705,0.42161876,0.0,-1,942.478,35.546,42.0,1.0,"[-1.0, -1.0, -1.0, -1.0, -1.0, -1.0, -1.0, -1.0, -1.0, -1.0, -1.0, -1.0, -1.0, -1.0, -1.0, -1.0, -1.0, -1.0, -1.0]"
2025-05-07 20:44:29.727412,-0.0831191,0.0483489,-0.000183144,2.55287,1.98727,0.420831191,0.0,-1,942.478,35.566,42.0,1.0,"[-1.0, -1.0, -1.0, -1.0, -1.0, -1.0, -1.0, -1.0, -1.0, -1.0, -1.0, -1.0, -1.0, -1.0, -1.0, -1.0, -1.0, -1.0, -1.0]"
2025-05-07 20:44:29.745674,-0.0918588,0.0557206,-0.000230153,2.55287,1.9873,0.420918588,0.0,-1,942.478,35.586,42.0,1.0,"[-1.0, -1.0, -1.0, -1.0, -1.0, -1.0, -1.0, -1.0, -1.0, -1.0, -1.0, -1.0, -1.0, -1.0, -1.0, -1.0, -1.0, -1.0, -1.0]"
2025-05-07 20:44:29.764752,-0.0841121,0.0145368,-0.00015696,2.55287,1.98738,0.420841121,0.0,-1,942.478,35.606,42.0,1.0,"[-1.0, -1.0, -1.0, -1.0, -1.0, -1.0, -1.0, -1.0, -1.0, -1.0, -1.0, -1.0, -1.0, -1.0, -1.0, -1.0, -1.0, -1.0, -1.0]"
2025-05-07 20:44:29.785950,-0.161915,0.0169617,-0.000170985,2.55291,1.98755,0.42161915,0.0,-1,942.478,35.626,42.0,1.0,"[-1.0, -1.0, -1.0, -1.0, -1.0, -1.0, -1.0, -1.0, -1.0, -1.0, -1.0, -1.0, -1.0, -1.0, -1.0, -1.0, -1.0, -1.0, -1.0]"
2025-05-07 20:44:29.809194,-0.0963548,0.0775624,-0.000198022,2.55287,1.98757,0.420963548,0.0,-1,942.478,35.646,42.0,1.0,"[-1.0, -1.0, -1.0, -1.0, -1.0, -1.0, -1.0, -1.0, -1.0, -1.0, -1.0, -1.0, -1.0, -1.0, -1.0, -1.0, -1.0, -1.0, -1.0]"
2025-05-07 20:44:29.826050,-0.0834998,0.0309401,-0.000232503,2.55287,1.98763,0.42083499799999996,0.0,-1,942.478,35.666,42.0,1.0,"[-1.0, -1.0, -1.0, -1.0, -1.0, -1.0, -1.0, -1.0, -1.0, -1.0, -1.0, -1.0, -1.0, -1.0, -1.0, -1.0, -1.0, -1.0, -1.0]"
2025-05-07 20:44:29.845709,-0.118382,0.0218131,-0.000141301,2.55287,1.98783,0.42118382,0.0,-1,942.478,35.686,42.0,1.0,"[-1.0, -1.0, -1.0, -1.0, -1.0, -1.0, -1.0, -1.0, -1.0, -1.0, -1.0, -1.0, -1.0, -1.0, -1.0, -1.0, -1.0, -1.0, -1.0]"
2025-05-07 20:44:29.864706,-0.167307,0.0485103,-0.000179566,2.55291,1.9879,0.42167307,0.0,-1,942.478,35.706,42.0,1.0,"[-1.0, -1.0, -1.0, -1.0, -1.0, -1.0, -1.0, -1.0, -1.0, -1.0, -1.0, -1.0, -1.0, -1.0, -1.0, -1.0, -1.0, -1.0, -1.0]"
2025-05-07 20:44:29.884591,-0.0872788,0.0474149,-0.000181,2.55287,1.98788,0.420872788,0.0,-1,942.478,35.726,42.0,1.0,"[-1.0, -1.0, -1.0, -1.0, -1.0, -1.0, -1.0, -1.0, -1.0, -1.0, -1.0, -1.0, -1.0, -1.0, -1.0, -1.0, -1.0, -1.0, -1.0]"
2025-05-07 20:44:29.908933,-0.0799368,0.0266427,-0.000173518,2.55287,1.988,0.420799368,0.0,-1,942.478,35.746,42.0,1.0,"[-1.0, -1.0, -1.0, -1.0, -1.0, -1.0, -1.0, -1.0, -1.0, -1.0, -1.0, -1.0, -1.0, -1.0, -1.0, -1.0, -1.0, -1.0, -1.0]"
2025-05-07 20:44:29.928236,-0.0850925,0.0531676,-0.000163919,2.55287,1.98813,0.42085092500000004,0.0,-1,942.478,35.766,42.0,1.0,"[-1.0, -1.0, -1.0, -1.0, -1.0, -1.0, -1.0, -1.0, -1.0, -1.0, -1.0, -1.0, -1.0, -1.0, -1.0, -1.0, -1.0, -1.0, -1.0]"
2025-05-07 20:44:29.947362,-0.16497,0.0260082,-0.00023148,2.55291,1.98812,0.42164969999999996,0.0,-1,942.478,35.786,42.0,1.0,"[-1.0, -1.0, -1.0, -1.0, -1.0, -1.0, -1.0, -1.0, -1.0, -1.0, -1.0, -1.0, -1.0, -1.0, -1.0, -1.0, -1.0, -1.0, -1.0]"
2025-05-07 20:44:29.968547,-0.0781921,0.0306299,-0.000154702,2.55287,1.98829,0.420781921,0.0,-1,942.478,35.806,42.0,1.0,"[-1.0, -1.0, -1.0, -1.0, -1.0, -1.0, -1.0, -1.0, -1.0, -1.0, -1.0, -1.0, -1.0, -1.0, -1.0, -1.0, -1.0, -1.0, -1.0]"
2025-05-07 20:44:29.986436,-0.0832587,0.0414831,-0.000211119,2.55287,1.9884,0.42083258700000004,0.0,-1,942.478,35.826,42.0,1.0,"[-1.0, -1.0, -1.0, -1.0, -1.0, -1.0, -1.0, -1.0, -1.0, -1.0, -1.0, -1.0, -1.0, -1.0, -1.0, -1.0, -1.0, -1.0, -1.0]"
2025-05-07 20:44:30.005502,-0.130858,0.0481777,-0.000172019,2.55287,1.98839,0.42130858000000004,0.0,-1,942.478,35.846,42.0,1.0,"[-1.0, -1.0, -1.0, -1.0, -1.0, -1.0, -1.0, -1.0, -1.0, -1.0, -1.0, -1.0, -1.0, -1.0, -1.0, -1.0, -1.0, -1.0, -1.0]"
2025-05-07 20:44:30.026047,-0.162107,-0.00136292,-0.000153884,2.55291,1.98847,0.42162107,0.0,-1,942.478,35.866,42.0,1.0,"[-1.0, -1.0, -1.0, -1.0, -1.0, -1.0, -1.0, -1.0, -1.0, -1.0, -1.0, -1.0, -1.0, -1.0, -1.0, -1.0, -1.0, -1.0, -1.0]"
2025-05-07 20:44:30.045254,-0.0831414,0.0484976,-0.000183243,2.55287,1.98869,0.420831414,0.0,-1,942.478,35.886,42.0,1.0,"[-1.0, -1.0, -1.0, -1.0, -1.0, -1.0, -1.0, -1.0, -1.0, -1.0, -1.0, -1.0, -1.0, -1.0, -1.0, -1.0, -1.0, -1.0, -1.0]"
2025-05-07 20:44:30.065117,-0.091941,0.0559036,-0.00025866,2.55287,1.98873,0.42091941,0.0,-1,942.478,35.906,42.0,1.0,"[-1.0, -1.0, -1.0, -1.0, -1.0, -1.0, -1.0, -1.0, -1.0, -1.0, -1.0, -1.0, -1.0, -1.0, -1.0, -1.0, -1.0, -1.0, -1.0]"
2025-05-07 20:44:30.085359,-0.0843575,0.0147875,-0.000152,2.55287,1.98881,0.420843575,0.0,-1,942.478,35.926,42.0,1.0,"[-1.0, -1.0, -1.0, -1.0, -1.0, -1.0, -1.0, -1.0, -1.0, -1.0, -1.0, -1.0, -1.0, -1.0, -1.0, -1.0, -1.0, -1.0, -1.0]"
2025-05-07 20:44:30.104696,-0.162137,0.0169802,-0.000183771,2.55291,1.98897,0.42162137,0.0,-1,942.478,35.946,42.0,1.0,"[-1.0, -1.0, -1.0, -1.0, -1.0, -1.0, -1.0, -1.0, -1.0, -1.0, -1.0, -1.0, -1.0, -1.0, -1.0, -1.0, -1.0, -1.0, -1.0]"
2025-05-07 20:44:30.128684,-0.0964333,0.0778602,-0.000182584,2.55287,1.98899,0.420964333,0.0,-1,942.478,35.966,42.0,1.0,"[-1.0, -1.0, -1.0, -1.0, -1.0, -1.0, -1.0, -1.0, -1.0, -1.0, -1.0, -1.0, -1.0, -1.0, -1.0, -1.0, -1.0, -1.0, -1.0]"
2025-05-07 20:44:30.145789,-0.0837719,0.0309881,-0.000227813,2.55287,1.98905,0.420837719,0.0,-1,942.478,35.986,42.0,1.0,"[-1.0, -1.0, -1.0, -1.0, -1.0, -1.0, -1.0, -1.0, -1.0, -1.0, -1.0, -1.0, -1.0, -1.0, -1.0, -1.0, -1.0, -1.0, -1.0]"
2025-05-07 20:44:30.167182,-0.152751,0.00664971,-0.000135875,2.55291,1.98925,0.42152751,0.0,-1,942.478,36.006,42.0,1.0,"[-1.0, -1.0, -1.0, -1.0, -1.0, -1.0, -1.0, -1.0, -1.0, -1.0, -1.0, -1.0, -1.0, -1.0, -1.0, -1.0, -1.0, -1.0, -1.0]"
2025-05-07 20:44:30.188704,-0.147007,0.0583168,-0.000185579,2.55293,1.9893,0.42147007000000003,0.0,-1,942.478,36.026,42.0,1.0,"[-1.0, -1.0, -1.0, -1.0, -1.0, -1.0, -1.0, -1.0, -1.0, -1.0, -1.0, -1.0, -1.0, -1.0, -1.0, -1.0, -1.0, -1.0, -1.0]"
2025-05-07 20:44:30.212192,-0.0864096,0.0483638,-0.000192306,2.55289,1.98927,0.420864096,0.0,-1,942.478,36.046,42.0,1.0,"[-1.0, -1.0, -1.0, -1.0, -1.0, -1.0, -1.0, -1.0, -1.0, -1.0, -1.0, -1.0, -1.0, -1.0, -1.0, -1.0, -1.0, -1.0, -1.0]"
2025-05-07 20:44:30.229013,-0.0802814,0.0284087,-0.000160906,2.55289,1.9894,0.42080281399999997,0.0,-1,942.478,36.066,42.0,1.0,"[-1.0, -1.0, -1.0, -1.0, -1.0, -1.0, -1.0, -1.0, -1.0, -1.0, -1.0, -1.0, -1.0, -1.0, -1.0, -1.0, -1.0, -1.0, -1.0]"
2025-05-07 20:44:30.244798,-0.0842909,0.0527274,-0.000163386,2.55289,1.98953,0.420842909,0.0,-1,942.478,36.086,42.0,1.0,"[-1.0, -1.0, -1.0, -1.0, -1.0, -1.0, -1.0, -1.0, -1.0, -1.0, -1.0, -1.0, -1.0, -1.0, -1.0, -1.0, -1.0, -1.0, -1.0]"
2025-05-07 20:44:30.267714,-0.164669,0.0253548,-0.00023559,2.55293,1.98951,0.42164669000000005,0.0,-1,942.478,36.106,42.0,1.0,"[-1.0, -1.0, -1.0, -1.0, -1.0, -1.0, -1.0, -1.0, -1.0, -1.0, -1.0, -1.0, -1.0, -1.0, -1.0, -1.0, -1.0, -1.0, -1.0]"
2025-05-07 20:44:30.288589,-0.0781624,0.0300608,-0.000164434,2.55289,1.98968,0.42078162399999997,0.0,-1,942.478,36.126,42.0,1.0,"[-1.0, -1.0, -1.0, -1.0, -1.0, -1.0, -1.0, -1.0, -1.0, -1.0, -1.0, -1.0, -1.0, -1.0, -1.0, -1.0, -1.0, -1.0, -1.0]"
2025-05-07 20:44:30.307118,-0.0832576,0.041608,-0.000200753,2.55289,1.98979,0.420832576,0.0,-1,942.478,36.146,42.0,1.0,"[-1.0, -1.0, -1.0, -1.0, -1.0, -1.0, -1.0, -1.0, -1.0, -1.0, -1.0, -1.0, -1.0, -1.0, -1.0, -1.0, -1.0, -1.0, -1.0]"
2025-05-07 20:44:30.329486,-0.130913,0.0482243,-0.000172907,2.55289,1.98978,0.42130913,0.0,-1,942.478,36.166,42.0,1.0,"[-1.0, -1.0, -1.0, -1.0, -1.0, -1.0, -1.0, -1.0, -1.0, -1.0, -1.0, -1.0, -1.0, -1.0, -1.0, -1.0, -1.0, -1.0, -1.0]"
2025-05-07 20:44:30.345088,-0.162334,-0.00141863,-0.00016176,2.55293,1.98987,0.42162334,0.0,-1,942.478,36.186,42.0,1.0,"[-1.0, -1.0, -1.0, -1.0, -1.0, -1.0, -1.0, -1.0, -1.0, -1.0, -1.0, -1.0, -1.0, -1.0, -1.0, -1.0, -1.0, -1.0, -1.0]"
2025-05-07 20:44:30.367020,-0.0832077,0.0487036,-0.000172753,2.55289,1.99009,0.420832077,0.0,-1,942.478,36.206,42.0,1.0,"[-1.0, -1.0, -1.0, -1.0, -1.0, -1.0, -1.0, -1.0, -1.0, -1.0, -1.0, -1.0, -1.0, -1.0, -1.0, -1.0, -1.0, -1.0, -1.0]"
2025-05-07 20:44:30.387275,-0.0920006,0.0560666,-0.000226092,2.55289,1.99012,0.420920006,0.0,-1,942.478,36.226,42.0,1.0,"[-1.0, -1.0, -1.0, -1.0, -1.0, -1.0, -1.0, -1.0, -1.0, -1.0, -1.0, -1.0, -1.0, -1.0, -1.0, -1.0, -1.0, -1.0, -1.0]"
2025-05-07 20:44:30.411170,-0.0846269,0.0147153,-0.000164485,2.55289,1.9902,0.42084626900000005,0.0,-1,942.478,36.246,42.0,1.0,"[-1.0, -1.0, -1.0, -1.0, -1.0, -1.0, -1.0, -1.0, -1.0, -1.0, -1.0, -1.0, -1.0, -1.0, -1.0, -1.0, -1.0, -1.0, -1.0]"
2025-05-07 20:44:30.428418,-0.162333,0.0170349,-0.000201876,2.55293,1.99037,0.42162332999999996,0.0,-1,942.478,36.266,42.0,1.0,"[-1.0, -1.0, -1.0, -1.0, -1.0, -1.0, -1.0, -1.0, -1.0, -1.0, -1.0, -1.0, -1.0, -1.0, -1.0, -1.0, -1.0, -1.0, -1.0]"
2025-05-07 20:44:30.444620,-0.0965393,0.078083,-0.000181708,2.55289,1.99039,0.420965393,0.0,-1,942.478,36.286,42.0,1.0,"[-1.0, -1.0, -1.0, -1.0, -1.0, -1.0, -1.0, -1.0, -1.0, -1.0, -1.0, -1.0, -1.0, -1.0, -1.0, -1.0, -1.0, -1.0, -1.0]"
2025-05-07 20:44:30.464512,-0.0840925,0.0311337,-0.000217259,2.55289,1.99045,0.420840925,0.0,-1,942.478,36.306,42.0,1.0,"[-1.0, -1.0, -1.0, -1.0, -1.0, -1.0, -1.0, -1.0, -1.0, -1.0, -1.0, -1.0, -1.0, -1.0, -1.0, -1.0, -1.0, -1.0, -1.0]"
2025-05-07 20:44:30.487305,-0.118855,0.0219834,-0.000113171,2.55289,1.99065,0.42118855000000005,0.0,-1,942.478,36.326,42.0,1.0,"[-1.0, -1.0, -1.0, -1.0, -1.0, -1.0, -1.0, -1.0, -1.0, -1.0, -1.0, -1.0, -1.0, -1.0, -1.0, -1.0, -1.0, -1.0, -1.0]"
2025-05-07 20:44:30.507810,-0.167337,0.0485891,-0.000175011,2.55293,1.99072,0.42167337000000005,0.0,-1,942.478,36.346,42.0,1.0,"[-1.0, -1.0, -1.0, -1.0, -1.0, -1.0, -1.0, -1.0, -1.0, -1.0, -1.0, -1.0, -1.0, -1.0, -1.0, -1.0, -1.0, -1.0, -1.0]"
2025-05-07 20:44:30.527511,-0.0877794,0.047476,-0.000197934,2.55289,1.9907,0.420877794,0.0,-1,942.478,36.366,42.0,1.0,"[-1.0, -1.0, -1.0, -1.0, -1.0, -1.0, -1.0, -1.0, -1.0, -1.0, -1.0, -1.0, -1.0, -1.0, -1.0, -1.0, -1.0, -1.0, -1.0]"
2025-05-07 20:44:30.548041,-0.080399,0.0269156,-0.00018011,2.55289,1.99082,0.42080399,0.0,-1,942.478,36.386,42.0,1.0,"[-1.0, -1.0, -1.0, -1.0, -1.0, -1.0, -1.0, -1.0, -1.0, -1.0, -1.0, -1.0, -1.0, -1.0, -1.0, -1.0, -1.0, -1.0, -1.0]"
2025-05-07 20:44:30.565518,-0.0852078,0.0534888,-0.000163914,2.55289,1.99095,0.420852078,0.0,-1,942.478,36.406,42.0,1.0,"[-1.0, -1.0, -1.0, -1.0, -1.0, -1.0, -1.0, -1.0, -1.0, -1.0, -1.0, -1.0, -1.0, -1.0, -1.0, -1.0, -1.0, -1.0, -1.0]"
2025-05-07 20:44:30.585483,-0.165073,0.0261451,-0.000244574,2.55293,1.99094,0.7,0.0,-1,942.478,36.426,42.0,-1.0,"[-1.0, -1.0, -1.0, -1.0, -1.0, -1.0, -1.0, -1.0, -1.0, -1.0, -1.0, -1.0, -1.0, -1.0, -1.0, -1.0, -1.0, -1.0, -1.0]"
2025-05-07 20:44:30.608293,-0.0787112,0.0308811,-0.000155167,2.55289,1.99111,0.7,0.0,-1,942.478,36.446,42.0,-1.0,"[-1.0, -1.0, -1.0, -1.0, -1.0, -1.0, -1.0, -1.0, -1.0, -1.0, -1.0, -1.0, -1.0, -1.0, -1.0, -1.0, -1.0, -1.0, -1.0]"
2025-05-07 20:44:30.627563,-0.0832918,0.0417466,-0.000222012,2.55289,1.99122,0.7,0.0,-1,942.478,36.466,42.0,-1.0,"[-1.0, -1.0, -1.0, -1.0, -1.0, -1.0, -1.0, -1.0, -1.0, -1.0, -1.0, -1.0, -1.0, -1.0, -1.0, -1.0, -1.0, -1.0, -1.0]"
2025-05-07 20:44:30.644887,-0.130883,0.0483226,-0.000177339,2.55289,1.99121,0.7,0.0,-1,942.478,36.486,42.0,-1.0,"[-1.0, -1.0, -1.0, -1.0, -1.0, -1.0, -1.0, -1.0, -1.0, -1.0, -1.0, -1.0, -1.0, -1.0, -1.0, -1.0, -1.0, -1.0, -1.0]"
2025-05-07 20:44:30.669966,-0.162623,-0.00157555,-0.000163625,2.55293,1.99129,0.7,0.0,-1,942.478,36.506,42.0,-1.0,"[-1.0, -1.0, -1.0, -1.0, -1.0, -1.0, -1.0, -1.0, -1.0, -1.0, -1.0, -1.0, -1.0, -1.0, -1.0, -1.0, -1.0, -1.0, -1.0]"
2025-05-07 20:44:30.687172,-0.0832266,0.0488728,-0.000197483,2.55289,1.99152,0.7,0.0,-1,942.478,36.526,42.0,-1.0,"[-1.0, -1.0, -1.0, -1.0, -1.0, -1.0, -1.0, -1.0, -1.0, -1.0, -1.0, -1.0, -1.0, -1.0, -1.0, -1.0, -1.0, -1.0, -1.0]"
2025-05-07 20:44:30.705140,-0.0920127,0.0560678,-0.000228768,2.55289,1.99155,0.7,0.0,-1,942.478,36.546,42.0,-1.0,"[-1.0, -1.0, -1.0, -1.0, -1.0, -1.0, -1.0, -1.0, -1.0, -1.0, -1.0, -1.0, -1.0, -1.0, -1.0, -1.0, -1.0, -1.0, -1.0]"
2025-05-07 20:44:30.730303,-0.0848011,0.0148956,-0.00014722,2.55289,1.99163,0.7,0.0,-1,942.478,36.566,42.0,-1.0,"[-1.0, -1.0, -1.0, -1.0, -1.0, -1.0, -1.0, -1.0, -1.0, -1.0, -1.0, -1.0, -1.0, -1.0, -1.0, -1.0, -1.0, -1.0, -1.0]"
2025-05-07 20:44:30.745346,-0.162568,0.0170884,-0.000182839,2.55293,1.9918,0.7,0.0,-1,942.478,36.586,42.0,-1.0,"[-1.0, -1.0, -1.0, -1.0, -1.0, -1.0, -1.0, -1.0, -1.0, -1.0, -1.0, -1.0, -1.0, -1.0, -1.0, -1.0, -1.0, -1.0, -1.0]"
2025-05-07 20:44:30.765692,-0.096591,0.0782702,-0.000199762,2.55289,1.99181,0.7,0.0,-1,942.478,36.606,42.0,-1.0,"[-1.0, -1.0, -1.0, -1.0, -1.0, -1.0, -1.0, -1.0, -1.0, -1.0, -1.0, -1.0, -1.0, -1.0, -1.0, -1.0, -1.0, -1.0, -1.0]"
2025-05-07 20:44:30.786227,-0.084341,0.0311121,-0.000228103,2.55289,1.99188,0.7,0.0,-1,942.478,36.626,42.0,-1.0,"[-1.0, -1.0, -1.0, -1.0, -1.0, -1.0, -1.0, -1.0, -1.0, -1.0, -1.0, -1.0, -1.0, -1.0, -1.0, -1.0, -1.0, -1.0, -1.0]"
2025-05-07 20:44:30.804983,-0.119076,0.0220279,-0.000122763,2.55289,1.99208,0.7,0.0,-1,942.478,36.646,42.0,-1.0,"[-1.0, -1.0, -1.0, -1.0, -1.0, -1.0, -1.0, -1.0, -1.0, -1.0, -1.0, -1.0, -1.0, -1.0, -1.0, -1.0, -1.0, -1.0, -1.0]"
2025-05-07 20:44:30.827994,-0.167433,0.0487167,-0.000184826,2.55293,1.99215,0.7,0.0,-1,942.478,36.666,42.0,-1.0,"[-1.0, -1.0, -1.0, -1.0, -1.0, -1.0, -1.0, -1.0, -1.0, -1.0, -1.0, -1.0, -1.0, -1.0, -1.0, -1.0, -1.0, -1.0, -1.0]"
2025-05-07 20:44:30.846844,-0.0880797,0.0477011,-0.000208603,2.55289,1.99213,0.7,0.0,-1,942.478,36.686,42.0,-1.0,"[-1.0, -1.0, -1.0, -1.0, -1.0, -1.0, -1.0, -1.0, -1.0, -1.0, -1.0, -1.0, -1.0, -1.0, -1.0, -1.0, -1.0, -1.0, -1.0]"
2025-05-07 20:44:30.865674,-0.0806527,0.0270168,-0.00018795,2.55289,1.99225,0.7,0.0,-1,942.478,36.706,42.0,-1.0,"[-1.0, -1.0, -1.0, -1.0, -1.0, -1.0, -1.0, -1.0, -1.0, -1.0, -1.0, -1.0, -1.0, -1.0, -1.0, -1.0, -1.0, -1.0, -1.0]"
2025-05-07 20:44:30.885295,-0.0852075,0.0535346,-0.000158072,2.55289,1.99238,0.7,0.0,-1,942.478,36.726,42.0,-1.0,"[-1.0, -1.0, -1.0, -1.0, -1.0, -1.0, -1.0, -1.0, -1.0, -1.0, -1.0, -1.0, -1.0, -1.0, -1.0, -1.0, -1.0, -1.0, -1.0]"
2025-05-07 20:44:30.910074,-0.165093,0.026277,-0.000219297,2.55293,1.99237,0.7,0.0,-1,942.478,36.746,42.0,-1.0,"[-1.0, -1.0, -1.0, -1.0, -1.0, -1.0, -1.0, -1.0, -1.0, -1.0, -1.0, -1.0, -1.0, -1.0, -1.0, -1.0, -1.0, -1.0, -1.0]"
2025-05-07 20:44:30.929171,-0.113648,0.0155659,-0.000139598,2.55289,1.99254,0.7,0.0,-1,942.478,36.766,42.0,-1.0,"[-1.0, -1.0, -1.0, -1.0, -1.0, -1.0, -1.0, -1.0, -1.0, -1.0, -1.0, -1.0, -1.0, -1.0, -1.0, -1.0, -1.0, -1.0, -1.0]"
2025-05-07 20:44:30.947213,-0.0616367,0.050163,-0.000207778,2.55291,1.99263,0.7,0.0,-1,942.478,36.786,42.0,-1.0,"[-1.0, -1.0, -1.0, -1.0, -1.0, -1.0, -1.0, -1.0, -1.0, -1.0, -1.0, -1.0, -1.0, -1.0, -1.0, -1.0, -1.0, -1.0, -1.0]"
2025-05-07 20:44:30.965549,-0.126213,0.0519069,-0.000167085,2.55291,1.99261,0.7,0.0,-1,942.478,36.806,42.0,-1.0,"[-1.0, -1.0, -1.0, -1.0, -1.0, -1.0, -1.0, -1.0, -1.0, -1.0, -1.0, -1.0, -1.0, -1.0, -1.0, -1.0, -1.0, -1.0, -1.0]"
2025-05-07 20:44:30.989193,-0.161084,0.00115174,-0.000150084,2.55296,1.9927,0.7,0.0,-1,942.478,36.826,42.0,-1.0,"[-1.0, -1.0, -1.0, -1.0, -1.0, -1.0, -1.0, -1.0, -1.0, -1.0, -1.0, -1.0, -1.0, -1.0, -1.0, -1.0, -1.0, -1.0, -1.0]"
2025-05-07 20:44:31.006674,-0.135497,0.067088,-0.000223373,2.55291,1.9928,0.7,0.0,-1,942.478,36.846,42.0,-1.0,"[-1.0, -1.0, -1.0, -1.0, -1.0, -1.0, -1.0, -1.0, -1.0, -1.0, -1.0, -1.0, -1.0, -1.0, -1.0, -1.0, -1.0, -1.0, -1.0]"
2025-05-07 20:44:31.026895,-0.171814,0.0396654,-0.000447908,2.55296,1.99283,0.7,0.0,-1,942.478,36.866,42.0,-1.0,"[-1.0, -1.0, -1.0, -1.0, -1.0, -1.0, -1.0, -1.0, -1.0, -1.0, -1.0, -1.0, -1.0, -1.0, -1.0, -1.0, -1.0, -1.0, -1.0]"
2025-05-07 20:44:31.045332,-0.145663,0.0790248,-0.000663438,2.55291,1.99291,0.7,0.0,-1,942.478,36.886,42.0,-1.0,"[-1.0, -1.0, -1.0, -1.0, -1.0, -1.0, -1.0, -1.0, -1.0, -1.0, -1.0, -1.0, -1.0, -1.0, -1.0, -1.0, -1.0, -1.0, -1.0]"
2025-05-07 20:44:31.065629,-0.184085,0.0342339,-0.000846643,2.55296,1.99279,0.7,0.0,-1,942.478,36.906,42.0,-1.0,"[-1.0, -1.0, -1.0, -1.0, -1.0, -1.0, -1.0, -1.0, -1.0, -1.0, -1.0, -1.0, -1.0, -1.0, -1.0, -1.0, -1.0, -1.0, -1.0]"
2025-05-07 20:44:31.088840,-0.190788,0.0537057,-0.000995238,2.55293,1.99273,0.7,0.0,-1,942.478,36.926,42.0,-1.0,"[-1.0, -1.0, -1.0, -1.0, -1.0, -1.0, -1.0, -1.0, -1.0, -1.0, -1.0, -1.0, -1.0, -1.0, -1.0, -1.0, -1.0, -1.0, -1.0]"
2025-05-07 20:44:31.107588,-0.189646,0.0474595,-0.00109272,2.55296,1.99252,0.7,0.0,-1,942.478,36.946,42.0,-1.0,"[-1.0, -1.0, -1.0, -1.0, -1.0, -1.0, -1.0, -1.0, -1.0, -1.0, -1.0, -1.0, -1.0, -1.0, -1.0, -1.0, -1.0, -1.0, -1.0]"
2025-05-07 20:44:31.127387,-0.156453,0.0981856,-0.00100923,2.55291,1.99241,0.7,0.0,-1,942.478,36.966,42.0,-1.0,"[-1.0, -1.0, -1.0, -1.0, -1.0, -1.0, -1.0, -1.0, -1.0, -1.0, -1.0, -1.0, -1.0, -1.0, -1.0, -1.0, -1.0, -1.0, -1.0]"
2025-05-07 20:44:31.146144,-0.180527,0.0612164,-0.000981319,2.55293,1.99217,0.7,0.0,-1,942.478,36.986,42.0,-1.0,"[-1.0, -1.0, -1.0, -1.0, -1.0, -1.0, -1.0, -1.0, -1.0, -1.0, -1.0, -1.0, -1.0, -1.0, -1.0, -1.0, -1.0, -1.0, -1.0]"
2025-05-07 20:44:31.165351,-0.14246,0.097571,-0.000773612,2.55289,1.99203,0.7,0.0,-1,942.478,37.006,42.0,-1.0,"[-1.0, -1.0, -1.0, -1.0, -1.0, -1.0, -1.0, -1.0, -1.0, -1.0, -1.0, -1.0, -1.0, -1.0, -1.0, -1.0, -1.0, -1.0, -1.0]"
2025-05-07 20:44:31.185477,-0.193861,0.056177,-0.000601487,2.55293,1.99178,0.7,0.0,-1,942.478,37.026,42.0,-1.0,"[-1.0, -1.0, -1.0, -1.0, -1.0, -1.0, -1.0, -1.0, -1.0, -1.0, -1.0, -1.0, -1.0, -1.0, -1.0, -1.0, -1.0, -1.0, -1.0]"
2025-05-07 20:44:31.205094,-0.186805,0.0772743,-0.000430615,2.55291,1.99165,0.7,0.0,-1,942.478,37.046,42.0,-1.0,"[-1.0, -1.0, -1.0, -1.0, -1.0, -1.0, -1.0, -1.0, -1.0, -1.0, -1.0, -1.0, -1.0, -1.0, -1.0, -1.0, -1.0, -1.0, -1.0]"
2025-05-07 20:44:31.225827,-0.193993,0.0579311,-0.000232423,2.55293,1.9914,0.7,0.0,-1,942.478,37.066,42.0,-1.0,"[-1.0, -1.0, -1.0, -1.0, -1.0, -1.0, -1.0, -1.0, -1.0, -1.0, -1.0, -1.0, -1.0, -1.0, -1.0, -1.0, -1.0, -1.0, -1.0]"
2025-05-07 20:44:31.244993,-0.144717,0.101688,-0.000108072,2.55289,1.99126,0.7,0.0,-1,942.478,37.086,42.0,-1.0,"[-1.0, -1.0, -1.0, -1.0, -1.0, -1.0, -1.0, -1.0, -1.0, -1.0, -1.0, -1.0, -1.0, -1.0, -1.0, -1.0, -1.0, -1.0, -1.0]"
2025-05-07 20:44:31.266090,-0.195654,0.0590399,-6.58957e-05,2.55293,1.99101,0.7,0.0,-1,942.478,37.106,42.0,-1.0,"[-1.0, -1.0, -1.0, -1.0, -1.0, -1.0, -1.0, -1.0, -1.0, -1.0, -1.0, -1.0, -1.0, -1.0, -1.0, -1.0, -1.0, -1.0, -1.0]"
2025-05-07 20:44:31.289047,-0.145336,0.102595,2.53868e-05,2.55289,1.99086,0.7,0.0,-1,942.478,37.126,42.0,-1.0,"[-1.0, -1.0, -1.0, -1.0, -1.0, -1.0, -1.0, -1.0, -1.0, -1.0, -1.0, -1.0, -1.0, -1.0, -1.0, -1.0, -1.0, -1.0, -1.0]"
2025-05-07 20:44:31.304623,-0.196001,0.0598401,6.50281e-05,2.55293,1.99061,0.7,0.0,-1,942.478,37.146,42.0,-1.0,"[-1.0, -1.0, -1.0, -1.0, -1.0, -1.0, -1.0, -1.0, -1.0, -1.0, -1.0, -1.0, -1.0, -1.0, -1.0, -1.0, -1.0, -1.0, -1.0]"
2025-05-07 20:44:31.329511,-0.145608,0.10315,0.000158277,2.55289,1.99047,0.7,0.0,-1,942.478,37.166,42.0,-1.0,"[-1.0, -1.0, -1.0, -1.0, -1.0, -1.0, -1.0, -1.0, -1.0, -1.0, -1.0, -1.0, -1.0, -1.0, -1.0, -1.0, -1.0, -1.0, -1.0]"
2025-05-07 20:44:31.346119,-0.196192,0.0600981,0.000182433,2.55293,1.99021,0.7,0.0,-1,942.478,37.186,42.0,-1.0,"[-1.0, -1.0, -1.0, -1.0, -1.0, -1.0, -1.0, -1.0, -1.0, -1.0, -1.0, -1.0, -1.0, -1.0, -1.0, -1.0, -1.0, -1.0, -1.0]"
2025-05-07 20:44:31.366838,-0.145717,0.103403,0.000222648,2.55289,1.99007,0.7,0.0,-1,942.478,37.206,42.0,-1.0,"[-1.0, -1.0, -1.0, -1.0, -1.0, -1.0, -1.0, -1.0, -1.0, -1.0, -1.0, -1.0, -1.0, -1.0, -1.0, -1.0, -1.0, -1.0, -1.0]"
2025-05-07 20:44:31.386925,-0.196243,0.0602257,0.000160371,2.55293,1.98981,0.7,0.0,-1,942.478,37.226,42.0,-1.0,"[-1.0, -1.0, -1.0, -1.0, -1.0, -1.0, -1.0, -1.0, -1.0, -1.0, -1.0, -1.0, -1.0, -1.0, -1.0, -1.0, -1.0, -1.0, -1.0]"
2025-05-07 20:44:31.409014,-0.145686,0.103413,0.000182951,2.55289,1.98967,0.7,0.0,-1,942.478,37.246,42.0,-1.0,"[-1.0, -1.0, -1.0, -1.0, -1.0, -1.0, -1.0, -1.0, -1.0, -1.0, -1.0, -1.0, -1.0, -1.0, -1.0, -1.0, -1.0, -1.0, -1.0]"
2025-05-07 20:44:31.425955,-0.196154,0.0602477,0.000142063,2.55293,1.98941,0.7,0.0,-1,942.478,37.266,42.0,-1.0,"[-1.0, -1.0, -1.0, -1.0, -1.0, -1.0, -1.0, -1.0, -1.0, -1.0, -1.0, -1.0, -1.0, -1.0, -1.0, -1.0, -1.0, -1.0, -1.0]"
2025-05-07 20:44:31.444624,-0.145619,0.10331,0.000134272,2.55289,1.98927,0.7,0.0,-1,942.478,37.286,42.0,-1.0,"[-1.0, -1.0, -1.0, -1.0, -1.0, -1.0, -1.0, -1.0, -1.0, -1.0, -1.0, -1.0, -1.0, -1.0, -1.0, -1.0, -1.0, -1.0, -1.0]"
2025-05-07 20:44:31.467627,-0.196013,0.0602911,7.299e-05,2.55293,1.98901,0.7,0.0,-1,942.478,37.306,42.0,-1.0,"[-1.0, -1.0, -1.0, -1.0, -1.0, -1.0, -1.0, -1.0, -1.0, -1.0, -1.0, -1.0, -1.0, -1.0, -1.0, -1.0, -1.0, -1.0, -1.0]"
2025-05-07 20:44:31.487786,-0.145577,0.103281,3.40182e-05,2.55287,1.98886,0.7,0.0,-1,942.478,37.326,42.0,-1.0,"[-1.0, -1.0, -1.0, -1.0, -1.0, -1.0, -1.0, -1.0, -1.0, -1.0, -1.0, -1.0, -1.0, -1.0, -1.0, -1.0, -1.0, -1.0, -1.0]"
2025-05-07 20:44:31.506359,-0.195909,0.0602798,-5.84191e-05,2.55291,1.98861,0.7,0.0,-1,942.478,37.346,42.0,-1.0,"[-1.0, -1.0, -1.0, -1.0, -1.0, -1.0, -1.0, -1.0, -1.0, -1.0, -1.0, -1.0, -1.0, -1.0, -1.0, -1.0, -1.0, -1.0, -1.0]"
2025-05-07 20:44:31.527218,-0.145482,0.103127,-0.000119531,2.55287,1.98846,0.7,0.0,-1,942.478,37.366,42.0,-1.0,"[-1.0, -1.0, -1.0, -1.0, -1.0, -1.0, -1.0, -1.0, -1.0, -1.0, -1.0, -1.0, -1.0, -1.0, -1.0, -1.0, -1.0, -1.0, -1.0]"
2025-05-07 20:44:31.546473,-0.19573,0.0602105,-0.000216583,2.55291,1.98821,0.7,0.0,-1,942.478,37.386,42.0,-1.0,"[-1.0, -1.0, -1.0, -1.0, -1.0, -1.0, -1.0, -1.0, -1.0, -1.0, -1.0, -1.0, -1.0, -1.0, -1.0, -1.0, -1.0, -1.0, -1.0]"
2025-05-07 20:44:31.565650,-0.145402,0.102952,-0.000189768,2.55287,1.98806,0.7,0.0,-1,942.478,37.406,42.0,-1.0,"[-1.0, -1.0, -1.0, -1.0, -1.0, -1.0, -1.0, -1.0, -1.0, -1.0, -1.0, -1.0, -1.0, -1.0, -1.0, -1.0, -1.0, -1.0, -1.0]"
2025-05-07 20:44:31.584901,-0.195676,0.0601439,-0.000211323,2.55291,1.9878,0.7,0.0,-1,942.478,37.426,42.0,-1.0,"[-1.0, -1.0, -1.0, -1.0, -1.0, -1.0, -1.0, -1.0, -1.0, -1.0, -1.0, -1.0, -1.0, -1.0, -1.0, -1.0, -1.0, -1.0, -1.0]"
2025-05-07 20:44:31.609178,-0.145361,0.1029,-0.000196866,2.55287,1.98766,0.7,0.0,-1,942.478,37.446,42.0,-1.0,"[-1.0, -1.0, -1.0, -1.0, -1.0, -1.0, -1.0, -1.0, -1.0, -1.0, -1.0, -1.0, -1.0, -1.0, -1.0, -1.0, -1.0, -1.0, -1.0]"
2025-05-07 20:44:31.627106,-0.195633,0.0599953,-0.000209389,2.55291,1.9874,0.7,0.0,-1,942.478,37.466,42.0,-1.0,"[-1.0, -1.0, -1.0, -1.0, -1.0, -1.0, -1.0, -1.0, -1.0, -1.0, -1.0, -1.0, -1.0, -1.0, -1.0, -1.0, -1.0, -1.0, -1.0]"
2025-05-07 20:44:31.646749,-0.1453,0.10277,-0.000187438,2.55287,1.98726,0.7,0.0,-1,942.478,37.486,42.0,-1.0,"[-1.0, -1.0, -1.0, -1.0, -1.0, -1.0, -1.0, -1.0, -1.0, -1.0, -1.0, -1.0, -1.0, -1.0, -1.0, -1.0, -1.0, -1.0, -1.0]"
2025-05-07 20:44:31.667641,-0.195486,0.0600303,-0.000200229,2.55291,1.987,0.7,0.0,-1,942.478,37.506,42.0,-1.0,"[-1.0, -1.0, -1.0, -1.0, -1.0, -1.0, -1.0, -1.0, -1.0, -1.0, -1.0, -1.0, -1.0, -1.0, -1.0, -1.0, -1.0, -1.0, -1.0]"
2025-05-07 20:44:31.687653,-0.145164,0.10259,-0.000181837,2.55287,1.98686,0.7,0.0,-1,942.478,37.526,42.0,-1.0,"[-1.0, -1.0, -1.0, -1.0, -1.0, -1.0, -1.0, -1.0, -1.0, -1.0, -1.0, -1.0, -1.0, -1.0, -1.0, -1.0, -1.0, -1.0, -1.0]"
2025-05-07 20:44:31.706907,-0.19527,0.0600157,-0.000217122,2.55291,1.9866,0.7,0.0,-1,942.478,37.546,42.0,-1.0,"[-1.0, -1.0, -1.0, -1.0, -1.0, -1.0, -1.0, -1.0, -1.0, -1.0, -1.0, -1.0, -1.0, -1.0, -1.0, -1.0, -1.0, -1.0, -1.0]"
2025-05-07 20:44:31.726853,-0.145103,0.102442,-0.000171736,2.55287,1.98646,0.7,0.0,-1,942.478,37.566,42.0,-1.0,"[-1.0, -1.0, -1.0, -1.0, -1.0, -1.0, -1.0, -1.0, -1.0, -1.0, -1.0, -1.0, -1.0, -1.0, -1.0, -1.0, -1.0, -1.0, -1.0]"
2025-05-07 20:44:31.748519,-0.195237,0.0597846,-0.000203428,2.55291,1.9862,0.7,0.0,-1,942.478,37.586,42.0,-1.0,"[-1.0, -1.0, -1.0, -1.0, -1.0, -1.0, -1.0, -1.0, -1.0, -1.0, -1.0, -1.0, -1.0, -1.0, -1.0, -1.0, -1.0, -1.0, -1.0]"
2025-05-07 20:44:31.766271,-0.144977,0.102395,-0.000178745,2.55287,1.98606,0.7,0.0,-1,942.478,37.606,42.0,-1.0,"[-1.0, -1.0, -1.0, -1.0, -1.0, -1.0, -1.0, -1.0, -1.0, -1.0, -1.0, -1.0, -1.0, -1.0, -1.0, -1.0, -1.0, -1.0, -1.0]"
2025-05-07 20:44:31.785121,-0.195115,0.0596622,-0.000209294,2.55291,1.98581,0.7,0.0,-1,942.478,37.626,42.0,-1.0,"[-1.0, -1.0, -1.0, -1.0, -1.0, -1.0, -1.0, -1.0, -1.0, -1.0, -1.0, -1.0, -1.0, -1.0, -1.0, -1.0, -1.0, -1.0, -1.0]"
2025-05-07 20:44:31.805149,-0.144948,0.102269,-0.000184546,2.55287,1.98566,0.7,0.0,-1,942.478,37.646,42.0,-1.0,"[-1.0, -1.0, -1.0, -1.0, -1.0, -1.0, -1.0, -1.0, -1.0, -1.0, -1.0, -1.0, -1.0, -1.0, -1.0, -1.0, -1.0, -1.0, -1.0]"
2025-05-07 20:44:31.827234,-0.195016,0.0595774,-0.000210666,2.55291,1.98541,0.7,0.0,-1,942.478,37.666,42.0,-1.0,"[-1.0, -1.0, -1.0, -1.0, -1.0, -1.0, -1.0, -1.0, -1.0, -1.0, -1.0, -1.0, -1.0, -1.0, -1.0, -1.0, -1.0, -1.0, -1.0]"
2025-05-07 20:44:31.844756,-0.144887,0.102249,-0.000182957,2.55287,1.98527,0.7,0.0,-1,942.478,37.686,42.0,-1.0,"[-1.0, -1.0, -1.0, -1.0, -1.0, -1.0, -1.0, -1.0, -1.0, -1.0, -1.0, -1.0, -1.0, -1.0, -1.0, -1.0, -1.0, -1.0, -1.0]"
2025-05-07 20:44:31.865636,-0.194968,0.0594712,-0.000194671,2.55291,1.98501,0.7,0.0,-1,942.478,37.706,42.0,-1.0,"[-1.0, -1.0, -1.0, -1.0, -1.0, -1.0, -1.0, -1.0, -1.0, -1.0, -1.0, -1.0, -1.0, -1.0, -1.0, -1.0, -1.0, -1.0, -1.0]"
2025-05-07 20:44:31.885204,-0.144804,0.102142,-0.000179503,2.55287,1.98487,0.7,0.0,-1,942.478,37.726,42.0,-1.0,"[-1.0, -1.0, -1.0, -1.0, -1.0, -1.0, -1.0, -1.0, -1.0, -1.0, -1.0, -1.0, -1.0, -1.0, -1.0, -1.0, -1.0, -1.0, -1.0]"
2025-05-07 20:44:31.905134,-0.194802,0.0594626,-0.000195131,2.55291,1.98461,0.7,0.0,-1,942.478,37.746,42.0,-1.0,"[-1.0, -1.0, -1.0, -1.0, -1.0, -1.0, -1.0, -1.0, -1.0, -1.0, -1.0, -1.0, -1.0, -1.0, -1.0, -1.0, -1.0, -1.0, -1.0]"
2025-05-07 20:44:31.927716,-0.144772,0.102072,-0.00018148,2.55287,1.98447,0.7,0.0,-1,942.478,37.766,42.0,-1.0,"[-1.0, -1.0, -1.0, -1.0, -1.0, -1.0, -1.0, -1.0, -1.0, -1.0, -1.0, -1.0, -1.0, -1.0, -1.0, -1.0, -1.0, -1.0, -1.0]"
2025-05-07 20:44:31.946256,-0.194704,0.059477,-0.000204998,2.55291,1.98421,0.7,0.0,-1,942.478,37.786,42.0,-1.0,"[-1.0, -1.0, -1.0, -1.0, -1.0, -1.0, -1.0, -1.0, -1.0, -1.0, -1.0, -1.0, -1.0, -1.0, -1.0, -1.0, -1.0, -1.0, -1.0]"
2025-05-07 20:44:31.968592,-0.144715,0.101934,-0.000167314,2.55285,1.98407,0.7,0.0,-1,942.478,37.806,42.0,-1.0,"[-1.0, -1.0, -1.0, -1.0, -1.0, -1.0, -1.0, -1.0, -1.0, -1.0, -1.0, -1.0, -1.0, -1.0, -1.0, -1.0, -1.0, -1.0, -1.0]"
2025-05-07 20:44:31.986479,-0.194607,0.0594674,-0.000206842,2.55289,1.98382,0.7,0.0,-1,942.478,37.826,42.0,-1.0,"[-1.0, -1.0, -1.0, -1.0, -1.0, -1.0, -1.0, -1.0, -1.0, -1.0, -1.0, -1.0, -1.0, -1.0, -1.0, -1.0, -1.0, -1.0, -1.0]"
2025-05-07 20:44:32.004703,-0.144619,0.101791,-0.000173424,2.55285,1.98367,0.7,0.0,-1,942.478,37.846,42.0,-1.0,"[-1.0, -1.0, -1.0, -1.0, -1.0, -1.0, -1.0, -1.0, -1.0, -1.0, -1.0, -1.0, -1.0, -1.0, -1.0, -1.0, -1.0, -1.0, -1.0]"
2025-05-07 20:44:32.025928,-0.19448,0.0593976,-0.000192721,2.55289,1.98342,0.7,0.0,-1,942.478,37.866,42.0,-1.0,"[-1.0, -1.0, -1.0, -1.0, -1.0, -1.0, -1.0, -1.0, -1.0, -1.0, -1.0, -1.0, -1.0, -1.0, -1.0, -1.0, -1.0, -1.0, -1.0]"
2025-05-07 20:44:32.044507,-0.144528,0.101661,-0.000163796,2.55285,1.98328,0.7,0.0,-1,942.478,37.886,42.0,-1.0,"[-1.0, -1.0, -1.0, -1.0, -1.0, -1.0, -1.0, -1.0, -1.0, -1.0, -1.0, -1.0, -1.0, -1.0, -1.0, -1.0, -1.0, -1.0, -1.0]"
2025-05-07 20:44:32.064626,-0.194371,0.059249,-0.000196208,2.55289,1.98302,0.7,0.0,-1,942.478,37.906,42.0,-1.0,"[-1.0, -1.0, -1.0, -1.0, -1.0, -1.0, -1.0, -1.0, -1.0, -1.0, -1.0, -1.0, -1.0, -1.0, -1.0, -1.0, -1.0, -1.0, -1.0]"
2025-05-07 20:44:32.084887,-0.144434,0.10158,-0.000175192,2.55285,1.98288,0.7,0.0,-1,942.478,37.926,42.0,-1.0,"[-1.0, -1.0, -1.0, -1.0, -1.0, -1.0, -1.0, -1.0, -1.0, -1.0, -1.0, -1.0, -1.0, -1.0, -1.0, -1.0, -1.0, -1.0, -1.0]"
2025-05-07 20:44:32.105027,-0.194244,0.0592021,-0.000201552,2.55289,1.98262,0.7,0.0,-1,942.478,37.946,42.0,-1.0,"[-1.0, -1.0, -1.0, -1.0, -1.0, -1.0, -1.0, -1.0, -1.0, -1.0, -1.0, -1.0, -1.0, -1.0, -1.0, -1.0, -1.0, -1.0, -1.0]"
2025-05-07 20:44:32.126566,-0.144347,0.101387,-0.000168557,2.55285,1.98248,0.7,0.0,-1,942.478,37.966,42.0,-1.0,"[-1.0, -1.0, -1.0, -1.0, -1.0, -1.0, -1.0, -1.0, -1.0, -1.0, -1.0, -1.0, -1.0, -1.0, -1.0, -1.0, -1.0, -1.0, -1.0]"
2025-05-07 20:44:32.145277,-0.194117,0.0591503,-0.000210439,2.55289,1.98223,0.7,0.0,-1,942.478,37.986,42.0,-1.0,"[-1.0, -1.0, -1.0, -1.0, -1.0, -1.0, -1.0, -1.0, -1.0, -1.0, -1.0, -1.0, -1.0, -1.0, -1.0, -1.0, -1.0, -1.0, -1.0]"
2025-05-07 20:44:32.165938,-0.144276,0.101236,-0.000159001,2.55285,1.98209,0.7,0.0,-1,942.478,38.006,42.0,-1.0,"[-1.0, -1.0, -1.0, -1.0, -1.0, -1.0, -1.0, -1.0, -1.0, -1.0, -1.0, -1.0, -1.0, -1.0, -1.0, -1.0, -1.0, -1.0, -1.0]"
2025-05-07 20:44:32.185549,-0.194005,0.0591069,-0.000193854,2.55289,1.98183,0.7,0.0,-1,942.478,38.026,42.0,-1.0,"[-1.0, -1.0, -1.0, -1.0, -1.0, -1.0, -1.0, -1.0, -1.0, -1.0, -1.0, -1.0, -1.0, -1.0, -1.0, -1.0, -1.0, -1.0, -1.0]"
2025-05-07 20:44:32.204387,-0.144227,0.101138,-0.000180336,2.55285,1.98169,0.7,0.0,-1,942.478,38.046,42.0,-1.0,"[-1.0, -1.0, -1.0, -1.0, -1.0, -1.0, -1.0, -1.0, -1.0, -1.0, -1.0, -1.0, -1.0, -1.0, -1.0, -1.0, -1.0, -1.0, -1.0]"
2025-05-07 20:44:32.227871,-0.193906,0.0589843,-0.000199857,2.55289,1.98143,0.7,0.0,-1,942.478,38.066,42.0,-1.0,"[-1.0, -1.0, -1.0, -1.0, -1.0, -1.0, -1.0, -1.0, -1.0, -1.0, -1.0, -1.0, -1.0, -1.0, -1.0, -1.0, -1.0, -1.0, -1.0]"
2025-05-07 20:44:32.246535,-0.144118,0.100988,-0.000189647,2.55285,1.98129,0.7,0.0,-1,942.478,38.086,42.0,-1.0,"[-1.0, -1.0, -1.0, -1.0, -1.0, -1.0, -1.0, -1.0, -1.0, -1.0, -1.0, -1.0, -1.0, -1.0, -1.0, -1.0, -1.0, -1.0, -1.0]"
2025-05-07 20:44:32.266830,-0.193775,0.058833,-0.000195449,2.55289,1.98104,0.7,0.0,-1,942.478,38.106,42.0,-1.0,"[-1.0, -1.0, -1.0, -1.0, -1.0, -1.0, -1.0, -1.0, -1.0, -1.0, -1.0, -1.0, -1.0, -1.0, -1.0, -1.0, -1.0, -1.0, -1.0]"
2025-05-07 20:44:32.284374,-0.144047,0.100878,-0.000181922,2.55285,1.9809,0.7,0.0,-1,942.478,38.126,42.0,-1.0,"[-1.0, -1.0, -1.0, -1.0, -1.0, -1.0, -1.0, -1.0, -1.0, -1.0, -1.0, -1.0, -1.0, -1.0, -1.0, -1.0, -1.0, -1.0, -1.0]"
2025-05-07 20:44:32.306081,-0.193691,0.0587031,-0.000200313,2.55289,1.98064,0.7,0.0,-1,942.478,38.146,42.0,-1.0,"[-1.0, -1.0, -1.0, -1.0, -1.0, -1.0, -1.0, -1.0, -1.0, -1.0, -1.0, -1.0, -1.0, -1.0, -1.0, -1.0, -1.0, -1.0, -1.0]"
2025-05-07 20:44:32.325901,-0.143979,0.10081,-0.000197485,2.55285,1.9805,0.7,0.0,-1,942.478,38.166,42.0,-1.0,"[-1.0, -1.0, -1.0, -1.0, -1.0, -1.0, -1.0, -1.0, -1.0, -1.0, -1.0, -1.0, -1.0, -1.0, -1.0, -1.0, -1.0, -1.0, -1.0]"
2025-05-07 20:44:32.346827,-0.193545,0.0586815,-0.000213028,2.55289,1.98025,0.7,0.0,-1,942.478,38.186,42.0,-1.0,"[-1.0, -1.0, -1.0, -1.0, -1.0, -1.0, -1.0, -1.0, -1.0, -1.0, -1.0, -1.0, -1.0, -1.0, -1.0, -1.0, -1.0, -1.0, -1.0]"
2025-05-07 20:44:32.364332,-0.143871,0.100653,-0.000182167,2.55285,1.98011,0.7,0.0,-1,942.478,38.206,42.0,-1.0,"[-1.0, -1.0, -1.0, -1.0, -1.0, -1.0, -1.0, -1.0, -1.0, -1.0, -1.0, -1.0, -1.0, -1.0, -1.0, -1.0, -1.0, -1.0, -1.0]"
2025-05-07 20:44:32.385804,-0.19344,0.0585557,-0.000197691,2.55289,1.97985,0.7,0.0,-1,942.478,38.226,42.0,-1.0,"[-1.0, -1.0, -1.0, -1.0, -1.0, -1.0, -1.0, -1.0, -1.0, -1.0, -1.0, -1.0, -1.0, -1.0, -1.0, -1.0, -1.0, -1.0, -1.0]"
2025-05-07 20:44:32.404437,-0.143794,0.100492,-0.000169704,2.55285,1.97971,0.7,0.0,-1,942.478,38.246,42.0,-1.0,"[-1.0, -1.0, -1.0, -1.0, -1.0, -1.0, -1.0, -1.0, -1.0, -1.0, -1.0, -1.0, -1.0, -1.0, -1.0, -1.0, -1.0, -1.0, -1.0]"
2025-05-07 20:44:32.425836,-0.193288,0.0585277,-0.000194914,2.55289,1.97946,0.7,0.0,-1,942.478,38.266,42.0,-1.0,"[-1.0, -1.0, -1.0, -1.0, -1.0, -1.0, -1.0, -1.0, -1.0, -1.0, -1.0, -1.0, -1.0, -1.0, -1.0, -1.0, -1.0, -1.0, -1.0]"
2025-05-07 20:44:32.445053,-0.14373,0.100411,-0.000172114,2.55285,1.97932,0.7,0.0,-1,942.478,38.286,42.0,-1.0,"[-1.0, -1.0, -1.0, -1.0, -1.0, -1.0, -1.0, -1.0, -1.0, -1.0, -1.0, -1.0, -1.0, -1.0, -1.0, -1.0, -1.0, -1.0, -1.0]"
2025-05-07 20:44:32.464645,-0.193207,0.058408,-0.000218302,2.55289,1.97907,0.7,0.0,-1,942.478,38.306,42.0,-1.0,"[-1.0, -1.0, -1.0, -1.0, -1.0, -1.0, -1.0, -1.0, -1.0, -1.0, -1.0, -1.0, -1.0, -1.0, -1.0, -1.0, -1.0, -1.0, -1.0]"
2025-05-07 20:44:32.486341,-0.143677,0.100312,-0.000185912,2.55285,1.97893,0.7,0.0,-1,942.478,38.326,42.0,-1.0,"[-1.0, -1.0, -1.0, -1.0, -1.0, -1.0, -1.0, -1.0, -1.0, -1.0, -1.0, -1.0, -1.0, -1.0, -1.0, -1.0, -1.0, -1.0, -1.0]"
2025-05-07 20:44:32.506498,-0.193083,0.0584746,-0.000201854,2.55289,1.97867,0.7,0.0,-1,942.478,38.346,42.0,-1.0,"[-1.0, -1.0, -1.0, -1.0, -1.0, -1.0, -1.0, -1.0, -1.0, -1.0, -1.0, -1.0, -1.0, -1.0, -1.0, -1.0, -1.0, -1.0, -1.0]"
2025-05-07 20:44:32.526792,-0.143614,0.100146,-0.000169925,2.55285,1.97853,0.7,0.0,-1,942.478,38.366,42.0,-1.0,"[-1.0, -1.0, -1.0, -1.0, -1.0, -1.0, -1.0, -1.0, -1.0, -1.0, -1.0, -1.0, -1.0, -1.0, -1.0, -1.0, -1.0, -1.0, -1.0]"
2025-05-07 20:44:32.544821,-0.192999,0.058412,-0.000194832,2.55289,1.97828,0.7,0.0,-1,942.478,38.386,42.0,-1.0,"[-1.0, -1.0, -1.0, -1.0, -1.0, -1.0, -1.0, -1.0, -1.0, -1.0, -1.0, -1.0, -1.0, -1.0, -1.0, -1.0, -1.0, -1.0, -1.0]"
2025-05-07 20:44:32.566750,-0.143523,0.100045,-0.000164287,2.55285,1.97814,0.7,0.0,-1,942.478,38.406,42.0,-1.0,"[-1.0, -1.0, -1.0, -1.0, -1.0, -1.0, -1.0, -1.0, -1.0, -1.0, -1.0, -1.0, -1.0, -1.0, -1.0, -1.0, -1.0, -1.0, -1.0]"
2025-05-07 20:44:32.584659,-0.192903,0.0583391,-0.000191882,2.55289,1.97789,0.42192903000000004,0.0,-1,942.478,38.426,42.0,1.0,"[-1.0, -1.0, -1.0, -1.0, -1.0, -1.0, -1.0, -1.0, -1.0, -1.0, -1.0, -1.0, -1.0, -1.0, -1.0, -1.0, -1.0, -1.0, -1.0]"
2025-05-07 20:44:32.607253,-0.143476,0.0999031,-0.000162629,2.55285,1.97775,0.42143476,0.0,-1,942.478,38.446,42.0,1.0,"[-1.0, -1.0, -1.0, -1.0, -1.0, -1.0, -1.0, -1.0, -1.0, -1.0, -1.0, -1.0, -1.0, -1.0, -1.0, -1.0, -1.0, -1.0, -1.0]"
2025-05-07 20:44:32.624352,-0.192739,0.0582957,-0.00020891,2.55289,1.97749,0.42192739,0.0,-1,942.478,38.466,42.0,1.0,"[-1.0, -1.0, -1.0, -1.0, -1.0, -1.0, -1.0, -1.0, -1.0, -1.0, -1.0, -1.0, -1.0, -1.0, -1.0, -1.0, -1.0, -1.0, -1.0]"
2025-05-07 20:44:32.645827,-0.143372,0.0998146,-0.000164455,2.55285,1.97735,0.42143372,0.0,-1,942.478,38.486,42.0,1.0,"[-1.0, -1.0, -1.0, -1.0, -1.0, -1.0, -1.0, -1.0, -1.0, -1.0, -1.0, -1.0, -1.0, -1.0, -1.0, -1.0, -1.0, -1.0, -1.0]"
2025-05-07 20:44:32.665915,-0.192692,0.058075,-0.000210402,2.55289,1.9771,0.42192692,0.0,-1,942.478,38.506,42.0,1.0,"[-1.0, -1.0, -1.0, -1.0, -1.0, -1.0, -1.0, -1.0, -1.0, -1.0, -1.0, -1.0, -1.0, -1.0, -1.0, -1.0, -1.0, -1.0, -1.0]"
2025-05-07 20:44:32.685827,-0.143273,0.0996304,-0.000176501,2.55285,1.97696,0.42143273000000003,0.0,-1,942.478,38.526,42.0,1.0,"[-1.0, -1.0, -1.0, -1.0, -1.0, -1.0, -1.0, -1.0, -1.0, -1.0, -1.0, -1.0, -1.0, -1.0, -1.0, -1.0, -1.0, -1.0, -1.0]"
2025-05-07 20:44:32.706886,-0.19259,0.0579495,-0.000207819,2.55289,1.97671,0.4219259,0.0,-1,942.478,38.546,42.0,1.0,"[-1.0, -1.0, -1.0, -1.0, -1.0, -1.0, -1.0, -1.0, -1.0, -1.0, -1.0, -1.0, -1.0, -1.0, -1.0, -1.0, -1.0, -1.0, -1.0]"
2025-05-07 20:44:32.724236,-0.14322,0.0995389,-0.000185906,2.55285,1.97657,0.4214322,0.0,-1,942.478,38.566,42.0,1.0,"[-1.0, -1.0, -1.0, -1.0, -1.0, -1.0, -1.0, -1.0, -1.0, -1.0, -1.0, -1.0, -1.0, -1.0, -1.0, -1.0, -1.0, -1.0, -1.0]"
2025-05-07 20:44:32.745651,-0.192451,0.0579735,-0.000198557,2.55289,1.97632,0.42192451,0.0,-1,942.478,38.586,42.0,1.0,"[-1.0, -1.0, -1.0, -1.0, -1.0, -1.0, -1.0, -1.0, -1.0, -1.0, -1.0, -1.0, -1.0, -1.0, -1.0, -1.0, -1.0, -1.0, -1.0]"
2025-05-07 20:44:32.765885,-0.143108,0.0994621,-0.000179549,2.55285,1.97618,0.42143107999999996,0.0,-1,942.478,38.606,42.0,1.0,"[-1.0, -1.0, -1.0, -1.0, -1.0, -1.0, -1.0, -1.0, -1.0, -1.0, -1.0, -1.0, -1.0, -1.0, -1.0, -1.0, -1.0, -1.0, -1.0]"
2025-05-07 20:44:32.784435,-0.192348,0.0578797,-0.000230534,2.55289,1.97593,0.42192348,0.0,-1,942.478,38.626,42.0,1.0,"[-1.0, -1.0, -1.0, -1.0, -1.0, -1.0, -1.0, -1.0, -1.0, -1.0, -1.0, -1.0, -1.0, -1.0, -1.0, -1.0, -1.0, -1.0, -1.0]"
2025-05-07 20:44:32.807576,-0.143076,0.0993472,-0.000190289,2.55285,1.97579,0.42143076,0.0,-1,942.478,38.646,42.0,1.0,"[-1.0, -1.0, -1.0, -1.0, -1.0, -1.0, -1.0, -1.0, -1.0, -1.0, -1.0, -1.0, -1.0, -1.0, -1.0, -1.0, -1.0, -1.0, -1.0]"
2025-05-07 20:44:32.827950,-0.192247,0.0576763,-0.000201355,2.55289,1.97554,0.42192247,0.0,-1,942.478,38.666,42.0,1.0,"[-1.0, -1.0, -1.0, -1.0, -1.0, -1.0, -1.0, -1.0, -1.0, -1.0, -1.0, -1.0, -1.0, -1.0, -1.0, -1.0, -1.0, -1.0, -1.0]"
2025-05-07 20:44:32.845159,-0.143008,0.0992688,-0.000185487,2.55285,1.9754,0.42143008000000004,0.0,-1,942.478,38.686,42.0,1.0,"[-1.0, -1.0, -1.0, -1.0, -1.0, -1.0, -1.0, -1.0, -1.0, -1.0, -1.0, -1.0, -1.0, -1.0, -1.0, -1.0, -1.0, -1.0, -1.0]"
2025-05-07 20:44:32.866526,-0.192187,0.0576161,-0.000200889,2.55289,1.97515,0.42192187,0.0,-1,942.478,38.706,42.0,1.0,"[-1.0, -1.0, -1.0, -1.0, -1.0, -1.0, -1.0, -1.0, -1.0, -1.0, -1.0, -1.0, -1.0, -1.0, -1.0, -1.0, -1.0, -1.0, -1.0]"
2025-05-07 20:44:32.884686,-0.142941,0.0991776,-0.000176491,2.55285,1.97501,0.42142941,0.0,-1,942.478,38.726,42.0,1.0,"[-1.0, -1.0, -1.0, -1.0, -1.0, -1.0, -1.0, -1.0, -1.0, -1.0, -1.0, -1.0, -1.0, -1.0, -1.0, -1.0, -1.0, -1.0, -1.0]"
2025-05-07 20:44:32.906995,-0.192056,0.0576353,-0.000198692,2.55289,1.97476,0.42192056,0.0,-1,942.478,38.746,42.0,1.0,"[-1.0, -1.0, -1.0, -1.0, -1.0, -1.0, -1.0, -1.0, -1.0, -1.0, -1.0, -1.0, -1.0, -1.0, -1.0, -1.0, -1.0, -1.0, -1.0]"
2025-05-07 20:44:32.928507,-0.142833,0.0989971,-0.00016876,2.55285,1.97462,0.42142833,0.0,-1,942.478,38.766,42.0,1.0,"[-1.0, -1.0, -1.0, -1.0, -1.0, -1.0, -1.0, -1.0, -1.0, -1.0, -1.0, -1.0, -1.0, -1.0, -1.0, -1.0, -1.0, -1.0, -1.0]"
2025-05-07 20:44:32.945633,-0.19183,0.0576725,-0.000216059,2.55289,1.97437,0.4219183,0.0,-1,942.478,38.786,42.0,1.0,"[-1.0, -1.0, -1.0, -1.0, -1.0, -1.0, -1.0, -1.0, -1.0, -1.0, -1.0, -1.0, -1.0, -1.0, -1.0, -1.0, -1.0, -1.0, -1.0]"
2025-05-07 20:44:32.965088,-0.142777,0.0988158,-0.000194451,2.55285,1.97423,0.42142777000000003,0.0,-1,942.478,38.806,42.0,1.0,"[-1.0, -1.0, -1.0, -1.0, -1.0, -1.0, -1.0, -1.0, -1.0, -1.0, -1.0, -1.0, -1.0, -1.0, -1.0, -1.0, -1.0, -1.0, -1.0]"
2025-05-07 20:44:32.987941,-0.191738,0.0574576,-0.000207312,2.55289,1.97398,0.42191738,0.0,-1,942.478,38.826,42.0,1.0,"[-1.0, -1.0, -1.0, -1.0, -1.0, -1.0, -1.0, -1.0, -1.0, -1.0, -1.0, -1.0, -1.0, -1.0, -1.0, -1.0, -1.0, -1.0, -1.0]"
2025-05-07 20:44:33.005580,-0.0785032,0.106782,-0.000155456,2.55285,1.97396,0.420785032,0.0,-1,942.478,38.846,42.0,1.0,"[-1.0, -1.0, -1.0, -1.0, -1.0, -1.0, -1.0, -1.0, -1.0, -1.0, -1.0, -1.0, -1.0, -1.0, -1.0, -1.0, -1.0, -1.0, -1.0]"
2025-05-07 20:44:33.025992,-0.169366,0.0524691,0.000181596,2.55289,1.97377,0.42169365999999997,0.0,-1,942.478,38.866,42.0,1.0,"[-1.0, -1.0, -1.0, -1.0, -1.0, -1.0, -1.0, -1.0, -1.0, -1.0, -1.0, -1.0, -1.0, -1.0, -1.0, -1.0, -1.0, -1.0, -1.0]"
2025-05-07 20:44:33.046625,-0.0371163,0.057197,0.00060209,2.55285,1.97379,0.420371163,0.0,-1,942.478,38.886,42.0,1.0,"[-1.0, -1.0, -1.0, -1.0, -1.0, -1.0, -1.0, -1.0, -1.0, -1.0, -1.0, -1.0, -1.0, -1.0, -1.0, -1.0, -1.0, -1.0, -1.0]"
2025-05-07 20:44:33.066484,-0.102172,0.0251383,0.000938432,2.55285,1.97358,0.42102172000000004,0.0,-1,942.478,38.906,42.0,1.0,"[-1.0, -1.0, -1.0, -1.0, -1.0, -1.0, -1.0, -1.0, -1.0, -1.0, -1.0, -1.0, -1.0, -1.0, -1.0, -1.0, -1.0, -1.0, -1.0]"
2025-05-07 20:44:33.085044,-0.134093,0.0354376,0.00121122,2.55285,1.97351,0.42134093,0.0,-1,942.478,38.926,42.0,1.0,"[-1.0, -1.0, -1.0, -1.0, -1.0, -1.0, -1.0, -1.0, -1.0, -1.0, -1.0, -1.0, -1.0, -1.0, -1.0, -1.0, -1.0, -1.0, -1.0]"
2025-05-07 20:44:33.107157,-0.0410721,0.0297496,0.00120568,2.55287,1.97344,0.420410721,0.0,-1,942.478,38.946,42.0,1.0,"[-1.0, -1.0, -1.0, -1.0, -1.0, -1.0, -1.0, -1.0, -1.0, -1.0, -1.0, -1.0, -1.0, -1.0, -1.0, -1.0, -1.0, -1.0, -1.0]"
2025-05-07 20:44:33.127630,-0.14491,-0.00171486,0.00124073,2.55287,1.97358,0.4214491,0.0,-1,942.478,38.966,42.0,1.0,"[-1.0, -1.0, -1.0, -1.0, -1.0, -1.0, -1.0, -1.0, -1.0, -1.0, -1.0, -1.0, -1.0, -1.0, -1.0, -1.0, -1.0, -1.0, -1.0]"
2025-05-07 20:44:33.147134,-0.118956,0.0235733,0.000929819,2.55287,1.97357,0.42118955999999996,0.0,-1,942.478,38.986,42.0,1.0,"[-1.0, -1.0, -1.0, -1.0, -1.0, -1.0, -1.0, -1.0, -1.0, -1.0, -1.0, -1.0, -1.0, -1.0, -1.0, -1.0, -1.0, -1.0, -1.0]"
2025-05-07 20:44:33.165209,-0.0484434,0.0527151,0.000619229,2.55285,1.9735,0.42048443399999996,0.0,-1,942.478,39.006,42.0,1.0,"[-1.0, -1.0, -1.0, -1.0, -1.0, -1.0, -1.0, -1.0, -1.0, -1.0, -1.0, -1.0, -1.0, -1.0, -1.0, -1.0, -1.0, -1.0, -1.0]"
2025-05-07 20:44:33.185143,-0.138055,0.00257577,0.000328532,2.55289,1.9734,0.42138055,0.0,-1,942.478,39.026,42.0,1.0,"[-1.0, -1.0, -1.0, -1.0, -1.0, -1.0, -1.0, -1.0, -1.0, -1.0, -1.0, -1.0, -1.0, -1.0, -1.0, -1.0, -1.0, -1.0, -1.0]"
2025-05-07 20:44:33.205018,-0.0589178,0.0358616,1.63295e-05,2.55285,1.97353,0.420589178,0.0,-1,942.478,39.046,42.0,1.0,"[-1.0, -1.0, -1.0, -1.0, -1.0, -1.0, -1.0, -1.0, -1.0, -1.0, -1.0, -1.0, -1.0, -1.0, -1.0, -1.0, -1.0, -1.0, -1.0]"
2025-05-07 20:44:33.225541,-0.12352,0.0177964,-0.000244397,2.55287,1.97361,0.4212352,0.0,-1,942.478,39.066,42.0,1.0,"[-1.0, -1.0, -1.0, -1.0, -1.0, -1.0, -1.0, -1.0, -1.0, -1.0, -1.0, -1.0, -1.0, -1.0, -1.0, -1.0, -1.0, -1.0, -1.0]"
2025-05-07 20:44:33.245802,-0.136292,0.0286904,-0.000299596,2.55287,1.97359,0.42136292,0.0,-1,942.478,39.086,42.0,1.0,"[-1.0, -1.0, -1.0, -1.0, -1.0, -1.0, -1.0, -1.0, -1.0, -1.0, -1.0, -1.0, -1.0, -1.0, -1.0, -1.0, -1.0, -1.0, -1.0]"
2025-05-07 20:44:33.264736,-0.111605,0.0149244,-0.000350823,2.55287,1.97362,0.42111604999999996,0.0,-1,942.478,39.106,42.0,1.0,"[-1.0, -1.0, -1.0, -1.0, -1.0, -1.0, -1.0, -1.0, -1.0, -1.0, -1.0, -1.0, -1.0, -1.0, -1.0, -1.0, -1.0, -1.0, -1.0]"
2025-05-07 20:44:33.286399,-0.0471108,0.0547119,-0.000231686,2.55285,1.9737,0.420471108,0.0,-1,942.478,39.126,42.0,1.0,"[-1.0, -1.0, -1.0, -1.0, -1.0, -1.0, -1.0, -1.0, -1.0, -1.0, -1.0, -1.0, -1.0, -1.0, -1.0, -1.0, -1.0, -1.0, -1.0]"
2025-05-07 20:44:33.308940,-0.142746,0.0258241,-0.000265582,2.55289,1.97361,0.42142746000000003,0.0,-1,942.478,39.146,42.0,1.0,"[-1.0, -1.0, -1.0, -1.0, -1.0, -1.0, -1.0, -1.0, -1.0, -1.0, -1.0, -1.0, -1.0, -1.0, -1.0, -1.0, -1.0, -1.0, -1.0]"
2025-05-07 20:44:33.325963,-0.073101,0.0277641,-0.000193009,2.55285,1.97378,0.42073101,0.0,-1,942.478,39.166,42.0,1.0,"[-1.0, -1.0, -1.0, -1.0, -1.0, -1.0, -1.0, -1.0, -1.0, -1.0, -1.0, -1.0, -1.0, -1.0, -1.0, -1.0, -1.0, -1.0, -1.0]"
2025-05-07 20:44:33.345908,-0.0820721,0.0392887,-0.000239044,2.55285,1.97388,0.42082072099999995,0.0,-1,942.478,39.186,42.0,1.0,"[-1.0, -1.0, -1.0, -1.0, -1.0, -1.0, -1.0, -1.0, -1.0, -1.0, -1.0, -1.0, -1.0, -1.0, -1.0, -1.0, -1.0, -1.0, -1.0]"
2025-05-07 20:44:33.368031,-0.130047,0.0465759,-0.000172266,2.55285,1.97387,0.42130047,0.0,-1,942.478,39.206,42.0,1.0,"[-1.0, -1.0, -1.0, -1.0, -1.0, -1.0, -1.0, -1.0, -1.0, -1.0, -1.0, -1.0, -1.0, -1.0, -1.0, -1.0, -1.0, -1.0, -1.0]"
2025-05-07 20:44:33.384585,-0.159823,-0.00287811,-0.000171221,2.55289,1.97395,0.42159823,0.0,-1,942.478,39.226,42.0,1.0,"[-1.0, -1.0, -1.0, -1.0, -1.0, -1.0, -1.0, -1.0, -1.0, -1.0, -1.0, -1.0, -1.0, -1.0, -1.0, -1.0, -1.0, -1.0, -1.0]"
2025-05-07 20:44:33.404940,-0.082724,0.0465129,-0.000195217,2.55285,1.97417,0.42082724,0.0,-1,942.478,39.246,42.0,1.0,"[-1.0, -1.0, -1.0, -1.0, -1.0, -1.0, -1.0, -1.0, -1.0, -1.0, -1.0, -1.0, -1.0, -1.0, -1.0, -1.0, -1.0, -1.0, -1.0]"
2025-05-07 20:44:33.428303,-0.0916479,0.054586,-0.00022854,2.55285,1.9742,0.42091647899999995,0.0,-1,942.478,39.266,42.0,1.0,"[-1.0, -1.0, -1.0, -1.0, -1.0, -1.0, -1.0, -1.0, -1.0, -1.0, -1.0, -1.0, -1.0, -1.0, -1.0, -1.0, -1.0, -1.0, -1.0]"
2025-05-07 20:44:33.445301,-0.0818921,0.0146956,-0.000164974,2.55285,1.97428,0.42081892099999996,0.0,-1,942.478,39.286,42.0,1.0,"[-1.0, -1.0, -1.0, -1.0, -1.0, -1.0, -1.0, -1.0, -1.0, -1.0, -1.0, -1.0, -1.0, -1.0, -1.0, -1.0, -1.0, -1.0, -1.0]"
2025-05-07 20:44:33.465815,-0.159859,0.0167242,-0.000183242,2.55289,1.97444,0.42159859,0.0,-1,942.478,39.306,42.0,1.0,"[-1.0, -1.0, -1.0, -1.0, -1.0, -1.0, -1.0, -1.0, -1.0, -1.0, -1.0, -1.0, -1.0, -1.0, -1.0, -1.0, -1.0, -1.0, -1.0]"
2025-05-07 20:44:33.486012,-0.0957006,0.0756982,-0.000182313,2.55285,1.97446,0.420957006,0.0,-1,942.478,39.326,42.0,1.0,"[-1.0, -1.0, -1.0, -1.0, -1.0, -1.0, -1.0, -1.0, -1.0, -1.0, -1.0, -1.0, -1.0, -1.0, -1.0, -1.0, -1.0, -1.0, -1.0]"
2025-05-07 20:44:33.505060,-0.0812235,0.0306335,-0.000209506,2.55285,1.97452,0.420812235,0.0,-1,942.478,39.346,42.0,1.0,"[-1.0, -1.0, -1.0, -1.0, -1.0, -1.0, -1.0, -1.0, -1.0, -1.0, -1.0, -1.0, -1.0, -1.0, -1.0, -1.0, -1.0, -1.0, -1.0]"
2025-05-07 20:44:33.527986,-0.116207,0.021118,-0.000136121,2.55285,1.97471,0.42116207000000006,0.0,-1,942.478,39.366,42.0,1.0,"[-1.0, -1.0, -1.0, -1.0, -1.0, -1.0, -1.0, -1.0, -1.0, -1.0, -1.0, -1.0, -1.0, -1.0, -1.0, -1.0, -1.0, -1.0, -1.0]"
2025-05-07 20:44:33.545938,-0.166925,0.0474233,-0.000179187,2.55289,1.97478,0.42166925,0.0,-1,942.478,39.386,42.0,1.0,"[-1.0, -1.0, -1.0, -1.0, -1.0, -1.0, -1.0, -1.0, -1.0, -1.0, -1.0, -1.0, -1.0, -1.0, -1.0, -1.0, -1.0, -1.0, -1.0]"
2025-05-07 20:44:33.566459,-0.08493,0.0467266,-0.000194602,2.55285,1.97476,0.4208493,0.0,-1,942.478,39.406,42.0,1.0,"[-1.0, -1.0, -1.0, -1.0, -1.0, -1.0, -1.0, -1.0, -1.0, -1.0, -1.0, -1.0, -1.0, -1.0, -1.0, -1.0, -1.0, -1.0, -1.0]"
2025-05-07 20:44:33.585068,-0.0776899,0.0257831,-0.000165534,2.55285,1.97488,0.42077689900000004,0.0,-1,942.478,39.426,42.0,1.0,"[-1.0, -1.0, -1.0, -1.0, -1.0, -1.0, -1.0, -1.0, -1.0, -1.0, -1.0, -1.0, -1.0, -1.0, -1.0, -1.0, -1.0, -1.0, -1.0]"
2025-05-07 20:44:33.606751,-0.0848641,0.0521769,-0.000161915,2.55285,1.97501,0.42084864099999997,0.0,-1,942.478,39.446,42.0,1.0,"[-1.0, -1.0, -1.0, -1.0, -1.0, -1.0, -1.0, -1.0, -1.0, -1.0, -1.0, -1.0, -1.0, -1.0, -1.0, -1.0, -1.0, -1.0, -1.0]"
2025-05-07 20:44:33.625360,-0.164546,0.0254137,-0.000231631,2.55289,1.97499,0.42164546,0.0,-1,942.478,39.466,42.0,1.0,"[-1.0, -1.0, -1.0, -1.0, -1.0, -1.0, -1.0, -1.0, -1.0, -1.0, -1.0, -1.0, -1.0, -1.0, -1.0, -1.0, -1.0, -1.0, -1.0]"
2025-05-07 20:44:33.648047,-0.0759483,0.0296687,-0.000173155,2.55285,1.97517,0.420759483,0.0,-1,942.478,39.486,42.0,1.0,"[-1.0, -1.0, -1.0, -1.0, -1.0, -1.0, -1.0, -1.0, -1.0, -1.0, -1.0, -1.0, -1.0, -1.0, -1.0, -1.0, -1.0, -1.0, -1.0]"
2025-05-07 20:44:33.664668,-0.0830633,0.0402747,-0.000234282,2.55285,1.97527,0.420830633,0.0,-1,942.478,39.506,42.0,1.0,"[-1.0, -1.0, -1.0, -1.0, -1.0, -1.0, -1.0, -1.0, -1.0, -1.0, -1.0, -1.0, -1.0, -1.0, -1.0, -1.0, -1.0, -1.0, -1.0]"
2025-05-07 20:44:33.685219,-0.130606,0.047327,-0.000178385,2.55285,1.97526,0.42130606,0.0,-1,942.478,39.526,42.0,1.0,"[-1.0, -1.0, -1.0, -1.0, -1.0, -1.0, -1.0, -1.0, -1.0, -1.0, -1.0, -1.0, -1.0, -1.0, -1.0, -1.0, -1.0, -1.0, -1.0]"
2025-05-07 20:44:33.705847,-0.159953,-0.00136042,-0.000148377,2.55289,1.97535,0.42159953,0.0,-1,942.478,39.546,42.0,1.0,"[-1.0, -1.0, -1.0, -1.0, -1.0, -1.0, -1.0, -1.0, -1.0, -1.0, -1.0, -1.0, -1.0, -1.0, -1.0, -1.0, -1.0, -1.0, -1.0]"
2025-05-07 20:44:33.725628,-0.0827838,0.0466766,-0.000172295,2.55285,1.97557,0.420827838,0.0,-1,942.478,39.566,42.0,1.0,"[-1.0, -1.0, -1.0, -1.0, -1.0, -1.0, -1.0, -1.0, -1.0, -1.0, -1.0, -1.0, -1.0, -1.0, -1.0, -1.0, -1.0, -1.0, -1.0]"
2025-05-07 20:44:33.745143,-0.0913905,0.0544845,-0.000222018,2.55285,1.9756,0.42091390500000003,0.0,-1,942.478,39.586,42.0,1.0,"[-1.0, -1.0, -1.0, -1.0, -1.0, -1.0, -1.0, -1.0, -1.0, -1.0, -1.0, -1.0, -1.0, -1.0, -1.0, -1.0, -1.0, -1.0, -1.0]"
2025-05-07 20:44:33.765329,-0.0821127,0.0143218,-0.000161011,2.55285,1.97568,0.420821127,0.0,-1,942.478,39.606,42.0,1.0,"[-1.0, -1.0, -1.0, -1.0, -1.0, -1.0, -1.0, -1.0, -1.0, -1.0, -1.0, -1.0, -1.0, -1.0, -1.0, -1.0, -1.0, -1.0, -1.0]"
2025-05-07 20:44:33.785982,-0.160056,0.0169888,-0.000168792,2.55289,1.97584,0.42160055999999996,0.0,-1,942.478,39.626,42.0,1.0,"[-1.0, -1.0, -1.0, -1.0, -1.0, -1.0, -1.0, -1.0, -1.0, -1.0, -1.0, -1.0, -1.0, -1.0, -1.0, -1.0, -1.0, -1.0, -1.0]"
2025-05-07 20:44:33.808320,-0.09607,0.0763019,-0.00020532,2.55285,1.97586,0.42096069999999997,0.0,-1,942.478,39.646,42.0,1.0,"[-1.0, -1.0, -1.0, -1.0, -1.0, -1.0, -1.0, -1.0, -1.0, -1.0, -1.0, -1.0, -1.0, -1.0, -1.0, -1.0, -1.0, -1.0, -1.0]"
2025-05-07 20:44:33.828132,-0.0815692,0.0307179,-0.000215125,2.55285,1.97592,0.42081569199999996,0.0,-1,942.478,39.666,42.0,1.0,"[-1.0, -1.0, -1.0, -1.0, -1.0, -1.0, -1.0, -1.0, -1.0, -1.0, -1.0, -1.0, -1.0, -1.0, -1.0, -1.0, -1.0, -1.0, -1.0]"
2025-05-07 20:44:33.846058,-0.116561,0.0215595,-0.000112484,2.55285,1.97612,0.42116560999999997,0.0,-1,942.478,39.686,42.0,1.0,"[-1.0, -1.0, -1.0, -1.0, -1.0, -1.0, -1.0, -1.0, -1.0, -1.0, -1.0, -1.0, -1.0, -1.0, -1.0, -1.0, -1.0, -1.0, -1.0]"
2025-05-07 20:44:33.866902,-0.167074,0.0477313,-0.000173193,2.55289,1.97619,0.42167074,0.0,-1,942.478,39.706,42.0,1.0,"[-1.0, -1.0, -1.0, -1.0, -1.0, -1.0, -1.0, -1.0, -1.0, -1.0, -1.0, -1.0, -1.0, -1.0, -1.0, -1.0, -1.0, -1.0, -1.0]"
2025-05-07 20:44:33.885369,-0.0852423,0.0468754,-0.00019932,2.55285,1.97617,0.420852423,0.0,-1,942.478,39.726,42.0,1.0,"[-1.0, -1.0, -1.0, -1.0, -1.0, -1.0, -1.0, -1.0, -1.0, -1.0, -1.0, -1.0, -1.0, -1.0, -1.0, -1.0, -1.0, -1.0, -1.0]"
2025-05-07 20:44:33.905399,-0.0779702,0.0258513,-0.00016997,2.55285,1.97629,0.42077970200000003,0.0,-1,942.478,39.746,42.0,1.0,"[-1.0, -1.0, -1.0, -1.0, -1.0, -1.0, -1.0, -1.0, -1.0, -1.0, -1.0, -1.0, -1.0, -1.0, -1.0, -1.0, -1.0, -1.0, -1.0]"
2025-05-07 20:44:33.926045,-0.0848733,0.0522543,-0.00015434,2.55285,1.97641,0.420848733,0.0,-1,942.478,39.766,42.0,1.0,"[-1.0, -1.0, -1.0, -1.0, -1.0, -1.0, -1.0, -1.0, -1.0, -1.0, -1.0, -1.0, -1.0, -1.0, -1.0, -1.0, -1.0, -1.0, -1.0]"
2025-05-07 20:44:33.947373,-0.16459,0.0254955,-0.000228045,2.55289,1.9764,0.42164589999999996,0.0,-1,942.478,39.786,42.0,1.0,"[-1.0, -1.0, -1.0, -1.0, -1.0, -1.0, -1.0, -1.0, -1.0, -1.0, -1.0, -1.0, -1.0, -1.0, -1.0, -1.0, -1.0, -1.0, -1.0]"
2025-05-07 20:44:33.968689,-0.0761521,0.0295555,-0.000162837,2.55285,1.97657,0.420761521,0.0,-1,942.478,39.806,42.0,1.0,"[-1.0, -1.0, -1.0, -1.0, -1.0, -1.0, -1.0, -1.0, -1.0, -1.0, -1.0, -1.0, -1.0, -1.0, -1.0, -1.0, -1.0, -1.0, -1.0]"
2025-05-07 20:44:33.987369,-0.0830151,0.0402718,-0.000228013,2.55285,1.97668,0.420830151,0.0,-1,942.478,39.826,42.0,1.0,"[-1.0, -1.0, -1.0, -1.0, -1.0, -1.0, -1.0, -1.0, -1.0, -1.0, -1.0, -1.0, -1.0, -1.0, -1.0, -1.0, -1.0, -1.0, -1.0]"
2025-05-07 20:44:34.004923,-0.130504,0.047298,-0.000164145,2.55285,1.97667,0.42130504,0.0,-1,942.478,39.846,42.0,1.0,"[-1.0, -1.0, -1.0, -1.0, -1.0, -1.0, -1.0, -1.0, -1.0, -1.0, -1.0, -1.0, -1.0, -1.0, -1.0, -1.0, -1.0, -1.0, -1.0]"
2025-05-07 20:44:34.026540,-0.160139,-0.00139196,-0.000169876,2.55289,1.97675,0.42160139,0.0,-1,942.478,39.866,42.0,1.0,"[-1.0, -1.0, -1.0, -1.0, -1.0, -1.0, -1.0, -1.0, -1.0, -1.0, -1.0, -1.0, -1.0, -1.0, -1.0, -1.0, -1.0, -1.0, -1.0]"
2025-05-07 20:44:34.046879,-0.0828439,0.0469543,-0.000192344,2.55285,1.97697,0.420828439,0.0,-1,942.478,39.886,42.0,1.0,"[-1.0, -1.0, -1.0, -1.0, -1.0, -1.0, -1.0, -1.0, -1.0, -1.0, -1.0, -1.0, -1.0, -1.0, -1.0, -1.0, -1.0, -1.0, -1.0]"
2025-05-07 20:44:34.068005,-0.0915087,0.0547475,-0.000233514,2.55285,1.977,0.42091508699999997,0.0,-1,942.478,39.906,42.0,1.0,"[-1.0, -1.0, -1.0, -1.0, -1.0, -1.0, -1.0, -1.0, -1.0, -1.0, -1.0, -1.0, -1.0, -1.0, -1.0, -1.0, -1.0, -1.0, -1.0]"
2025-05-07 20:44:34.085056,-0.0823946,0.0144295,-0.000159145,2.55285,1.97708,0.420823946,0.0,-1,942.478,39.926,42.0,1.0,"[-1.0, -1.0, -1.0, -1.0, -1.0, -1.0, -1.0, -1.0, -1.0, -1.0, -1.0, -1.0, -1.0, -1.0, -1.0, -1.0, -1.0, -1.0, -1.0]"
2025-05-07 20:44:34.106549,-0.160263,0.0169642,-0.000176767,2.55289,1.97725,0.42160263,0.0,-1,942.478,39.946,42.0,1.0,"[-1.0, -1.0, -1.0, -1.0, -1.0, -1.0, -1.0, -1.0, -1.0, -1.0, -1.0, -1.0, -1.0, -1.0, -1.0, -1.0, -1.0, -1.0, -1.0]"
2025-05-07 20:44:34.125170,-0.0961095,0.0764272,-0.000183102,2.55285,1.97726,0.42096109499999995,0.0,-1,942.478,39.966,42.0,1.0,"[-1.0, -1.0, -1.0, -1.0, -1.0, -1.0, -1.0, -1.0, -1.0, -1.0, -1.0, -1.0, -1.0, -1.0, -1.0, -1.0, -1.0, -1.0, -1.0]"
2025-05-07 20:44:34.145636,-0.081762,0.0307807,-0.000221792,2.55285,1.97733,0.42081762,0.0,-1,942.478,39.986,42.0,1.0,"[-1.0, -1.0, -1.0, -1.0, -1.0, -1.0, -1.0, -1.0, -1.0, -1.0, -1.0, -1.0, -1.0, -1.0, -1.0, -1.0, -1.0, -1.0, -1.0]"
2025-05-07 20:44:34.166860,-0.116796,0.0215588,-0.000135439,2.55285,1.97752,0.42116796,0.0,-1,942.478,40.006,42.0,1.0,"[-1.0, -1.0, -1.0, -1.0, -1.0, -1.0, -1.0, -1.0, -1.0, -1.0, -1.0, -1.0, -1.0, -1.0, -1.0, -1.0, -1.0, -1.0, -1.0]"
2025-05-07 20:44:34.185509,-0.167015,0.0477738,-0.000176893,2.55289,1.97759,0.42167014999999997,0.0,-1,942.478,40.026,42.0,1.0,"[-1.0, -1.0, -1.0, -1.0, -1.0, -1.0, -1.0, -1.0, -1.0, -1.0, -1.0, -1.0, -1.0, -1.0, -1.0, -1.0, -1.0, -1.0, -1.0]"
2025-05-07 20:44:34.208620,-0.0853975,0.0467346,-0.000206375,2.55285,1.97758,0.420853975,0.0,-1,942.478,40.046,42.0,1.0,"[-1.0, -1.0, -1.0, -1.0, -1.0, -1.0, -1.0, -1.0, -1.0, -1.0, -1.0, -1.0, -1.0, -1.0, -1.0, -1.0, -1.0, -1.0, -1.0]"
2025-05-07 20:44:34.228547,-0.0781622,0.0258204,-0.000179832,2.55285,1.97769,0.420781622,0.0,-1,942.478,40.066,42.0,1.0,"[-1.0, -1.0, -1.0, -1.0, -1.0, -1.0, -1.0, -1.0, -1.0, -1.0, -1.0, -1.0, -1.0, -1.0, -1.0, -1.0, -1.0, -1.0, -1.0]"
2025-05-07 20:44:34.248201,-0.0847534,0.0522412,-0.000181213,2.55285,1.97782,0.42084753399999997,0.0,-1,942.478,40.086,42.0,1.0,"[-1.0, -1.0, -1.0, -1.0, -1.0, -1.0, -1.0, -1.0, -1.0, -1.0, -1.0, -1.0, -1.0, -1.0, -1.0, -1.0, -1.0, -1.0, -1.0]"
2025-05-07 20:44:34.271184,-0.164619,0.0255312,-0.000242417,2.55289,1.97781,0.42164619000000003,0.0,-1,942.478,40.106,42.0,1.0,"[-1.0, -1.0, -1.0, -1.0, -1.0, -1.0, -1.0, -1.0, -1.0, -1.0, -1.0, -1.0, -1.0, -1.0, -1.0, -1.0, -1.0, -1.0, -1.0]"
2025-05-07 20:44:34.287133,-0.0763675,0.029634,-0.000165156,2.55285,1.97798,0.42076367500000006,0.0,-1,942.478,40.126,42.0,1.0,"[-1.0, -1.0, -1.0, -1.0, -1.0, -1.0, -1.0, -1.0, -1.0, -1.0, -1.0, -1.0, -1.0, -1.0, -1.0, -1.0, -1.0, -1.0, -1.0]"
2025-05-07 20:44:34.307337,-0.0830101,0.0403984,-0.000234806,2.55285,1.97808,0.420830101,0.0,-1,942.478,40.146,42.0,1.0,"[-1.0, -1.0, -1.0, -1.0, -1.0, -1.0, -1.0, -1.0, -1.0, -1.0, -1.0, -1.0, -1.0, -1.0, -1.0, -1.0, -1.0, -1.0, -1.0]"
2025-05-07 20:44:34.328230,-0.130573,0.0473497,-0.000177277,2.55285,1.97808,0.42130573,0.0,-1,942.478,40.166,42.0,1.0,"[-1.0, -1.0, -1.0, -1.0, -1.0, -1.0, -1.0, -1.0, -1.0, -1.0, -1.0, -1.0, -1.0, -1.0, -1.0, -1.0, -1.0, -1.0, -1.0]"
2025-05-07 20:44:34.346301,-0.160341,-0.00142712,-0.000147443,2.55289,1.97816,0.42160341,0.0,-1,942.478,40.186,42.0,1.0,"[-1.0, -1.0, -1.0, -1.0, -1.0, -1.0, -1.0, -1.0, -1.0, -1.0, -1.0, -1.0, -1.0, -1.0, -1.0, -1.0, -1.0, -1.0, -1.0]"
2025-05-07 20:44:34.364617,-0.0828667,0.0471381,-0.000172405,2.55285,1.97838,0.420828667,0.0,-1,942.478,40.206,42.0,1.0,"[-1.0, -1.0, -1.0, -1.0, -1.0, -1.0, -1.0, -1.0, -1.0, -1.0, -1.0, -1.0, -1.0, -1.0, -1.0, -1.0, -1.0, -1.0, -1.0]"
2025-05-07 20:44:34.386614,-0.0915778,0.0549004,-0.000233007,2.55285,1.97841,0.420915778,0.0,-1,942.478,40.226,42.0,1.0,"[-1.0, -1.0, -1.0, -1.0, -1.0, -1.0, -1.0, -1.0, -1.0, -1.0, -1.0, -1.0, -1.0, -1.0, -1.0, -1.0, -1.0, -1.0, -1.0]"
2025-05-07 20:44:34.406296,-0.0826029,0.0145667,-0.000165286,2.55285,1.97849,0.420826029,0.0,-1,942.478,40.246,42.0,1.0,"[-1.0, -1.0, -1.0, -1.0, -1.0, -1.0, -1.0, -1.0, -1.0, -1.0, -1.0, -1.0, -1.0, -1.0, -1.0, -1.0, -1.0, -1.0, -1.0]"
2025-05-07 20:44:34.425211,-0.160551,0.0169206,-0.000190543,2.55289,1.97865,0.42160550999999996,0.0,-1,942.478,40.266,42.0,1.0,"[-1.0, -1.0, -1.0, -1.0, -1.0, -1.0, -1.0, -1.0, -1.0, -1.0, -1.0, -1.0, -1.0, -1.0, -1.0, -1.0, -1.0, -1.0, -1.0]"
2025-05-07 20:44:34.445300,-0.0960492,0.0764671,-0.000187839,2.55285,1.97867,0.420960492,0.0,-1,942.478,40.286,42.0,1.0,"[-1.0, -1.0, -1.0, -1.0, -1.0, -1.0, -1.0, -1.0, -1.0, -1.0, -1.0, -1.0, -1.0, -1.0, -1.0, -1.0, -1.0, -1.0, -1.0]"
2025-05-07 20:44:34.464358,-0.0819598,0.0307485,-0.000224955,2.55285,1.97873,0.420819598,0.0,-1,942.478,40.306,42.0,1.0,"[-1.0, -1.0, -1.0, -1.0, -1.0, -1.0, -1.0, -1.0, -1.0, -1.0, -1.0, -1.0, -1.0, -1.0, -1.0, -1.0, -1.0, -1.0, -1.0]"
2025-05-07 20:44:34.487406,-0.116944,0.021518,-0.00012218,2.55285,1.97893,0.42116943999999995,0.0,-1,942.478,40.326,42.0,1.0,"[-1.0, -1.0, -1.0, -1.0, -1.0, -1.0, -1.0, -1.0, -1.0, -1.0, -1.0, -1.0, -1.0, -1.0, -1.0, -1.0, -1.0, -1.0, -1.0]"
2025-05-07 20:44:34.506149,-0.167089,0.0479514,-0.000179551,2.55289,1.979,0.42167088999999996,0.0,-1,942.478,40.346,42.0,1.0,"[-1.0, -1.0, -1.0, -1.0, -1.0, -1.0, -1.0, -1.0, -1.0, -1.0, -1.0, -1.0, -1.0, -1.0, -1.0, -1.0, -1.0, -1.0, -1.0]"
2025-05-07 20:44:34.526653,-0.0856326,0.0466921,-0.000193445,2.55285,1.97899,0.42085632599999995,0.0,-1,942.478,40.366,42.0,1.0,"[-1.0, -1.0, -1.0, -1.0, -1.0, -1.0, -1.0, -1.0, -1.0, -1.0, -1.0, -1.0, -1.0, -1.0, -1.0, -1.0, -1.0, -1.0, -1.0]"
2025-05-07 20:44:34.544889,-0.0783892,0.025965,-0.00017012,2.55285,1.9791,0.420783892,0.0,-1,942.478,40.386,42.0,1.0,"[-1.0, -1.0, -1.0, -1.0, -1.0, -1.0, -1.0, -1.0, -1.0, -1.0, -1.0, -1.0, -1.0, -1.0, -1.0, -1.0, -1.0, -1.0, -1.0]"
2025-05-07 20:44:34.565257,-0.0849837,0.0525738,-0.000183373,2.55285,1.97923,0.420849837,0.0,-1,942.478,40.406,42.0,1.0,"[-1.0, -1.0, -1.0, -1.0, -1.0, -1.0, -1.0, -1.0, -1.0, -1.0, -1.0, -1.0, -1.0, -1.0, -1.0, -1.0, -1.0, -1.0, -1.0]"
2025-05-07 20:44:34.585178,-0.164729,0.0256093,-0.000235746,2.55289,1.97922,0.7,0.0,-1,942.478,40.426,42.0,-1.0,"[-1.0, -1.0, -1.0, -1.0, -1.0, -1.0, -1.0, -1.0, -1.0, -1.0, -1.0, -1.0, -1.0, -1.0, -1.0, -1.0, -1.0, -1.0, -1.0]"
2025-05-07 20:44:34.605748,-0.0766418,0.0298954,-0.000164206,2.55285,1.97939,0.7,0.0,-1,942.478,40.446,42.0,-1.0,"[-1.0, -1.0, -1.0, -1.0, -1.0, -1.0, -1.0, -1.0, -1.0, -1.0, -1.0, -1.0, -1.0, -1.0, -1.0, -1.0, -1.0, -1.0, -1.0]"
2025-05-07 20:44:34.624504,-0.0831199,0.0406799,-0.000226045,2.55285,1.9795,0.7,0.0,-1,942.478,40.466,42.0,-1.0,"[-1.0, -1.0, -1.0, -1.0, -1.0, -1.0, -1.0, -1.0, -1.0, -1.0, -1.0, -1.0, -1.0, -1.0, -1.0, -1.0, -1.0, -1.0, -1.0]"
2025-05-07 20:44:34.645136,-0.130594,0.0474532,-0.000171664,2.55285,1.97949,0.7,0.0,-1,942.478,40.486,42.0,-1.0,"[-1.0, -1.0, -1.0, -1.0, -1.0, -1.0, -1.0, -1.0, -1.0, -1.0, -1.0, -1.0, -1.0, -1.0, -1.0, -1.0, -1.0, -1.0, -1.0]"
2025-05-07 20:44:34.665036,-0.160639,-0.00160472,-0.0001549,2.55289,1.97957,0.7,0.0,-1,942.478,40.506,42.0,-1.0,"[-1.0, -1.0, -1.0, -1.0, -1.0, -1.0, -1.0, -1.0, -1.0, -1.0, -1.0, -1.0, -1.0, -1.0, -1.0, -1.0, -1.0, -1.0, -1.0]"
2025-05-07 20:44:34.684830,-0.082903,0.0473555,-0.000176635,2.55285,1.97979,0.7,0.0,-1,942.478,40.526,42.0,-1.0,"[-1.0, -1.0, -1.0, -1.0, -1.0, -1.0, -1.0, -1.0, -1.0, -1.0, -1.0, -1.0, -1.0, -1.0, -1.0, -1.0, -1.0, -1.0, -1.0]"
2025-05-07 20:44:34.705359,-0.091636,0.0549303,-0.000236767,2.55285,1.97982,0.7,0.0,-1,942.478,40.546,42.0,-1.0,"[-1.0, -1.0, -1.0, -1.0, -1.0, -1.0, -1.0, -1.0, -1.0, -1.0, -1.0, -1.0, -1.0, -1.0, -1.0, -1.0, -1.0, -1.0, -1.0]"
2025-05-07 20:44:34.728028,-0.0828197,0.0144614,-0.000163603,2.55285,1.9799,0.7,0.0,-1,942.478,40.566,42.0,-1.0,"[-1.0, -1.0, -1.0, -1.0, -1.0, -1.0, -1.0, -1.0, -1.0, -1.0, -1.0, -1.0, -1.0, -1.0, -1.0, -1.0, -1.0, -1.0, -1.0]"
2025-05-07 20:44:34.745541,-0.160709,0.0169432,-0.000187431,2.55289,1.98007,0.7,0.0,-1,942.478,40.586,42.0,-1.0,"[-1.0, -1.0, -1.0, -1.0, -1.0, -1.0, -1.0, -1.0, -1.0, -1.0, -1.0, -1.0, -1.0, -1.0, -1.0, -1.0, -1.0, -1.0, -1.0]"
2025-05-07 20:44:34.767133,-0.0962402,0.0768557,-0.000197593,2.55285,1.98008,0.7,0.0,-1,942.478,40.606,42.0,-1.0,"[-1.0, -1.0, -1.0, -1.0, -1.0, -1.0, -1.0, -1.0, -1.0, -1.0, -1.0, -1.0, -1.0, -1.0, -1.0, -1.0, -1.0, -1.0, -1.0]"
2025-05-07 20:44:34.787320,-0.0822941,0.0308453,-0.000232771,2.55285,1.98015,0.7,0.0,-1,942.478,40.626,42.0,-1.0,"[-1.0, -1.0, -1.0, -1.0, -1.0, -1.0, -1.0, -1.0, -1.0, -1.0, -1.0, -1.0, -1.0, -1.0, -1.0, -1.0, -1.0, -1.0, -1.0]"
2025-05-07 20:44:34.806672,-0.117233,0.0216994,-0.000137202,2.55285,1.98035,0.7,0.0,-1,942.478,40.646,42.0,-1.0,"[-1.0, -1.0, -1.0, -1.0, -1.0, -1.0, -1.0, -1.0, -1.0, -1.0, -1.0, -1.0, -1.0, -1.0, -1.0, -1.0, -1.0, -1.0, -1.0]"
2025-05-07 20:44:34.827272,-0.167063,0.0479873,-0.000177458,2.55289,1.98042,0.7,0.0,-1,942.478,40.666,42.0,-1.0,"[-1.0, -1.0, -1.0, -1.0, -1.0, -1.0, -1.0, -1.0, -1.0, -1.0, -1.0, -1.0, -1.0, -1.0, -1.0, -1.0, -1.0, -1.0, -1.0]"
2025-05-07 20:44:34.848554,-0.0859376,0.0470068,-0.00019732,2.55285,1.9804,0.7,0.0,-1,942.478,40.686,42.0,-1.0,"[-1.0, -1.0, -1.0, -1.0, -1.0, -1.0, -1.0, -1.0, -1.0, -1.0, -1.0, -1.0, -1.0, -1.0, -1.0, -1.0, -1.0, -1.0, -1.0]"
2025-05-07 20:44:34.866736,-0.0786047,0.0259456,-0.000159429,2.55285,1.98051,0.7,0.0,-1,942.478,40.706,42.0,-1.0,"[-1.0, -1.0, -1.0, -1.0, -1.0, -1.0, -1.0, -1.0, -1.0, -1.0, -1.0, -1.0, -1.0, -1.0, -1.0, -1.0, -1.0, -1.0, -1.0]"
2025-05-07 20:44:34.887562,-0.0849113,0.0526012,-0.000167734,2.55285,1.98064,0.7,0.0,-1,942.478,40.726,42.0,-1.0,"[-1.0, -1.0, -1.0, -1.0, -1.0, -1.0, -1.0, -1.0, -1.0, -1.0, -1.0, -1.0, -1.0, -1.0, -1.0, -1.0, -1.0, -1.0, -1.0]"
2025-05-07 20:44:34.907333,-0.164715,0.0256229,-0.00022924,2.55289,1.98063,0.7,0.0,-1,942.478,40.746,42.0,-1.0,"[-1.0, -1.0, -1.0, -1.0, -1.0, -1.0, -1.0, -1.0, -1.0, -1.0, -1.0, -1.0, -1.0, -1.0, -1.0, -1.0, -1.0, -1.0, -1.0]"
2025-05-07 20:44:34.929024,-0.0768963,0.0299835,-0.000159377,2.55285,1.9808,0.7,0.0,-1,942.478,40.766,42.0,-1.0,"[-1.0, -1.0, -1.0, -1.0, -1.0, -1.0, -1.0, -1.0, -1.0, -1.0, -1.0, -1.0, -1.0, -1.0, -1.0, -1.0, -1.0, -1.0, -1.0]"
2025-05-07 20:44:34.946422,-0.0830496,0.0406733,-0.000212887,2.55285,1.98091,0.7,0.0,-1,942.478,40.786,42.0,-1.0,"[-1.0, -1.0, -1.0, -1.0, -1.0, -1.0, -1.0, -1.0, -1.0, -1.0, -1.0, -1.0, -1.0, -1.0, -1.0, -1.0, -1.0, -1.0, -1.0]"
2025-05-07 20:44:34.966981,-0.13065,0.0476115,-0.000186542,2.55285,1.9809,0.7,0.0,-1,942.478,40.806,42.0,-1.0,"[-1.0, -1.0, -1.0, -1.0, -1.0, -1.0, -1.0, -1.0, -1.0, -1.0, -1.0, -1.0, -1.0, -1.0, -1.0, -1.0, -1.0, -1.0, -1.0]"
2025-05-07 20:44:34.986701,-0.160755,-0.00138555,-0.00015993,2.55289,1.98098,0.7,0.0,-1,942.478,40.826,42.0,-1.0,"[-1.0, -1.0, -1.0, -1.0, -1.0, -1.0, -1.0, -1.0, -1.0, -1.0, -1.0, -1.0, -1.0, -1.0, -1.0, -1.0, -1.0, -1.0, -1.0]"
2025-05-07 20:44:35.005682,-0.134088,0.06585,-0.000225796,2.55285,1.98108,0.7,0.0,-1,942.478,40.846,42.0,-1.0,"[-1.0, -1.0, -1.0, -1.0, -1.0, -1.0, -1.0, -1.0, -1.0, -1.0, -1.0, -1.0, -1.0, -1.0, -1.0, -1.0, -1.0, -1.0, -1.0]"
2025-05-07 20:44:35.026419,-0.168858,0.0387762,-0.000437195,2.55289,1.98111,0.7,0.0,-1,942.478,40.866,42.0,-1.0,"[-1.0, -1.0, -1.0, -1.0, -1.0, -1.0, -1.0, -1.0, -1.0, -1.0, -1.0, -1.0, -1.0, -1.0, -1.0, -1.0, -1.0, -1.0, -1.0]"
2025-05-07 20:44:35.045732,-0.14344,0.0765315,-0.000676782,2.55285,1.9812,0.7,0.0,-1,942.478,40.886,42.0,-1.0,"[-1.0, -1.0, -1.0, -1.0, -1.0, -1.0, -1.0, -1.0, -1.0, -1.0, -1.0, -1.0, -1.0, -1.0, -1.0, -1.0, -1.0, -1.0, -1.0]"
2025-05-07 20:44:35.065159,-0.181224,0.0329135,-0.000859124,2.55289,1.98107,0.7,0.0,-1,942.478,40.906,42.0,-1.0,"[-1.0, -1.0, -1.0, -1.0, -1.0, -1.0, -1.0, -1.0, -1.0, -1.0, -1.0, -1.0, -1.0, -1.0, -1.0, -1.0, -1.0, -1.0, -1.0]"
2025-05-07 20:44:35.085294,-0.172399,0.0612002,-0.00101185,2.55287,1.98102,0.7,0.0,-1,942.478,40.926,42.0,-1.0,"[-1.0, -1.0, -1.0, -1.0, -1.0, -1.0, -1.0, -1.0, -1.0, -1.0, -1.0, -1.0, -1.0, -1.0, -1.0, -1.0, -1.0, -1.0, -1.0]"
2025-05-07 20:44:35.109448,-0.183797,0.0447849,-0.00109728,2.55289,1.98081,0.7,0.0,-1,942.478,40.946,42.0,-1.0,"[-1.0, -1.0, -1.0, -1.0, -1.0, -1.0, -1.0, -1.0, -1.0, -1.0, -1.0, -1.0, -1.0, -1.0, -1.0, -1.0, -1.0, -1.0, -1.0]"
2025-05-07 20:44:35.129568,-0.153775,0.0934193,-0.00100506,2.55285,1.9807,0.7,0.0,-1,942.478,40.966,42.0,-1.0,"[-1.0, -1.0, -1.0, -1.0, -1.0, -1.0, -1.0, -1.0, -1.0, -1.0, -1.0, -1.0, -1.0, -1.0, -1.0, -1.0, -1.0, -1.0, -1.0]"
2025-05-07 20:44:35.148984,-0.193288,0.0558896,-0.000958238,2.55289,1.98046,0.7,0.0,-1,942.478,40.986,42.0,-1.0,"[-1.0, -1.0, -1.0, -1.0, -1.0, -1.0, -1.0, -1.0, -1.0, -1.0, -1.0, -1.0, -1.0, -1.0, -1.0, -1.0, -1.0, -1.0, -1.0]"
2025-05-07 20:44:35.168653,-0.142542,0.0970199,-0.000740805,2.55285,1.98033,0.7,0.0,-1,942.478,41.006,42.0,-1.0,"[-1.0, -1.0, -1.0, -1.0, -1.0, -1.0, -1.0, -1.0, -1.0, -1.0, -1.0, -1.0, -1.0, -1.0, -1.0, -1.0, -1.0, -1.0, -1.0]"
2025-05-07 20:44:35.186043,-0.191683,0.055513,-0.000570771,2.55289,1.98008,0.7,0.0,-1,942.478,41.026,42.0,-1.0,"[-1.0, -1.0, -1.0, -1.0, -1.0, -1.0, -1.0, -1.0, -1.0, -1.0, -1.0, -1.0, -1.0, -1.0, -1.0, -1.0, -1.0, -1.0, -1.0]"
2025-05-07 20:44:35.207805,-0.183039,0.0755671,-0.00039619,2.55287,1.97995,0.7,0.0,-1,942.478,41.046,42.0,-1.0,"[-1.0, -1.0, -1.0, -1.0, -1.0, -1.0, -1.0, -1.0, -1.0, -1.0, -1.0, -1.0, -1.0, -1.0, -1.0, -1.0, -1.0, -1.0, -1.0]"
2025-05-07 20:44:35.230782,-0.19031,0.0556805,-0.000205267,2.55289,1.97971,0.7,0.0,-1,942.478,41.066,42.0,-1.0,"[-1.0, -1.0, -1.0, -1.0, -1.0, -1.0, -1.0, -1.0, -1.0, -1.0, -1.0, -1.0, -1.0, -1.0, -1.0, -1.0, -1.0, -1.0, -1.0]"
2025-05-07 20:44:35.247497,-0.142408,0.097951,-0.000120712,2.55285,1.97957,0.7,0.0,-1,942.478,41.086,42.0,-1.0,"[-1.0, -1.0, -1.0, -1.0, -1.0, -1.0, -1.0, -1.0, -1.0, -1.0, -1.0, -1.0, -1.0, -1.0, -1.0, -1.0, -1.0, -1.0, -1.0]"
2025-05-07 20:44:35.269348,-0.192246,0.0568637,-9.94163e-05,2.55289,1.97932,0.7,0.0,-1,942.478,41.106,42.0,-1.0,"[-1.0, -1.0, -1.0, -1.0, -1.0, -1.0, -1.0, -1.0, -1.0, -1.0, -1.0, -1.0, -1.0, -1.0, -1.0, -1.0, -1.0, -1.0, -1.0]"
2025-05-07 20:44:35.286134,-0.143004,0.0989327,-6.67531e-06,2.55285,1.97919,0.7,0.0,-1,942.478,41.126,42.0,-1.0,"[-1.0, -1.0, -1.0, -1.0, -1.0, -1.0, -1.0, -1.0, -1.0, -1.0, -1.0, -1.0, -1.0, -1.0, -1.0, -1.0, -1.0, -1.0, -1.0]"
2025-05-07 20:44:35.306182,-0.192622,0.0576201,2.27333e-05,2.55289,1.97894,0.7,0.0,-1,942.478,41.146,42.0,-1.0,"[-1.0, -1.0, -1.0, -1.0, -1.0, -1.0, -1.0, -1.0, -1.0, -1.0, -1.0, -1.0, -1.0, -1.0, -1.0, -1.0, -1.0, -1.0, -1.0]"
2025-05-07 20:44:35.328263,-0.143339,0.09953,0.000107199,2.55285,1.9788,0.7,0.0,-1,942.478,41.166,42.0,-1.0,"[-1.0, -1.0, -1.0, -1.0, -1.0, -1.0, -1.0, -1.0, -1.0, -1.0, -1.0, -1.0, -1.0, -1.0, -1.0, -1.0, -1.0, -1.0, -1.0]"
2025-05-07 20:44:35.347855,-0.192904,0.0579732,0.000122401,2.55289,1.97854,0.7,0.0,-1,942.478,41.186,42.0,-1.0,"[-1.0, -1.0, -1.0, -1.0, -1.0, -1.0, -1.0, -1.0, -1.0, -1.0, -1.0, -1.0, -1.0, -1.0, -1.0, -1.0, -1.0, -1.0, -1.0]"
2025-05-07 20:44:35.365799,-0.14346,0.09982,0.0001714,2.55285,1.97841,0.7,0.0,-1,942.478,41.206,42.0,-1.0,"[-1.0, -1.0, -1.0, -1.0, -1.0, -1.0, -1.0, -1.0, -1.0, -1.0, -1.0, -1.0, -1.0, -1.0, -1.0, -1.0, -1.0, -1.0, -1.0]"
2025-05-07 20:44:35.385408,-0.192885,0.058128,0.000181698,2.55289,1.97815,0.7,0.0,-1,942.478,41.226,42.0,-1.0,"[-1.0, -1.0, -1.0, -1.0, -1.0, -1.0, -1.0, -1.0, -1.0, -1.0, -1.0, -1.0, -1.0, -1.0, -1.0, -1.0, -1.0, -1.0, -1.0]"
2025-05-07 20:44:35.409851,-0.143404,0.0998319,0.000202399,2.55285,1.97802,0.7,0.0,-1,942.478,41.246,42.0,-1.0,"[-1.0, -1.0, -1.0, -1.0, -1.0, -1.0, -1.0, -1.0, -1.0, -1.0, -1.0, -1.0, -1.0, -1.0, -1.0, -1.0, -1.0, -1.0, -1.0]"
2025-05-07 20:44:35.427642,-0.192771,0.058168,0.000173252,2.55289,1.97776,0.7,0.0,-1,942.478,41.266,42.0,-1.0,"[-1.0, -1.0, -1.0, -1.0, -1.0, -1.0, -1.0, -1.0, -1.0, -1.0, -1.0, -1.0, -1.0, -1.0, -1.0, -1.0, -1.0, -1.0, -1.0]"
2025-05-07 20:44:35.446324,-0.143381,0.0997907,0.000169578,2.55285,1.97762,0.7,0.0,-1,942.478,41.286,42.0,-1.0,"[-1.0, -1.0, -1.0, -1.0, -1.0, -1.0, -1.0, -1.0, -1.0, -1.0, -1.0, -1.0, -1.0, -1.0, -1.0, -1.0, -1.0, -1.0, -1.0]"
2025-05-07 20:44:35.466596,-0.192699,0.0580686,0.000115085,2.55289,1.97737,0.7,0.0,-1,942.478,41.306,42.0,-1.0,"[-1.0, -1.0, -1.0, -1.0, -1.0, -1.0, -1.0, -1.0, -1.0, -1.0, -1.0, -1.0, -1.0, -1.0, -1.0, -1.0, -1.0, -1.0, -1.0]"
2025-05-07 20:44:35.486783,-0.143316,0.0996908,8.77306e-05,2.55285,1.97723,0.7,0.0,-1,942.478,41.326,42.0,-1.0,"[-1.0, -1.0, -1.0, -1.0, -1.0, -1.0, -1.0, -1.0, -1.0, -1.0, -1.0, -1.0, -1.0, -1.0, -1.0, -1.0, -1.0, -1.0, -1.0]"
2025-05-07 20:44:35.506952,-0.19259,0.0580045,1.40566e-05,2.55289,1.97698,0.7,0.0,-1,942.478,41.346,42.0,-1.0,"[-1.0, -1.0, -1.0, -1.0, -1.0, -1.0, -1.0, -1.0, -1.0, -1.0, -1.0, -1.0, -1.0, -1.0, -1.0, -1.0, -1.0, -1.0, -1.0]"
2025-05-07 20:44:35.525520,-0.143198,0.0995558,-4.22771e-05,2.55285,1.97684,0.7,0.0,-1,942.478,41.366,42.0,-1.0,"[-1.0, -1.0, -1.0, -1.0, -1.0, -1.0, -1.0, -1.0, -1.0, -1.0, -1.0, -1.0, -1.0, -1.0, -1.0, -1.0, -1.0, -1.0, -1.0]"
2025-05-07 20:44:35.546158,-0.192491,0.0579469,-0.000150067,2.55289,1.97659,0.7,0.0,-1,942.478,41.386,42.0,-1.0,"[-1.0, -1.0, -1.0, -1.0, -1.0, -1.0, -1.0, -1.0, -1.0, -1.0, -1.0, -1.0, -1.0, -1.0, -1.0, -1.0, -1.0, -1.0, -1.0]"
2025-05-07 20:44:35.564956,-0.143183,0.0994964,-0.000187325,2.55285,1.97645,0.7,0.0,-1,942.478,41.406,42.0,-1.0,"[-1.0, -1.0, -1.0, -1.0, -1.0, -1.0, -1.0, -1.0, -1.0, -1.0, -1.0, -1.0, -1.0, -1.0, -1.0, -1.0, -1.0, -1.0, -1.0]"
2025-05-07 20:44:35.585475,-0.192372,0.0579642,-0.000232234,2.55289,1.9762,0.7,0.0,-1,942.478,41.426,42.0,-1.0,"[-1.0, -1.0, -1.0, -1.0, -1.0, -1.0, -1.0, -1.0, -1.0, -1.0, -1.0, -1.0, -1.0, -1.0, -1.0, -1.0, -1.0, -1.0, -1.0]"
2025-05-07 20:44:35.608282,-0.143132,0.0993609,-0.000181667,2.55285,1.97606,0.7,0.0,-1,942.478,41.446,42.0,-1.0,"[-1.0, -1.0, -1.0, -1.0, -1.0, -1.0, -1.0, -1.0, -1.0, -1.0, -1.0, -1.0, -1.0, -1.0, -1.0, -1.0, -1.0, -1.0, -1.0]"
2025-05-07 20:44:35.626542,-0.192321,0.0578759,-0.00020421,2.55289,1.97581,0.7,0.0,-1,942.478,41.466,42.0,-1.0,"[-1.0, -1.0, -1.0, -1.0, -1.0, -1.0, -1.0, -1.0, -1.0, -1.0, -1.0, -1.0, -1.0, -1.0, -1.0, -1.0, -1.0, -1.0, -1.0]"
2025-05-07 20:44:35.647361,-0.143088,0.099341,-0.000179984,2.55285,1.97567,0.7,0.0,-1,942.478,41.486,42.0,-1.0,"[-1.0, -1.0, -1.0, -1.0, -1.0, -1.0, -1.0, -1.0, -1.0, -1.0, -1.0, -1.0, -1.0, -1.0, -1.0, -1.0, -1.0, -1.0, -1.0]"
2025-05-07 20:44:35.667694,-0.192262,0.057746,-0.000208579,2.55289,1.97541,0.7,0.0,-1,942.478,41.506,42.0,-1.0,"[-1.0, -1.0, -1.0, -1.0, -1.0, -1.0, -1.0, -1.0, -1.0, -1.0, -1.0, -1.0, -1.0, -1.0, -1.0, -1.0, -1.0, -1.0, -1.0]"
2025-05-07 20:44:35.686174,-0.142997,0.0992562,-0.000173145,2.55285,1.97528,0.7,0.0,-1,942.478,41.526,42.0,-1.0,"[-1.0, -1.0, -1.0, -1.0, -1.0, -1.0, -1.0, -1.0, -1.0, -1.0, -1.0, -1.0, -1.0, -1.0, -1.0, -1.0, -1.0, -1.0, -1.0]"
2025-05-07 20:44:35.705345,-0.192068,0.0576951,-0.000193386,2.55289,1.97502,0.7,0.0,-1,942.478,41.546,42.0,-1.0,"[-1.0, -1.0, -1.0, -1.0, -1.0, -1.0, -1.0, -1.0, -1.0, -1.0, -1.0, -1.0, -1.0, -1.0, -1.0, -1.0, -1.0, -1.0, -1.0]"
2025-05-07 20:44:35.728032,-0.142936,0.0990704,-0.000175433,2.55285,1.97488,0.7,0.0,-1,942.478,41.566,42.0,-1.0,"[-1.0, -1.0, -1.0, -1.0, -1.0, -1.0, -1.0, -1.0, -1.0, -1.0, -1.0, -1.0, -1.0, -1.0, -1.0, -1.0, -1.0, -1.0, -1.0]"
2025-05-07 20:44:35.745536,-0.191985,0.057726,-0.000198377,2.55289,1.97463,0.7,0.0,-1,942.478,41.586,42.0,-1.0,"[-1.0, -1.0, -1.0, -1.0, -1.0, -1.0, -1.0, -1.0, -1.0, -1.0, -1.0, -1.0, -1.0, -1.0, -1.0, -1.0, -1.0, -1.0, -1.0]"
2025-05-07 20:44:35.767207,-0.142856,0.0989543,-0.000176113,2.55285,1.97449,0.7,0.0,-1,942.478,41.606,42.0,-1.0,"[-1.0, -1.0, -1.0, -1.0, -1.0, -1.0, -1.0, -1.0, -1.0, -1.0, -1.0, -1.0, -1.0, -1.0, -1.0, -1.0, -1.0, -1.0, -1.0]"
2025-05-07 20:44:35.785817,-0.191876,0.057559,-0.000200326,2.55289,1.97424,0.7,0.0,-1,942.478,41.626,42.0,-1.0,"[-1.0, -1.0, -1.0, -1.0, -1.0, -1.0, -1.0, -1.0, -1.0, -1.0, -1.0, -1.0, -1.0, -1.0, -1.0, -1.0, -1.0, -1.0, -1.0]"
2025-05-07 20:44:35.806976,-0.142764,0.098799,-0.000178196,2.55285,1.9741,0.7,0.0,-1,942.478,41.646,42.0,-1.0,"[-1.0, -1.0, -1.0, -1.0, -1.0, -1.0, -1.0, -1.0, -1.0, -1.0, -1.0, -1.0, -1.0, -1.0, -1.0, -1.0, -1.0, -1.0, -1.0]"
2025-05-07 20:44:35.825099,-0.191783,0.0575085,-0.000199404,2.55289,1.97385,0.7,0.0,-1,942.478,41.666,42.0,-1.0,"[-1.0, -1.0, -1.0, -1.0, -1.0, -1.0, -1.0, -1.0, -1.0, -1.0, -1.0, -1.0, -1.0, -1.0, -1.0, -1.0, -1.0, -1.0, -1.0]"
2025-05-07 20:44:35.844517,-0.142691,0.0987064,-0.000180792,2.55285,1.97372,0.7,0.0,-1,942.478,41.686,42.0,-1.0,"[-1.0, -1.0, -1.0, -1.0, -1.0, -1.0, -1.0, -1.0, -1.0, -1.0, -1.0, -1.0, -1.0, -1.0, -1.0, -1.0, -1.0, -1.0, -1.0]"
2025-05-07 20:44:35.866696,-0.191695,0.0574057,-0.00019798,2.55289,1.97346,0.7,0.0,-1,942.478,41.706,42.0,-1.0,"[-1.0, -1.0, -1.0, -1.0, -1.0, -1.0, -1.0, -1.0, -1.0, -1.0, -1.0, -1.0, -1.0, -1.0, -1.0, -1.0, -1.0, -1.0, -1.0]"
2025-05-07 20:44:35.886474,-0.142615,0.098599,-0.000165312,2.55285,1.97333,0.7,0.0,-1,942.478,41.726,42.0,-1.0,"[-1.0, -1.0, -1.0, -1.0, -1.0, -1.0, -1.0, -1.0, -1.0, -1.0, -1.0, -1.0, -1.0, -1.0, -1.0, -1.0, -1.0, -1.0, -1.0]"
2025-05-07 20:44:35.904930,-0.191561,0.0574342,-0.000187764,2.55289,1.97308,0.7,0.0,-1,942.478,41.746,42.0,-1.0,"[-1.0, -1.0, -1.0, -1.0, -1.0, -1.0, -1.0, -1.0, -1.0, -1.0, -1.0, -1.0, -1.0, -1.0, -1.0, -1.0, -1.0, -1.0, -1.0]"
2025-05-07 20:44:35.925229,-0.142569,0.0984769,-0.00016953,2.55285,1.97294,0.7,0.0,-1,942.478,41.766,42.0,-1.0,"[-1.0, -1.0, -1.0, -1.0, -1.0, -1.0, -1.0, -1.0, -1.0, -1.0, -1.0, -1.0, -1.0, -1.0, -1.0, -1.0, -1.0, -1.0, -1.0]"
2025-05-07 20:44:35.944383,-0.191478,0.0572794,-0.000190281,2.55289,1.97269,0.7,0.0,-1,942.478,41.786,42.0,-1.0,"[-1.0, -1.0, -1.0, -1.0, -1.0, -1.0, -1.0, -1.0, -1.0, -1.0, -1.0, -1.0, -1.0, -1.0, -1.0, -1.0, -1.0, -1.0, -1.0]"
2025-05-07 20:44:35.964937,-0.142494,0.0984189,-0.000165375,2.55285,1.97255,0.7,0.0,-1,942.478,41.806,42.0,-1.0,"[-1.0, -1.0, -1.0, -1.0, -1.0, -1.0, -1.0, -1.0, -1.0, -1.0, -1.0, -1.0, -1.0, -1.0, -1.0, -1.0, -1.0, -1.0, -1.0]"
2025-05-07 20:44:35.984590,-0.191417,0.0572238,-0.000208099,2.55289,1.9723,0.7,0.0,-1,942.478,41.826,42.0,-1.0,"[-1.0, -1.0, -1.0, -1.0, -1.0, -1.0, -1.0, -1.0, -1.0, -1.0, -1.0, -1.0, -1.0, -1.0, -1.0, -1.0, -1.0, -1.0, -1.0]"
2025-05-07 20:44:36.004697,-0.142412,0.0983435,-0.000181377,2.55285,1.97216,0.7,0.0,-1,942.478,41.846,42.0,-1.0,"[-1.0, -1.0, -1.0, -1.0, -1.0, -1.0, -1.0, -1.0, -1.0, -1.0, -1.0, -1.0, -1.0, -1.0, -1.0, -1.0, -1.0, -1.0, -1.0]"
2025-05-07 20:44:36.026765,-0.191274,0.0571822,-0.000201858,2.55289,1.97191,0.7,0.0,-1,942.478,41.866,42.0,-1.0,"[-1.0, -1.0, -1.0, -1.0, -1.0, -1.0, -1.0, -1.0, -1.0, -1.0, -1.0, -1.0, -1.0, -1.0, -1.0, -1.0, -1.0, -1.0, -1.0]"
2025-05-07 20:44:36.044844,-0.142331,0.0981387,-0.000168776,2.55285,1.97177,0.7,0.0,-1,942.478,41.886,42.0,-1.0,"[-1.0, -1.0, -1.0, -1.0, -1.0, -1.0, -1.0, -1.0, -1.0, -1.0, -1.0, -1.0, -1.0, -1.0, -1.0, -1.0, -1.0, -1.0, -1.0]"
2025-05-07 20:44:36.066385,-0.19111,0.0571033,-0.000208987,2.55289,1.97152,0.7,0.0,-1,942.478,41.906,42.0,-1.0,"[-1.0, -1.0, -1.0, -1.0, -1.0, -1.0, -1.0, -1.0, -1.0, -1.0, -1.0, -1.0, -1.0, -1.0, -1.0, -1.0, -1.0, -1.0, -1.0]"
2025-05-07 20:44:36.085973,-0.142245,0.0979595,-0.000175726,2.55285,1.97139,0.7,0.0,-1,942.478,41.926,42.0,-1.0,"[-1.0, -1.0, -1.0, -1.0, -1.0, -1.0, -1.0, -1.0, -1.0, -1.0, -1.0, -1.0, -1.0, -1.0, -1.0, -1.0, -1.0, -1.0, -1.0]"
2025-05-07 20:44:36.104325,-0.190981,0.0570623,-0.000195969,2.55289,1.97114,0.7,0.0,-1,942.478,41.946,42.0,-1.0,"[-1.0, -1.0, -1.0, -1.0, -1.0, -1.0, -1.0, -1.0, -1.0, -1.0, -1.0, -1.0, -1.0, -1.0, -1.0, -1.0, -1.0, -1.0, -1.0]"
2025-05-07 20:44:36.127257,-0.14221,0.0978452,-0.00015947,2.55285,1.971,0.7,0.0,-1,942.478,41.966,42.0,-1.0,"[-1.0, -1.0, -1.0, -1.0, -1.0, -1.0, -1.0, -1.0, -1.0, -1.0, -1.0, -1.0, -1.0, -1.0, -1.0, -1.0, -1.0, -1.0, -1.0]"
2025-05-07 20:44:36.144187,-0.190913,0.0568899,-0.00020683,2.55289,1.97075,0.7,0.0,-1,942.478,41.986,42.0,-1.0,"[-1.0, -1.0, -1.0, -1.0, -1.0, -1.0, -1.0, -1.0, -1.0, -1.0, -1.0, -1.0, -1.0, -1.0, -1.0, -1.0, -1.0, -1.0, -1.0]"
2025-05-07 20:44:36.164408,-0.142113,0.0977568,-0.000181247,2.55285,1.97061,0.7,0.0,-1,942.478,42.006,42.0,-1.0,"[-1.0, -1.0, -1.0, -1.0, -1.0, -1.0, -1.0, -1.0, -1.0, -1.0, -1.0, -1.0, -1.0, -1.0, -1.0, -1.0, -1.0, -1.0, -1.0]"
2025-05-07 20:44:36.184372,-0.190828,0.0568542,-0.000200109,2.55289,1.97036,0.7,0.0,-1,942.478,42.026,42.0,-1.0,"[-1.0, -1.0, -1.0, -1.0, -1.0, -1.0, -1.0, -1.0, -1.0, -1.0, -1.0, -1.0, -1.0, -1.0, -1.0, -1.0, -1.0, -1.0, -1.0]"
2025-05-07 20:44:36.206125,-0.142039,0.0976181,-0.000160462,2.55285,1.97023,0.7,0.0,-1,942.478,42.046,42.0,-1.0,"[-1.0, -1.0, -1.0, -1.0, -1.0, -1.0, -1.0, -1.0, -1.0, -1.0, -1.0, -1.0, -1.0, -1.0, -1.0, -1.0, -1.0, -1.0, -1.0]"
2025-05-07 20:44:36.227106,-0.190711,0.0567424,-0.000198519,2.55289,1.96998,0.7,0.0,-1,942.478,42.066,42.0,-1.0,"[-1.0, -1.0, -1.0, -1.0, -1.0, -1.0, -1.0, -1.0, -1.0, -1.0, -1.0, -1.0, -1.0, -1.0, -1.0, -1.0, -1.0, -1.0, -1.0]"
2025-05-07 20:44:36.244460,-0.141957,0.0975397,-0.000184295,2.55285,1.96984,0.7,0.0,-1,942.478,42.086,42.0,-1.0,"[-1.0, -1.0, -1.0, -1.0, -1.0, -1.0, -1.0, -1.0, -1.0, -1.0, -1.0, -1.0, -1.0, -1.0, -1.0, -1.0, -1.0, -1.0, -1.0]"
2025-05-07 20:44:36.265632,-0.190622,0.0566691,-0.000194802,2.55289,1.96959,0.7,0.0,-1,942.478,42.106,42.0,-1.0,"[-1.0, -1.0, -1.0, -1.0, -1.0, -1.0, -1.0, -1.0, -1.0, -1.0, -1.0, -1.0, -1.0, -1.0, -1.0, -1.0, -1.0, -1.0, -1.0]"
2025-05-07 20:44:36.285798,-0.141855,0.0974568,-0.000177086,2.55285,1.96946,0.7,0.0,-1,942.478,42.126,42.0,-1.0,"[-1.0, -1.0, -1.0, -1.0, -1.0, -1.0, -1.0, -1.0, -1.0, -1.0, -1.0, -1.0, -1.0, -1.0, -1.0, -1.0, -1.0, -1.0, -1.0]"
2025-05-07 20:44:36.305768,-0.190498,0.0566675,-0.000194824,2.55289,1.96921,0.7,0.0,-1,942.478,42.146,42.0,-1.0,"[-1.0, -1.0, -1.0, -1.0, -1.0, -1.0, -1.0, -1.0, -1.0, -1.0, -1.0, -1.0, -1.0, -1.0, -1.0, -1.0, -1.0, -1.0, -1.0]"
2025-05-07 20:44:36.325078,-0.141849,0.0972988,-0.000168048,2.55285,1.96907,0.7,0.0,-1,942.478,42.166,42.0,-1.0,"[-1.0, -1.0, -1.0, -1.0, -1.0, -1.0, -1.0, -1.0, -1.0, -1.0, -1.0, -1.0, -1.0, -1.0, -1.0, -1.0, -1.0, -1.0, -1.0]"
2025-05-07 20:44:36.345409,-0.190388,0.0566178,-0.000181816,2.55289,1.96882,0.7,0.0,-1,942.478,42.186,42.0,-1.0,"[-1.0, -1.0, -1.0, -1.0, -1.0, -1.0, -1.0, -1.0, -1.0, -1.0, -1.0, -1.0, -1.0, -1.0, -1.0, -1.0, -1.0, -1.0, -1.0]"
2025-05-07 20:44:36.364628,-0.141716,0.0971369,-0.000173101,2.55285,1.96868,0.7,0.0,-1,942.478,42.206,42.0,-1.0,"[-1.0, -1.0, -1.0, -1.0, -1.0, -1.0, -1.0, -1.0, -1.0, -1.0, -1.0, -1.0, -1.0, -1.0, -1.0, -1.0, -1.0, -1.0, -1.0]"
2025-05-07 20:44:36.385420,-0.190233,0.0564753,-0.000190139,2.55289,1.96844,0.7,0.0,-1,942.478,42.226,42.0,-1.0,"[-1.0, -1.0, -1.0, -1.0, -1.0, -1.0, -1.0, -1.0, -1.0, -1.0, -1.0, -1.0, -1.0, -1.0, -1.0, -1.0, -1.0, -1.0, -1.0]"
2025-05-07 20:44:36.405579,-0.141676,0.0970357,-0.00017467,2.55285,1.9683,0.7,0.0,-1,942.478,42.246,42.0,-1.0,"[-1.0, -1.0, -1.0, -1.0, -1.0, -1.0, -1.0, -1.0, -1.0, -1.0, -1.0, -1.0, -1.0, -1.0, -1.0, -1.0, -1.0, -1.0, -1.0]"
2025-05-07 20:44:36.426416,-0.190149,0.0562802,-0.000211708,2.55289,1.96805,0.7,0.0,-1,942.478,42.266,42.0,-1.0,"[-1.0, -1.0, -1.0, -1.0, -1.0, -1.0, -1.0, -1.0, -1.0, -1.0, -1.0, -1.0, -1.0, -1.0, -1.0, -1.0, -1.0, -1.0, -1.0]"
2025-05-07 20:44:36.444258,-0.155606,0.0968292,-0.000161117,2.55287,1.9679,0.7,0.0,-1,942.478,42.286,42.0,-1.0,"[-1.0, -1.0, -1.0, -1.0, -1.0, -1.0, -1.0, -1.0, -1.0, -1.0, -1.0, -1.0, -1.0, -1.0, -1.0, -1.0, -1.0, -1.0, -1.0]"
2025-05-07 20:44:36.466293,-0.19265,0.0593554,-0.000193838,2.55291,1.96765,0.7,0.0,-1,942.478,42.306,42.0,-1.0,"[-1.0, -1.0, -1.0, -1.0, -1.0, -1.0, -1.0, -1.0, -1.0, -1.0, -1.0, -1.0, -1.0, -1.0, -1.0, -1.0, -1.0, -1.0, -1.0]"
2025-05-07 20:44:36.487088,-0.142552,0.0974949,-0.000167753,2.55287,1.9675,0.7,0.0,-1,942.478,42.326,42.0,-1.0,"[-1.0, -1.0, -1.0, -1.0, -1.0, -1.0, -1.0, -1.0, -1.0, -1.0, -1.0, -1.0, -1.0, -1.0, -1.0, -1.0, -1.0, -1.0, -1.0]"
2025-05-07 20:44:36.504846,-0.190117,0.056935,-0.000218855,2.55291,1.96725,0.7,0.0,-1,942.478,42.346,42.0,-1.0,"[-1.0, -1.0, -1.0, -1.0, -1.0, -1.0, -1.0, -1.0, -1.0, -1.0, -1.0, -1.0, -1.0, -1.0, -1.0, -1.0, -1.0, -1.0, -1.0]"
2025-05-07 20:44:36.524855,-0.141596,0.0967104,-0.00017863,2.55287,1.96711,0.7,0.0,-1,942.478,42.366,42.0,-1.0,"[-1.0, -1.0, -1.0, -1.0, -1.0, -1.0, -1.0, -1.0, -1.0, -1.0, -1.0, -1.0, -1.0, -1.0, -1.0, -1.0, -1.0, -1.0, -1.0]"
2025-05-07 20:44:36.545265,-0.189781,0.0562463,-0.0002119,2.55291,1.96687,0.7,0.0,-1,942.478,42.386,42.0,-1.0,"[-1.0, -1.0, -1.0, -1.0, -1.0, -1.0, -1.0, -1.0, -1.0, -1.0, -1.0, -1.0, -1.0, -1.0, -1.0, -1.0, -1.0, -1.0, -1.0]"
2025-05-07 20:44:36.566941,-0.141369,0.0965572,-0.0001854,2.55287,1.96673,0.7,0.0,-1,942.478,42.406,42.0,-1.0,"[-1.0, -1.0, -1.0, -1.0, -1.0, -1.0, -1.0, -1.0, -1.0, -1.0, -1.0, -1.0, -1.0, -1.0, -1.0, -1.0, -1.0, -1.0, -1.0]"
2025-05-07 20:44:36.585797,-0.189696,0.0559797,-0.000202368,2.55291,1.96648,0.42189696,0.0,-1,942.478,42.426,42.0,1.0,"[-1.0, -1.0, -1.0, -1.0, -1.0, -1.0, -1.0, -1.0, -1.0, -1.0, -1.0, -1.0, -1.0, -1.0, -1.0, -1.0, -1.0, -1.0, -1.0]"
2025-05-07 20:44:36.606059,-0.141265,0.0964289,-0.000168696,2.55287,1.96635,0.42141264999999994,0.0,-1,942.478,42.446,42.0,1.0,"[-1.0, -1.0, -1.0, -1.0, -1.0, -1.0, -1.0, -1.0, -1.0, -1.0, -1.0, -1.0, -1.0, -1.0, -1.0, -1.0, -1.0, -1.0, -1.0]"
2025-05-07 20:44:36.625867,-0.189537,0.0560357,-0.000215342,2.55291,1.9661,0.42189537,0.0,-1,942.478,42.466,42.0,1.0,"[-1.0, -1.0, -1.0, -1.0, -1.0, -1.0, -1.0, -1.0, -1.0, -1.0, -1.0, -1.0, -1.0, -1.0, -1.0, -1.0, -1.0, -1.0, -1.0]"
2025-05-07 20:44:36.644490,-0.14127,0.0963081,-0.00017698,2.55287,1.96596,0.4214127,0.0,-1,942.478,42.486,42.0,1.0,"[-1.0, -1.0, -1.0, -1.0, -1.0, -1.0, -1.0, -1.0, -1.0, -1.0, -1.0, -1.0, -1.0, -1.0, -1.0, -1.0, -1.0, -1.0, -1.0]"
2025-05-07 20:44:36.665881,-0.189507,0.0559087,-0.00021757,2.55291,1.96572,0.42189507,0.0,-1,942.478,42.506,42.0,1.0,"[-1.0, -1.0, -1.0, -1.0, -1.0, -1.0, -1.0, -1.0, -1.0, -1.0, -1.0, -1.0, -1.0, -1.0, -1.0, -1.0, -1.0, -1.0, -1.0]"
2025-05-07 20:44:36.684892,-0.141147,0.0962492,-0.000164103,2.55287,1.96558,0.42141146999999995,0.0,-1,942.478,42.526,42.0,1.0,"[-1.0, -1.0, -1.0, -1.0, -1.0, -1.0, -1.0, -1.0, -1.0, -1.0, -1.0, -1.0, -1.0, -1.0, -1.0, -1.0, -1.0, -1.0, -1.0]"
2025-05-07 20:44:36.704922,-0.189349,0.0557848,-0.000183109,2.55291,1.96534,0.42189349,0.0,-1,942.478,42.546,42.0,1.0,"[-1.0, -1.0, -1.0, -1.0, -1.0, -1.0, -1.0, -1.0, -1.0, -1.0, -1.0, -1.0, -1.0, -1.0, -1.0, -1.0, -1.0, -1.0, -1.0]"
2025-05-07 20:44:36.725487,-0.141057,0.0960648,-0.000164754,2.55287,1.9652,0.42141057000000004,0.0,-1,942.478,42.566,42.0,1.0,"[-1.0, -1.0, -1.0, -1.0, -1.0, -1.0, -1.0, -1.0, -1.0, -1.0, -1.0, -1.0, -1.0, -1.0, -1.0, -1.0, -1.0, -1.0, -1.0]"
2025-05-07 20:44:36.748755,-0.189224,0.055792,-0.00019788,2.55291,1.96495,0.42189224000000003,0.0,-1,942.478,42.586,42.0,1.0,"[-1.0, -1.0, -1.0, -1.0, -1.0, -1.0, -1.0, -1.0, -1.0, -1.0, -1.0, -1.0, -1.0, -1.0, -1.0, -1.0, -1.0, -1.0, -1.0]"
2025-05-07 20:44:36.767202,-0.141017,0.0960027,-0.000174372,2.55287,1.96482,0.42141017,0.0,-1,942.478,42.606,42.0,1.0,"[-1.0, -1.0, -1.0, -1.0, -1.0, -1.0, -1.0, -1.0, -1.0, -1.0, -1.0, -1.0, -1.0, -1.0, -1.0, -1.0, -1.0, -1.0, -1.0]"
2025-05-07 20:44:36.784542,-0.189165,0.0556667,-0.000199902,2.55291,1.96457,0.42189165,0.0,-1,942.478,42.626,42.0,1.0,"[-1.0, -1.0, -1.0, -1.0, -1.0, -1.0, -1.0, -1.0, -1.0, -1.0, -1.0, -1.0, -1.0, -1.0, -1.0, -1.0, -1.0, -1.0, -1.0]"
2025-05-07 20:44:36.808900,-0.14095,0.0959441,-0.000167627,2.55287,1.96444,0.4214095,0.0,-1,942.478,42.646,42.0,1.0,"[-1.0, -1.0, -1.0, -1.0, -1.0, -1.0, -1.0, -1.0, -1.0, -1.0, -1.0, -1.0, -1.0, -1.0, -1.0, -1.0, -1.0, -1.0, -1.0]"
2025-05-07 20:44:36.828912,-0.189046,0.0557276,-0.00020291,2.55291,1.96419,0.42189045999999997,0.0,-1,942.478,42.666,42.0,1.0,"[-1.0, -1.0, -1.0, -1.0, -1.0, -1.0, -1.0, -1.0, -1.0, -1.0, -1.0, -1.0, -1.0, -1.0, -1.0, -1.0, -1.0, -1.0, -1.0]"
2025-05-07 20:44:36.847673,-0.140916,0.0958143,-0.000157052,2.55287,1.96406,0.42140915999999995,0.0,-1,942.478,42.686,42.0,1.0,"[-1.0, -1.0, -1.0, -1.0, -1.0, -1.0, -1.0, -1.0, -1.0, -1.0, -1.0, -1.0, -1.0, -1.0, -1.0, -1.0, -1.0, -1.0, -1.0]"
2025-05-07 20:44:36.864798,-0.189017,0.0556395,-0.000207262,2.55291,1.96381,0.42189017,0.0,-1,942.478,42.706,42.0,1.0,"[-1.0, -1.0, -1.0, -1.0, -1.0, -1.0, -1.0, -1.0, -1.0, -1.0, -1.0, -1.0, -1.0, -1.0, -1.0, -1.0, -1.0, -1.0, -1.0]"
2025-05-07 20:44:36.888167,-0.140853,0.0956776,-0.000176293,2.55287,1.96368,0.42140853,0.0,-1,942.478,42.726,42.0,1.0,"[-1.0, -1.0, -1.0, -1.0, -1.0, -1.0, -1.0, -1.0, -1.0, -1.0, -1.0, -1.0, -1.0, -1.0, -1.0, -1.0, -1.0, -1.0, -1.0]"
2025-05-07 20:44:36.908376,-0.188895,0.0555579,-0.00020462,2.55291,1.96343,0.42188895000000004,0.0,-1,942.478,42.746,42.0,1.0,"[-1.0, -1.0, -1.0, -1.0, -1.0, -1.0, -1.0, -1.0, -1.0, -1.0, -1.0, -1.0, -1.0, -1.0, -1.0, -1.0, -1.0, -1.0, -1.0]"
2025-05-07 20:44:36.927335,-0.156991,0.0956433,-0.000160272,2.55287,1.9633,0.42156991,0.0,-1,942.478,42.766,42.0,1.0,"[-1.0, -1.0, -1.0, -1.0, -1.0, -1.0, -1.0, -1.0, -1.0, -1.0, -1.0, -1.0, -1.0, -1.0, -1.0, -1.0, -1.0, -1.0, -1.0]"
2025-05-07 20:44:36.947223,-0.183743,0.0609373,-0.000213464,2.55293,1.96304,0.42183743,0.0,-1,942.478,42.786,42.0,1.0,"[-1.0, -1.0, -1.0, -1.0, -1.0, -1.0, -1.0, -1.0, -1.0, -1.0, -1.0, -1.0, -1.0, -1.0, -1.0, -1.0, -1.0, -1.0, -1.0]"
2025-05-07 20:44:36.967659,-0.156914,0.0955021,-0.000167311,2.55289,1.96291,0.42156914,0.0,-1,942.478,42.806,42.0,1.0,"[-1.0, -1.0, -1.0, -1.0, -1.0, -1.0, -1.0, -1.0, -1.0, -1.0, -1.0, -1.0, -1.0, -1.0, -1.0, -1.0, -1.0, -1.0, -1.0]"
2025-05-07 20:44:36.987666,-0.191601,0.0582582,-0.00019364,2.55293,1.96266,0.42191601,0.0,-1,942.478,42.826,42.0,1.0,"[-1.0, -1.0, -1.0, -1.0, -1.0, -1.0, -1.0, -1.0, -1.0, -1.0, -1.0, -1.0, -1.0, -1.0, -1.0, -1.0, -1.0, -1.0, -1.0]"
2025-05-07 20:44:37.006126,-0.0773814,0.104969,-0.000147274,2.55289,1.96264,0.420773814,0.0,-1,942.478,42.846,42.0,1.0,"[-1.0, -1.0, -1.0, -1.0, -1.0, -1.0, -1.0, -1.0, -1.0, -1.0, -1.0, -1.0, -1.0, -1.0, -1.0, -1.0, -1.0, -1.0, -1.0]"
2025-05-07 20:44:37.027502,-0.164738,0.0504425,0.000147333,2.55293,1.96247,0.42164738,0.0,-1,942.478,42.866,42.0,1.0,"[-1.0, -1.0, -1.0, -1.0, -1.0, -1.0, -1.0, -1.0, -1.0, -1.0, -1.0, -1.0, -1.0, -1.0, -1.0, -1.0, -1.0, -1.0, -1.0]"
2025-05-07 20:44:37.045522,-0.0868202,0.0548962,0.000599455,2.55289,1.96256,0.42086820199999997,0.0,-1,942.478,42.886,42.0,1.0,"[-1.0, -1.0, -1.0, -1.0, -1.0, -1.0, -1.0, -1.0, -1.0, -1.0, -1.0, -1.0, -1.0, -1.0, -1.0, -1.0, -1.0, -1.0, -1.0]"
2025-05-07 20:44:37.065104,-0.0901969,0.0530382,0.000905136,2.55289,1.96257,0.42090196900000004,0.0,-1,942.478,42.906,42.0,1.0,"[-1.0, -1.0, -1.0, -1.0, -1.0, -1.0, -1.0, -1.0, -1.0, -1.0, -1.0, -1.0, -1.0, -1.0, -1.0, -1.0, -1.0, -1.0, -1.0]"
2025-05-07 20:44:37.088950,-0.134864,0.0493226,0.00118185,2.55289,1.96258,0.42134864,0.0,-1,942.478,42.926,42.0,1.0,"[-1.0, -1.0, -1.0, -1.0, -1.0, -1.0, -1.0, -1.0, -1.0, -1.0, -1.0, -1.0, -1.0, -1.0, -1.0, -1.0, -1.0, -1.0, -1.0]"
2025-05-07 20:44:37.106822,-0.161717,0.00450236,0.00121989,2.55293,1.96264,0.42161717000000004,0.0,-1,942.478,42.946,42.0,1.0,"[-1.0, -1.0, -1.0, -1.0, -1.0, -1.0, -1.0, -1.0, -1.0, -1.0, -1.0, -1.0, -1.0, -1.0, -1.0, -1.0, -1.0, -1.0, -1.0]"
2025-05-07 20:44:37.124893,-0.0826279,0.0445314,0.00107865,2.55289,1.96285,0.42082627899999997,0.0,-1,942.478,42.966,42.0,1.0,"[-1.0, -1.0, -1.0, -1.0, -1.0, -1.0, -1.0, -1.0, -1.0, -1.0, -1.0, -1.0, -1.0, -1.0, -1.0, -1.0, -1.0, -1.0, -1.0]"
2025-05-07 20:44:37.144822,-0.0896903,0.0515656,0.000920445,2.55289,1.96289,0.420896903,0.0,-1,942.478,42.986,42.0,1.0,"[-1.0, -1.0, -1.0, -1.0, -1.0, -1.0, -1.0, -1.0, -1.0, -1.0, -1.0, -1.0, -1.0, -1.0, -1.0, -1.0, -1.0, -1.0, -1.0]"
2025-05-07 20:44:37.167352,-0.0802399,0.0145055,0.000645614,2.55289,1.96295,0.42080239900000005,0.0,-1,942.478,43.006,42.0,1.0,"[-1.0, -1.0, -1.0, -1.0, -1.0, -1.0, -1.0, -1.0, -1.0, -1.0, -1.0, -1.0, -1.0, -1.0, -1.0, -1.0, -1.0, -1.0, -1.0]"
2025-05-07 20:44:37.184927,-0.158176,0.0165114,0.000350045,2.55293,1.96311,0.42158175999999997,0.0,-1,942.478,43.026,42.0,1.0,"[-1.0, -1.0, -1.0, -1.0, -1.0, -1.0, -1.0, -1.0, -1.0, -1.0, -1.0, -1.0, -1.0, -1.0, -1.0, -1.0, -1.0, -1.0, -1.0]"
2025-05-07 20:44:37.207558,-0.0948239,0.0731861,8.36211e-05,2.55289,1.96313,0.420948239,0.0,-1,942.478,43.046,42.0,1.0,"[-1.0, -1.0, -1.0, -1.0, -1.0, -1.0, -1.0, -1.0, -1.0, -1.0, -1.0, -1.0, -1.0, -1.0, -1.0, -1.0, -1.0, -1.0, -1.0]"
2025-05-07 20:44:37.224772,-0.0792601,0.0305508,-0.000215848,2.55289,1.96318,0.420792601,0.0,-1,942.478,43.066,42.0,1.0,"[-1.0, -1.0, -1.0, -1.0, -1.0, -1.0, -1.0, -1.0, -1.0, -1.0, -1.0, -1.0, -1.0, -1.0, -1.0, -1.0, -1.0, -1.0, -1.0]"
2025-05-07 20:44:37.244881,-0.114449,0.0209239,-0.000218542,2.55289,1.96338,0.42114449,0.0,-1,942.478,43.086,42.0,1.0,"[-1.0, -1.0, -1.0, -1.0, -1.0, -1.0, -1.0, -1.0, -1.0, -1.0, -1.0, -1.0, -1.0, -1.0, -1.0, -1.0, -1.0, -1.0, -1.0]"
2025-05-07 20:44:37.268058,-0.145944,0.0565443,-0.000261036,2.55291,1.96344,0.42145944,0.0,-1,942.478,43.106,42.0,1.0,"[-1.0, -1.0, -1.0, -1.0, -1.0, -1.0, -1.0, -1.0, -1.0, -1.0, -1.0, -1.0, -1.0, -1.0, -1.0, -1.0, -1.0, -1.0, -1.0]"
2025-05-07 20:44:37.287439,-0.113523,0.033077,-0.000284798,2.55289,1.96342,0.42113523,0.0,-1,942.478,43.126,42.0,1.0,"[-1.0, -1.0, -1.0, -1.0, -1.0, -1.0, -1.0, -1.0, -1.0, -1.0, -1.0, -1.0, -1.0, -1.0, -1.0, -1.0, -1.0, -1.0, -1.0]"
2025-05-07 20:44:37.308637,-0.0724974,0.0255484,-0.000224858,2.55287,1.96353,0.42072497400000003,0.0,-1,942.478,43.146,42.0,1.0,"[-1.0, -1.0, -1.0, -1.0, -1.0, -1.0, -1.0, -1.0, -1.0, -1.0, -1.0, -1.0, -1.0, -1.0, -1.0, -1.0, -1.0, -1.0, -1.0]"
2025-05-07 20:44:37.326474,-0.0842099,0.0517694,-0.000176822,2.55287,1.96365,0.42084209899999997,0.0,-1,942.478,43.166,42.0,1.0,"[-1.0, -1.0, -1.0, -1.0, -1.0, -1.0, -1.0, -1.0, -1.0, -1.0, -1.0, -1.0, -1.0, -1.0, -1.0, -1.0, -1.0, -1.0, -1.0]"
2025-05-07 20:44:37.347895,-0.164105,0.0244174,-0.000243207,2.55291,1.96364,0.42164105,0.0,-1,942.478,43.186,42.0,1.0,"[-1.0, -1.0, -1.0, -1.0, -1.0, -1.0, -1.0, -1.0, -1.0, -1.0, -1.0, -1.0, -1.0, -1.0, -1.0, -1.0, -1.0, -1.0, -1.0]"
2025-05-07 20:44:37.365161,-0.073798,0.0279342,-0.000168521,2.55287,1.96381,0.42073797999999996,0.0,-1,942.478,43.206,42.0,1.0,"[-1.0, -1.0, -1.0, -1.0, -1.0, -1.0, -1.0, -1.0, -1.0, -1.0, -1.0, -1.0, -1.0, -1.0, -1.0, -1.0, -1.0, -1.0, -1.0]"
2025-05-07 20:44:37.385538,-0.0829211,0.0390453,-0.00022858,2.55287,1.96391,0.420829211,0.0,-1,942.478,43.226,42.0,1.0,"[-1.0, -1.0, -1.0, -1.0, -1.0, -1.0, -1.0, -1.0, -1.0, -1.0, -1.0, -1.0, -1.0, -1.0, -1.0, -1.0, -1.0, -1.0, -1.0]"
2025-05-07 20:44:37.408208,-0.130498,0.0465842,-0.000177634,2.55287,1.96391,0.42130498000000005,0.0,-1,942.478,43.246,42.0,1.0,"[-1.0, -1.0, -1.0, -1.0, -1.0, -1.0, -1.0, -1.0, -1.0, -1.0, -1.0, -1.0, -1.0, -1.0, -1.0, -1.0, -1.0, -1.0, -1.0]"
2025-05-07 20:44:37.425887,-0.158038,-0.00154052,-0.000163663,2.55291,1.96399,0.42158038,0.0,-1,942.478,43.266,42.0,1.0,"[-1.0, -1.0, -1.0, -1.0, -1.0, -1.0, -1.0, -1.0, -1.0, -1.0, -1.0, -1.0, -1.0, -1.0, -1.0, -1.0, -1.0, -1.0, -1.0]"
2025-05-07 20:44:37.446909,-0.0825696,0.045273,-0.000175382,2.55287,1.96421,0.42082569599999997,0.0,-1,942.478,43.286,42.0,1.0,"[-1.0, -1.0, -1.0, -1.0, -1.0, -1.0, -1.0, -1.0, -1.0, -1.0, -1.0, -1.0, -1.0, -1.0, -1.0, -1.0, -1.0, -1.0, -1.0]"
2025-05-07 20:44:37.467905,-0.0912312,0.0534186,-0.000223358,2.55287,1.96424,0.420912312,0.0,-1,942.478,43.306,42.0,1.0,"[-1.0, -1.0, -1.0, -1.0, -1.0, -1.0, -1.0, -1.0, -1.0, -1.0, -1.0, -1.0, -1.0, -1.0, -1.0, -1.0, -1.0, -1.0, -1.0]"
2025-05-07 20:44:37.485090,-0.0802701,0.0142508,-0.000159589,2.55287,1.96432,0.420802701,0.0,-1,942.478,43.326,42.0,1.0,"[-1.0, -1.0, -1.0, -1.0, -1.0, -1.0, -1.0, -1.0, -1.0, -1.0, -1.0, -1.0, -1.0, -1.0, -1.0, -1.0, -1.0, -1.0, -1.0]"
2025-05-07 20:44:37.505930,-0.158414,0.0169254,-0.000172871,2.55291,1.96448,0.42158414,0.0,-1,942.478,43.346,42.0,1.0,"[-1.0, -1.0, -1.0, -1.0, -1.0, -1.0, -1.0, -1.0, -1.0, -1.0, -1.0, -1.0, -1.0, -1.0, -1.0, -1.0, -1.0, -1.0, -1.0]"
2025-05-07 20:44:37.528062,-0.0956244,0.0746851,-0.000197993,2.55287,1.96449,0.420956244,0.0,-1,942.478,43.366,42.0,1.0,"[-1.0, -1.0, -1.0, -1.0, -1.0, -1.0, -1.0, -1.0, -1.0, -1.0, -1.0, -1.0, -1.0, -1.0, -1.0, -1.0, -1.0, -1.0, -1.0]"
2025-05-07 20:44:37.548845,-0.079581,0.030367,-0.000224955,2.55287,1.96456,0.42079581,0.0,-1,942.478,43.386,42.0,1.0,"[-1.0, -1.0, -1.0, -1.0, -1.0, -1.0, -1.0, -1.0, -1.0, -1.0, -1.0, -1.0, -1.0, -1.0, -1.0, -1.0, -1.0, -1.0, -1.0]"
2025-05-07 20:44:37.566616,-0.114748,0.0210029,-0.000120221,2.55287,1.96475,0.42114747999999996,0.0,-1,942.478,43.406,42.0,1.0,"[-1.0, -1.0, -1.0, -1.0, -1.0, -1.0, -1.0, -1.0, -1.0, -1.0, -1.0, -1.0, -1.0, -1.0, -1.0, -1.0, -1.0, -1.0, -1.0]"
2025-05-07 20:44:37.588161,-0.166861,0.0469921,-0.000188934,2.55291,1.96482,0.42166861,0.0,-1,942.478,43.426,42.0,1.0,"[-1.0, -1.0, -1.0, -1.0, -1.0, -1.0, -1.0, -1.0, -1.0, -1.0, -1.0, -1.0, -1.0, -1.0, -1.0, -1.0, -1.0, -1.0, -1.0]"
2025-05-07 20:44:37.609121,-0.0832357,0.0461422,-0.000193464,2.55287,1.9648,0.42083235700000005,0.0,-1,942.478,43.446,42.0,1.0,"[-1.0, -1.0, -1.0, -1.0, -1.0, -1.0, -1.0, -1.0, -1.0, -1.0, -1.0, -1.0, -1.0, -1.0, -1.0, -1.0, -1.0, -1.0, -1.0]"
2025-05-07 20:44:37.627039,-0.0760645,0.0250648,-0.000180286,2.55287,1.96492,0.420760645,0.0,-1,942.478,43.466,42.0,1.0,"[-1.0, -1.0, -1.0, -1.0, -1.0, -1.0, -1.0, -1.0, -1.0, -1.0, -1.0, -1.0, -1.0, -1.0, -1.0, -1.0, -1.0, -1.0, -1.0]"
2025-05-07 20:44:37.646694,-0.0846621,0.0513366,-0.000165513,2.55287,1.96504,0.42084662100000003,0.0,-1,942.478,43.486,42.0,1.0,"[-1.0, -1.0, -1.0, -1.0, -1.0, -1.0, -1.0, -1.0, -1.0, -1.0, -1.0, -1.0, -1.0, -1.0, -1.0, -1.0, -1.0, -1.0, -1.0]"
2025-05-07 20:44:37.666972,-0.164338,0.0247813,-0.000228285,2.55291,1.96503,0.42164338,0.0,-1,942.478,43.506,42.0,1.0,"[-1.0, -1.0, -1.0, -1.0, -1.0, -1.0, -1.0, -1.0, -1.0, -1.0, -1.0, -1.0, -1.0, -1.0, -1.0, -1.0, -1.0, -1.0, -1.0]"
2025-05-07 20:44:37.684573,-0.0741535,0.0284273,-0.00015052,2.55287,1.9652,0.420741535,0.0,-1,942.478,43.526,42.0,1.0,"[-1.0, -1.0, -1.0, -1.0, -1.0, -1.0, -1.0, -1.0, -1.0, -1.0, -1.0, -1.0, -1.0, -1.0, -1.0, -1.0, -1.0, -1.0, -1.0]"
2025-05-07 20:44:37.704419,-0.0828309,0.0390207,-0.000220781,2.55287,1.9653,0.42082830899999996,0.0,-1,942.478,43.546,42.0,1.0,"[-1.0, -1.0, -1.0, -1.0, -1.0, -1.0, -1.0, -1.0, -1.0, -1.0, -1.0, -1.0, -1.0, -1.0, -1.0, -1.0, -1.0, -1.0, -1.0]"
2025-05-07 20:44:37.724879,-0.130241,0.0465352,-0.000169804,2.55287,1.96529,0.42130240999999996,0.0,-1,942.478,43.566,42.0,1.0,"[-1.0, -1.0, -1.0, -1.0, -1.0, -1.0, -1.0, -1.0, -1.0, -1.0, -1.0, -1.0, -1.0, -1.0, -1.0, -1.0, -1.0, -1.0, -1.0]"
2025-05-07 20:44:37.747135,-0.158195,-0.00158566,-0.000164468,2.55291,1.96537,0.42158195,0.0,-1,942.478,43.586,42.0,1.0,"[-1.0, -1.0, -1.0, -1.0, -1.0, -1.0, -1.0, -1.0, -1.0, -1.0, -1.0, -1.0, -1.0, -1.0, -1.0, -1.0, -1.0, -1.0, -1.0]"
2025-05-07 20:44:37.765225,-0.0825829,0.0454155,-0.000191385,2.55287,1.96559,0.420825829,0.0,-1,942.478,43.606,42.0,1.0,"[-1.0, -1.0, -1.0, -1.0, -1.0, -1.0, -1.0, -1.0, -1.0, -1.0, -1.0, -1.0, -1.0, -1.0, -1.0, -1.0, -1.0, -1.0, -1.0]"
2025-05-07 20:44:37.786173,-0.0911744,0.0534234,-0.000232222,2.55287,1.96562,0.420911744,0.0,-1,942.478,43.626,42.0,1.0,"[-1.0, -1.0, -1.0, -1.0, -1.0, -1.0, -1.0, -1.0, -1.0, -1.0, -1.0, -1.0, -1.0, -1.0, -1.0, -1.0, -1.0, -1.0, -1.0]"
2025-05-07 20:44:37.809660,-0.080445,0.0140627,-0.000154505,2.55287,1.9657,0.42080445,0.0,-1,942.478,43.646,42.0,1.0,"[-1.0, -1.0, -1.0, -1.0, -1.0, -1.0, -1.0, -1.0, -1.0, -1.0, -1.0, -1.0, -1.0, -1.0, -1.0, -1.0, -1.0, -1.0, -1.0]"
2025-05-07 20:44:37.828030,-0.158559,0.0168483,-0.000174951,2.55291,1.96586,0.42158558999999995,0.0,-1,942.478,43.666,42.0,1.0,"[-1.0, -1.0, -1.0, -1.0, -1.0, -1.0, -1.0, -1.0, -1.0, -1.0, -1.0, -1.0, -1.0, -1.0, -1.0, -1.0, -1.0, -1.0, -1.0]"
2025-05-07 20:44:37.847087,-0.0957357,0.0749848,-0.000199008,2.55287,1.96588,0.420957357,0.0,-1,942.478,43.686,42.0,1.0,"[-1.0, -1.0, -1.0, -1.0, -1.0, -1.0, -1.0, -1.0, -1.0, -1.0, -1.0, -1.0, -1.0, -1.0, -1.0, -1.0, -1.0, -1.0, -1.0]"
2025-05-07 20:44:37.866007,-0.0797921,0.0304205,-0.000230668,2.55287,1.96594,0.42079792099999996,0.0,-1,942.478,43.706,42.0,1.0,"[-1.0, -1.0, -1.0, -1.0, -1.0, -1.0, -1.0, -1.0, -1.0, -1.0, -1.0, -1.0, -1.0, -1.0, -1.0, -1.0, -1.0, -1.0, -1.0]"
2025-05-07 20:44:37.886311,-0.114982,0.021162,-0.000135123,2.55287,1.96614,0.42114981999999995,0.0,-1,942.478,43.726,42.0,1.0,"[-1.0, -1.0, -1.0, -1.0, -1.0, -1.0, -1.0, -1.0, -1.0, -1.0, -1.0, -1.0, -1.0, -1.0, -1.0, -1.0, -1.0, -1.0, -1.0]"
2025-05-07 20:44:37.904833,-0.166905,0.0470308,-0.000179493,2.55291,1.96621,0.42166905,0.0,-1,942.478,43.746,42.0,1.0,"[-1.0, -1.0, -1.0, -1.0, -1.0, -1.0, -1.0, -1.0, -1.0, -1.0, -1.0, -1.0, -1.0, -1.0, -1.0, -1.0, -1.0, -1.0, -1.0]"
2025-05-07 20:44:37.928255,-0.0834888,0.0462225,-0.000182802,2.55287,1.96619,0.42083488799999996,0.0,-1,942.478,43.766,42.0,1.0,"[-1.0, -1.0, -1.0, -1.0, -1.0, -1.0, -1.0, -1.0, -1.0, -1.0, -1.0, -1.0, -1.0, -1.0, -1.0, -1.0, -1.0, -1.0, -1.0]"
2025-05-07 20:44:37.947222,-0.0762786,0.0251499,-0.00016057,2.55287,1.9663,0.420762786,0.0,-1,942.478,43.786,42.0,1.0,"[-1.0, -1.0, -1.0, -1.0, -1.0, -1.0, -1.0, -1.0, -1.0, -1.0, -1.0, -1.0, -1.0, -1.0, -1.0, -1.0, -1.0, -1.0, -1.0]"
2025-05-07 20:44:37.967695,-0.0847742,0.0515476,-0.000172017,2.55287,1.96643,0.42084774199999997,0.0,-1,942.478,43.806,42.0,1.0,"[-1.0, -1.0, -1.0, -1.0, -1.0, -1.0, -1.0, -1.0, -1.0, -1.0, -1.0, -1.0, -1.0, -1.0, -1.0, -1.0, -1.0, -1.0, -1.0]"
2025-05-07 20:44:37.986499,-0.164379,0.0249783,-0.00023583,2.55291,1.96641,0.42164378999999996,0.0,-1,942.478,43.826,42.0,1.0,"[-1.0, -1.0, -1.0, -1.0, -1.0, -1.0, -1.0, -1.0, -1.0, -1.0, -1.0, -1.0, -1.0, -1.0, -1.0, -1.0, -1.0, -1.0, -1.0]"
2025-05-07 20:44:38.008851,-0.0744231,0.0285792,-0.000163686,2.55287,1.96659,0.42074423099999997,0.0,-1,942.478,43.846,42.0,1.0,"[-1.0, -1.0, -1.0, -1.0, -1.0, -1.0, -1.0, -1.0, -1.0, -1.0, -1.0, -1.0, -1.0, -1.0, -1.0, -1.0, -1.0, -1.0, -1.0]"
2025-05-07 20:44:38.026419,-0.0828514,0.0391766,-0.000221613,2.55287,1.96669,0.42082851400000004,0.0,-1,942.478,43.866,42.0,1.0,"[-1.0, -1.0, -1.0, -1.0, -1.0, -1.0, -1.0, -1.0, -1.0, -1.0, -1.0, -1.0, -1.0, -1.0, -1.0, -1.0, -1.0, -1.0, -1.0]"
2025-05-07 20:44:38.044493,-0.13024,0.0466084,-0.000158928,2.55287,1.96668,0.4213024,0.0,-1,942.478,43.886,42.0,1.0,"[-1.0, -1.0, -1.0, -1.0, -1.0, -1.0, -1.0, -1.0, -1.0, -1.0, -1.0, -1.0, -1.0, -1.0, -1.0, -1.0, -1.0, -1.0, -1.0]"
2025-05-07 20:44:38.066501,-0.158452,-0.00153603,-0.000164947,2.55291,1.96676,0.42158451999999996,0.0,-1,942.478,43.906,42.0,1.0,"[-1.0, -1.0, -1.0, -1.0, -1.0, -1.0, -1.0, -1.0, -1.0, -1.0, -1.0, -1.0, -1.0, -1.0, -1.0, -1.0, -1.0, -1.0, -1.0]"
2025-05-07 20:44:38.085415,-0.0825982,0.0456596,-0.000183033,2.55287,1.96698,0.420825982,0.0,-1,942.478,43.926,42.0,1.0,"[-1.0, -1.0, -1.0, -1.0, -1.0, -1.0, -1.0, -1.0, -1.0, -1.0, -1.0, -1.0, -1.0, -1.0, -1.0, -1.0, -1.0, -1.0, -1.0]"
2025-05-07 20:44:38.105243,-0.0912801,0.0537483,-0.000239024,2.55287,1.96701,0.420912801,0.0,-1,942.478,43.946,42.0,1.0,"[-1.0, -1.0, -1.0, -1.0, -1.0, -1.0, -1.0, -1.0, -1.0, -1.0, -1.0, -1.0, -1.0, -1.0, -1.0, -1.0, -1.0, -1.0, -1.0]"
2025-05-07 20:44:38.124796,-0.0806728,0.0142306,-0.000170724,2.55287,1.96709,0.420806728,0.0,-1,942.478,43.966,42.0,1.0,"[-1.0, -1.0, -1.0, -1.0, -1.0, -1.0, -1.0, -1.0, -1.0, -1.0, -1.0, -1.0, -1.0, -1.0, -1.0, -1.0, -1.0, -1.0, -1.0]"
2025-05-07 20:44:38.146549,-0.158819,0.0168838,-0.000196573,2.55291,1.96725,0.42158819000000003,0.0,-1,942.478,43.986,42.0,1.0,"[-1.0, -1.0, -1.0, -1.0, -1.0, -1.0, -1.0, -1.0, -1.0, -1.0, -1.0, -1.0, -1.0, -1.0, -1.0, -1.0, -1.0, -1.0, -1.0]"
2025-05-07 20:44:38.165751,-0.0957371,0.0750753,-0.000182983,2.55287,1.96727,0.420957371,0.0,-1,942.478,44.006,42.0,1.0,"[-1.0, -1.0, -1.0, -1.0, -1.0, -1.0, -1.0, -1.0, -1.0, -1.0, -1.0, -1.0, -1.0, -1.0, -1.0, -1.0, -1.0, -1.0, -1.0]"
2025-05-07 20:44:38.185641,-0.0800039,0.0304097,-0.000215628,2.55287,1.96733,0.420800039,0.0,-1,942.478,44.026,42.0,1.0,"[-1.0, -1.0, -1.0, -1.0, -1.0, -1.0, -1.0, -1.0, -1.0, -1.0, -1.0, -1.0, -1.0, -1.0, -1.0, -1.0, -1.0, -1.0, -1.0]"
2025-05-07 20:44:38.206125,-0.115181,0.0211516,-0.000125291,2.55287,1.96753,0.42115181,0.0,-1,942.478,44.046,42.0,1.0,"[-1.0, -1.0, -1.0, -1.0, -1.0, -1.0, -1.0, -1.0, -1.0, -1.0, -1.0, -1.0, -1.0, -1.0, -1.0, -1.0, -1.0, -1.0, -1.0]"
2025-05-07 20:44:38.226553,-0.166943,0.0472182,-0.000174849,2.55291,1.96759,0.42166943,0.0,-1,942.478,44.066,42.0,1.0,"[-1.0, -1.0, -1.0, -1.0, -1.0, -1.0, -1.0, -1.0, -1.0, -1.0, -1.0, -1.0, -1.0, -1.0, -1.0, -1.0, -1.0, -1.0, -1.0]"
2025-05-07 20:44:38.245644,-0.0836632,0.0461937,-0.000188981,2.55287,1.96758,0.420836632,0.0,-1,942.478,44.086,42.0,1.0,"[-1.0, -1.0, -1.0, -1.0, -1.0, -1.0, -1.0, -1.0, -1.0, -1.0, -1.0, -1.0, -1.0, -1.0, -1.0, -1.0, -1.0, -1.0, -1.0]"
2025-05-07 20:44:38.266723,-0.0764947,0.0251549,-0.000190066,2.55287,1.96769,0.420764947,0.0,-1,942.478,44.106,42.0,1.0,"[-1.0, -1.0, -1.0, -1.0, -1.0, -1.0, -1.0, -1.0, -1.0, -1.0, -1.0, -1.0, -1.0, -1.0, -1.0, -1.0, -1.0, -1.0, -1.0]"
2025-05-07 20:44:38.286114,-0.0847314,0.0516015,-0.000172038,2.55287,1.96782,0.42084731400000003,0.0,-1,942.478,44.126,42.0,1.0,"[-1.0, -1.0, -1.0, -1.0, -1.0, -1.0, -1.0, -1.0, -1.0, -1.0, -1.0, -1.0, -1.0, -1.0, -1.0, -1.0, -1.0, -1.0, -1.0]"
2025-05-07 20:44:38.305116,-0.164352,0.0249628,-0.00024341,2.55291,1.9678,0.42164352,0.0,-1,942.478,44.146,42.0,1.0,"[-1.0, -1.0, -1.0, -1.0, -1.0, -1.0, -1.0, -1.0, -1.0, -1.0, -1.0, -1.0, -1.0, -1.0, -1.0, -1.0, -1.0, -1.0, -1.0]"
2025-05-07 20:44:38.328122,-0.0746473,0.0286249,-0.000154888,2.55287,1.96797,0.420746473,0.0,-1,942.478,44.166,42.0,1.0,"[-1.0, -1.0, -1.0, -1.0, -1.0, -1.0, -1.0, -1.0, -1.0, -1.0, -1.0, -1.0, -1.0, -1.0, -1.0, -1.0, -1.0, -1.0, -1.0]"
2025-05-07 20:44:38.345455,-0.0828411,0.0393278,-0.000204405,2.55287,1.96808,0.420828411,0.0,-1,942.478,44.186,42.0,1.0,"[-1.0, -1.0, -1.0, -1.0, -1.0, -1.0, -1.0, -1.0, -1.0, -1.0, -1.0, -1.0, -1.0, -1.0, -1.0, -1.0, -1.0, -1.0, -1.0]"
2025-05-07 20:44:38.364892,-0.106197,0.0557291,-0.000172352,2.55287,1.96807,0.42106197,0.0,-1,942.478,44.206,42.0,1.0,"[-1.0, -1.0, -1.0, -1.0, -1.0, -1.0, -1.0, -1.0, -1.0, -1.0, -1.0, -1.0, -1.0, -1.0, -1.0, -1.0, -1.0, -1.0, -1.0]"
2025-05-07 20:44:38.384570,-0.145804,0.00250196,-0.000166186,2.55289,1.96813,0.42145804,0.0,-1,942.478,44.226,42.0,1.0,"[-1.0, -1.0, -1.0, -1.0, -1.0, -1.0, -1.0, -1.0, -1.0, -1.0, -1.0, -1.0, -1.0, -1.0, -1.0, -1.0, -1.0, -1.0, -1.0]"
2025-05-07 20:44:38.408772,-0.0773357,0.0502875,-0.00018692,2.55285,1.96835,0.420773357,0.0,-1,942.478,44.246,42.0,1.0,"[-1.0, -1.0, -1.0, -1.0, -1.0, -1.0, -1.0, -1.0, -1.0, -1.0, -1.0, -1.0, -1.0, -1.0, -1.0, -1.0, -1.0, -1.0, -1.0]"
2025-05-07 20:44:38.427898,-0.0893963,0.0538789,-0.000216035,2.55285,1.96838,0.420893963,0.0,-1,942.478,44.266,42.0,1.0,"[-1.0, -1.0, -1.0, -1.0, -1.0, -1.0, -1.0, -1.0, -1.0, -1.0, -1.0, -1.0, -1.0, -1.0, -1.0, -1.0, -1.0, -1.0, -1.0]"
2025-05-07 20:44:38.445610,-0.0809042,0.0119835,-0.00016081,2.55285,1.96845,0.42080904199999997,0.0,-1,942.478,44.286,42.0,1.0,"[-1.0, -1.0, -1.0, -1.0, -1.0, -1.0, -1.0, -1.0, -1.0, -1.0, -1.0, -1.0, -1.0, -1.0, -1.0, -1.0, -1.0, -1.0, -1.0]"
2025-05-07 20:44:38.467323,-0.158656,0.0164276,-0.000190894,2.55289,1.96861,0.42158656,0.0,-1,942.478,44.306,42.0,1.0,"[-1.0, -1.0, -1.0, -1.0, -1.0, -1.0, -1.0, -1.0, -1.0, -1.0, -1.0, -1.0, -1.0, -1.0, -1.0, -1.0, -1.0, -1.0, -1.0]"
2025-05-07 20:44:38.486234,-0.0957227,0.075163,-0.000191382,2.55285,1.96862,0.42095722700000004,0.0,-1,942.478,44.326,42.0,1.0,"[-1.0, -1.0, -1.0, -1.0, -1.0, -1.0, -1.0, -1.0, -1.0, -1.0, -1.0, -1.0, -1.0, -1.0, -1.0, -1.0, -1.0, -1.0, -1.0]"
2025-05-07 20:44:38.505512,-0.0801901,0.0303268,-0.000218809,2.55285,1.96869,0.42080190100000003,0.0,-1,942.478,44.346,42.0,1.0,"[-1.0, -1.0, -1.0, -1.0, -1.0, -1.0, -1.0, -1.0, -1.0, -1.0, -1.0, -1.0, -1.0, -1.0, -1.0, -1.0, -1.0, -1.0, -1.0]"
2025-05-07 20:44:38.528402,-0.115378,0.0212402,-0.00012079,2.55285,1.96889,0.42115378,0.0,-1,942.478,44.366,42.0,1.0,"[-1.0, -1.0, -1.0, -1.0, -1.0, -1.0, -1.0, -1.0, -1.0, -1.0, -1.0, -1.0, -1.0, -1.0, -1.0, -1.0, -1.0, -1.0, -1.0]"
2025-05-07 20:44:38.546178,-0.167002,0.0472649,-0.00017055,2.55289,1.96895,0.42167002,0.0,-1,942.478,44.386,42.0,1.0,"[-1.0, -1.0, -1.0, -1.0, -1.0, -1.0, -1.0, -1.0, -1.0, -1.0, -1.0, -1.0, -1.0, -1.0, -1.0, -1.0, -1.0, -1.0, -1.0]"
2025-05-07 20:44:38.564879,-0.083919,0.0462949,-0.000196591,2.55285,1.96894,0.42083919000000003,0.0,-1,942.478,44.406,42.0,1.0,"[-1.0, -1.0, -1.0, -1.0, -1.0, -1.0, -1.0, -1.0, -1.0, -1.0, -1.0, -1.0, -1.0, -1.0, -1.0, -1.0, -1.0, -1.0, -1.0]"
2025-05-07 20:44:38.585256,-0.0768034,0.0253186,-0.000164595,2.55285,1.96905,0.7,0.0,-1,942.478,44.426,42.0,-1.0,"[-1.0, -1.0, -1.0, -1.0, -1.0, -1.0, -1.0, -1.0, -1.0, -1.0, -1.0, -1.0, -1.0, -1.0, -1.0, -1.0, -1.0, -1.0, -1.0]"
2025-05-07 20:44:38.605370,-0.0845779,0.0515239,-0.000155484,2.55285,1.96918,0.7,0.0,-1,942.478,44.446,42.0,-1.0,"[-1.0, -1.0, -1.0, -1.0, -1.0, -1.0, -1.0, -1.0, -1.0, -1.0, -1.0, -1.0, -1.0, -1.0, -1.0, -1.0, -1.0, -1.0, -1.0]"
2025-05-07 20:44:38.628350,-0.16428,0.0248892,-0.000238713,2.55289,1.96916,0.7,0.0,-1,942.478,44.466,42.0,-1.0,"[-1.0, -1.0, -1.0, -1.0, -1.0, -1.0, -1.0, -1.0, -1.0, -1.0, -1.0, -1.0, -1.0, -1.0, -1.0, -1.0, -1.0, -1.0, -1.0]"
2025-05-07 20:44:38.646934,-0.0748189,0.0285977,-0.000142424,2.55285,1.96933,0.7,0.0,-1,942.478,44.486,42.0,-1.0,"[-1.0, -1.0, -1.0, -1.0, -1.0, -1.0, -1.0, -1.0, -1.0, -1.0, -1.0, -1.0, -1.0, -1.0, -1.0, -1.0, -1.0, -1.0, -1.0]"
2025-05-07 20:44:38.666970,-0.0828643,0.0394269,-0.000202409,2.55285,1.96944,0.7,0.0,-1,942.478,44.506,42.0,-1.0,"[-1.0, -1.0, -1.0, -1.0, -1.0, -1.0, -1.0, -1.0, -1.0, -1.0, -1.0, -1.0, -1.0, -1.0, -1.0, -1.0, -1.0, -1.0, -1.0]"
2025-05-07 20:44:38.684735,-0.130268,0.0468179,-0.000164777,2.55285,1.96943,0.7,0.0,-1,942.478,44.526,42.0,-1.0,"[-1.0, -1.0, -1.0, -1.0, -1.0, -1.0, -1.0, -1.0, -1.0, -1.0, -1.0, -1.0, -1.0, -1.0, -1.0, -1.0, -1.0, -1.0, -1.0]"
2025-05-07 20:44:38.706532,-0.158883,-0.00148793,-0.000164577,2.55289,1.96951,0.7,0.0,-1,942.478,44.546,42.0,-1.0,"[-1.0, -1.0, -1.0, -1.0, -1.0, -1.0, -1.0, -1.0, -1.0, -1.0, -1.0, -1.0, -1.0, -1.0, -1.0, -1.0, -1.0, -1.0, -1.0]"
2025-05-07 20:44:38.725793,-0.0826762,0.0460384,-0.000193903,2.55285,1.96973,0.7,0.0,-1,942.478,44.566,42.0,-1.0,"[-1.0, -1.0, -1.0, -1.0, -1.0, -1.0, -1.0, -1.0, -1.0, -1.0, -1.0, -1.0, -1.0, -1.0, -1.0, -1.0, -1.0, -1.0, -1.0]"
2025-05-07 20:44:38.748298,-0.091387,0.0540444,-0.000226311,2.55285,1.96976,0.7,0.0,-1,942.478,44.586,42.0,-1.0,"[-1.0, -1.0, -1.0, -1.0, -1.0, -1.0, -1.0, -1.0, -1.0, -1.0, -1.0, -1.0, -1.0, -1.0, -1.0, -1.0, -1.0, -1.0, -1.0]"
2025-05-07 20:44:38.767995,-0.0811293,0.0142836,-0.000161103,2.55285,1.96984,0.7,0.0,-1,942.478,44.606,42.0,-1.0,"[-1.0, -1.0, -1.0, -1.0, -1.0, -1.0, -1.0, -1.0, -1.0, -1.0, -1.0, -1.0, -1.0, -1.0, -1.0, -1.0, -1.0, -1.0, -1.0]"
2025-05-07 20:44:38.788689,-0.15922,0.0168694,-0.00017816,2.55289,1.97,0.7,0.0,-1,942.478,44.626,42.0,-1.0,"[-1.0, -1.0, -1.0, -1.0, -1.0, -1.0, -1.0, -1.0, -1.0, -1.0, -1.0, -1.0, -1.0, -1.0, -1.0, -1.0, -1.0, -1.0, -1.0]"
2025-05-07 20:44:38.808860,-0.0957803,0.0754161,-0.000200933,2.55285,1.97002,0.7,0.0,-1,942.478,44.646,42.0,-1.0,"[-1.0, -1.0, -1.0, -1.0, -1.0, -1.0, -1.0, -1.0, -1.0, -1.0, -1.0, -1.0, -1.0, -1.0, -1.0, -1.0, -1.0, -1.0, -1.0]"
2025-05-07 20:44:38.829399,-0.0804584,0.0303903,-0.000197515,2.55285,1.97008,0.7,0.0,-1,942.478,44.666,42.0,-1.0,"[-1.0, -1.0, -1.0, -1.0, -1.0, -1.0, -1.0, -1.0, -1.0, -1.0, -1.0, -1.0, -1.0, -1.0, -1.0, -1.0, -1.0, -1.0, -1.0]"
2025-05-07 20:44:38.845840,-0.11556,0.0212805,-0.000117615,2.55285,1.97028,0.7,0.0,-1,942.478,44.686,42.0,-1.0,"[-1.0, -1.0, -1.0, -1.0, -1.0, -1.0, -1.0, -1.0, -1.0, -1.0, -1.0, -1.0, -1.0, -1.0, -1.0, -1.0, -1.0, -1.0, -1.0]"
2025-05-07 20:44:38.865902,-0.167083,0.0475259,-0.000175835,2.55289,1.97035,0.7,0.0,-1,942.478,44.706,42.0,-1.0,"[-1.0, -1.0, -1.0, -1.0, -1.0, -1.0, -1.0, -1.0, -1.0, -1.0, -1.0, -1.0, -1.0, -1.0, -1.0, -1.0, -1.0, -1.0, -1.0]"
2025-05-07 20:44:38.885552,-0.0842015,0.0464777,-0.000196654,2.55285,1.97033,0.7,0.0,-1,942.478,44.726,42.0,-1.0,"[-1.0, -1.0, -1.0, -1.0, -1.0, -1.0, -1.0, -1.0, -1.0, -1.0, -1.0, -1.0, -1.0, -1.0, -1.0, -1.0, -1.0, -1.0, -1.0]"
2025-05-07 20:44:38.906789,-0.0770117,0.0254218,-0.000179877,2.55285,1.97044,0.7,0.0,-1,942.478,44.746,42.0,-1.0,"[-1.0, -1.0, -1.0, -1.0, -1.0, -1.0, -1.0, -1.0, -1.0, -1.0, -1.0, -1.0, -1.0, -1.0, -1.0, -1.0, -1.0, -1.0, -1.0]"
2025-05-07 20:44:38.927556,-0.0847391,0.0517336,-0.000168436,2.55285,1.97057,0.7,0.0,-1,942.478,44.766,42.0,-1.0,"[-1.0, -1.0, -1.0, -1.0, -1.0, -1.0, -1.0, -1.0, -1.0, -1.0, -1.0, -1.0, -1.0, -1.0, -1.0, -1.0, -1.0, -1.0, -1.0]"
2025-05-07 20:44:38.947808,-0.164442,0.0252589,-0.000234865,2.55289,1.97056,0.7,0.0,-1,942.478,44.786,42.0,-1.0,"[-1.0, -1.0, -1.0, -1.0, -1.0, -1.0, -1.0, -1.0, -1.0, -1.0, -1.0, -1.0, -1.0, -1.0, -1.0, -1.0, -1.0, -1.0, -1.0]"
2025-05-07 20:44:38.968557,-0.0751202,0.0289492,-0.000154304,2.55285,1.97073,0.7,0.0,-1,942.478,44.806,42.0,-1.0,"[-1.0, -1.0, -1.0, -1.0, -1.0, -1.0, -1.0, -1.0, -1.0, -1.0, -1.0, -1.0, -1.0, -1.0, -1.0, -1.0, -1.0, -1.0, -1.0]"
2025-05-07 20:44:38.985661,-0.0828766,0.0396665,-0.000206527,2.55285,1.97083,0.7,0.0,-1,942.478,44.826,42.0,-1.0,"[-1.0, -1.0, -1.0, -1.0, -1.0, -1.0, -1.0, -1.0, -1.0, -1.0, -1.0, -1.0, -1.0, -1.0, -1.0, -1.0, -1.0, -1.0, -1.0]"
2025-05-07 20:44:39.006276,-0.172848,0.0314238,-0.000229815,2.55287,1.97088,0.7,0.0,-1,942.478,44.846,42.0,-1.0,"[-1.0, -1.0, -1.0, -1.0, -1.0, -1.0, -1.0, -1.0, -1.0, -1.0, -1.0, -1.0, -1.0, -1.0, -1.0, -1.0, -1.0, -1.0, -1.0]"
2025-05-07 20:44:39.027072,-0.162843,0.0409695,-0.000434002,2.55289,1.97093,0.7,0.0,-1,942.478,44.866,42.0,-1.0,"[-1.0, -1.0, -1.0, -1.0, -1.0, -1.0, -1.0, -1.0, -1.0, -1.0, -1.0, -1.0, -1.0, -1.0, -1.0, -1.0, -1.0, -1.0, -1.0]"
2025-05-07 20:44:39.048309,-0.131975,0.0473664,-0.000694157,2.55285,1.97093,0.7,0.0,-1,942.478,44.886,42.0,-1.0,"[-1.0, -1.0, -1.0, -1.0, -1.0, -1.0, -1.0, -1.0, -1.0, -1.0, -1.0, -1.0, -1.0, -1.0, -1.0, -1.0, -1.0, -1.0, -1.0]"
2025-05-07 20:44:39.068577,-0.136645,0.0627822,-0.000943426,2.55287,1.97085,0.7,0.0,-1,942.478,44.906,42.0,-1.0,"[-1.0, -1.0, -1.0, -1.0, -1.0, -1.0, -1.0, -1.0, -1.0, -1.0, -1.0, -1.0, -1.0, -1.0, -1.0, -1.0, -1.0, -1.0, -1.0]"
2025-05-07 20:44:39.089401,-0.137234,0.0576096,-0.00106045,2.55287,1.97079,0.7,0.0,-1,942.478,44.926,42.0,-1.0,"[-1.0, -1.0, -1.0, -1.0, -1.0, -1.0, -1.0, -1.0, -1.0, -1.0, -1.0, -1.0, -1.0, -1.0, -1.0, -1.0, -1.0, -1.0, -1.0]"
2025-05-07 20:44:39.109727,-0.15504,0.0771109,-0.00109008,2.55289,1.97064,0.7,0.0,-1,942.478,44.946,42.0,-1.0,"[-1.0, -1.0, -1.0, -1.0, -1.0, -1.0, -1.0, -1.0, -1.0, -1.0, -1.0, -1.0, -1.0, -1.0, -1.0, -1.0, -1.0, -1.0, -1.0]"
2025-05-07 20:44:39.128831,-0.144441,0.0713325,-0.00100539,2.55287,1.97052,0.7,0.0,-1,942.478,44.966,42.0,-1.0,"[-1.0, -1.0, -1.0, -1.0, -1.0, -1.0, -1.0, -1.0, -1.0, -1.0, -1.0, -1.0, -1.0, -1.0, -1.0, -1.0, -1.0, -1.0, -1.0]"
2025-05-07 20:44:39.150930,-0.162644,0.084643,-0.000991678,2.55289,1.97033,0.7,0.0,-1,942.478,44.986,42.0,-1.0,"[-1.0, -1.0, -1.0, -1.0, -1.0, -1.0, -1.0, -1.0, -1.0, -1.0, -1.0, -1.0, -1.0, -1.0, -1.0, -1.0, -1.0, -1.0, -1.0]"
2025-05-07 20:44:39.165532,-0.146483,0.0754918,-0.000746264,2.55287,1.97021,0.7,0.0,-1,942.478,45.006,42.0,-1.0,"[-1.0, -1.0, -1.0, -1.0, -1.0, -1.0, -1.0, -1.0, -1.0, -1.0, -1.0, -1.0, -1.0, -1.0, -1.0, -1.0, -1.0, -1.0, -1.0]"
2025-05-07 20:44:39.187134,-0.164123,0.0864274,-0.000585869,2.55289,1.97,0.7,0.0,-1,942.478,45.026,42.0,-1.0,"[-1.0, -1.0, -1.0, -1.0, -1.0, -1.0, -1.0, -1.0, -1.0, -1.0, -1.0, -1.0, -1.0, -1.0, -1.0, -1.0, -1.0, -1.0, -1.0]"
2025-05-07 20:44:39.207826,-0.147487,0.0765598,-0.000376215,2.55287,1.96987,0.7,0.0,-1,942.478,45.046,42.0,-1.0,"[-1.0, -1.0, -1.0, -1.0, -1.0, -1.0, -1.0, -1.0, -1.0, -1.0, -1.0, -1.0, -1.0, -1.0, -1.0, -1.0, -1.0, -1.0, -1.0]"
2025-05-07 20:44:39.227192,-0.164921,0.0874096,-0.000231429,2.55289,1.96967,0.7,0.0,-1,942.478,45.066,42.0,-1.0,"[-1.0, -1.0, -1.0, -1.0, -1.0, -1.0, -1.0, -1.0, -1.0, -1.0, -1.0, -1.0, -1.0, -1.0, -1.0, -1.0, -1.0, -1.0, -1.0]"
2025-05-07 20:44:39.246563,-0.147506,0.0776695,-8.39991e-05,2.55287,1.96954,0.7,0.0,-1,942.478,45.086,42.0,-1.0,"[-1.0, -1.0, -1.0, -1.0, -1.0, -1.0, -1.0, -1.0, -1.0, -1.0, -1.0, -1.0, -1.0, -1.0, -1.0, -1.0, -1.0, -1.0, -1.0]"
2025-05-07 20:44:39.267821,-0.165387,0.087865,-8.59782e-05,2.55289,1.96933,0.7,0.0,-1,942.478,45.106,42.0,-1.0,"[-1.0, -1.0, -1.0, -1.0, -1.0, -1.0, -1.0, -1.0, -1.0, -1.0, -1.0, -1.0, -1.0, -1.0, -1.0, -1.0, -1.0, -1.0, -1.0]"
2025-05-07 20:44:39.288739,-0.147851,0.0780727,2.9193e-05,2.55287,1.96919,0.7,0.0,-1,942.478,45.126,42.0,-1.0,"[-1.0, -1.0, -1.0, -1.0, -1.0, -1.0, -1.0, -1.0, -1.0, -1.0, -1.0, -1.0, -1.0, -1.0, -1.0, -1.0, -1.0, -1.0, -1.0]"
2025-05-07 20:44:39.304949,-0.165688,0.0883413,5.78367e-05,2.55289,1.96898,0.7,0.0,-1,942.478,45.146,42.0,-1.0,"[-1.0, -1.0, -1.0, -1.0, -1.0, -1.0, -1.0, -1.0, -1.0, -1.0, -1.0, -1.0, -1.0, -1.0, -1.0, -1.0, -1.0, -1.0, -1.0]"
2025-05-07 20:44:39.326313,-0.147773,0.0786983,0.000163242,2.55287,1.96885,0.7,0.0,-1,942.478,45.166,42.0,-1.0,"[-1.0, -1.0, -1.0, -1.0, -1.0, -1.0, -1.0, -1.0, -1.0, -1.0, -1.0, -1.0, -1.0, -1.0, -1.0, -1.0, -1.0, -1.0, -1.0]"
2025-05-07 20:44:39.346608,-0.16588,0.0886123,0.000161296,2.55289,1.96864,0.7,0.0,-1,942.478,45.186,42.0,-1.0,"[-1.0, -1.0, -1.0, -1.0, -1.0, -1.0, -1.0, -1.0, -1.0, -1.0, -1.0, -1.0, -1.0, -1.0, -1.0, -1.0, -1.0, -1.0, -1.0]"
2025-05-07 20:44:39.368221,-0.147997,0.0787231,0.00021593,2.55287,1.9685,0.7,0.0,-1,942.478,45.206,42.0,-1.0,"[-1.0, -1.0, -1.0, -1.0, -1.0, -1.0, -1.0, -1.0, -1.0, -1.0, -1.0, -1.0, -1.0, -1.0, -1.0, -1.0, -1.0, -1.0, -1.0]"
2025-05-07 20:44:39.388805,-0.165953,0.0887326,0.000152557,2.55289,1.96829,0.7,0.0,-1,942.478,45.226,42.0,-1.0,"[-1.0, -1.0, -1.0, -1.0, -1.0, -1.0, -1.0, -1.0, -1.0, -1.0, -1.0, -1.0, -1.0, -1.0, -1.0, -1.0, -1.0, -1.0, -1.0]"
2025-05-07 20:44:39.404931,-0.14772,0.0788985,0.000197563,2.55287,1.96815,0.7,0.0,-1,942.478,45.246,42.0,-1.0,"[-1.0, -1.0, -1.0, -1.0, -1.0, -1.0, -1.0, -1.0, -1.0, -1.0, -1.0, -1.0, -1.0, -1.0, -1.0, -1.0, -1.0, -1.0, -1.0]"
2025-05-07 20:44:39.425308,-0.187341,0.0830112,0.000158106,2.55291,1.96794,0.7,0.0,-1,942.478,45.266,42.0,-1.0,"[-1.0, -1.0, -1.0, -1.0, -1.0, -1.0, -1.0, -1.0, -1.0, -1.0, -1.0, -1.0, -1.0, -1.0, -1.0, -1.0, -1.0, -1.0, -1.0]"
2025-05-07 20:44:39.445269,-0.122356,0.0886569,0.000178548,2.55287,1.96779,0.7,0.0,-1,942.478,45.286,42.0,-1.0,"[-1.0, -1.0, -1.0, -1.0, -1.0, -1.0, -1.0, -1.0, -1.0, -1.0, -1.0, -1.0, -1.0, -1.0, -1.0, -1.0, -1.0, -1.0, -1.0]"
2025-05-07 20:44:39.466523,-0.159237,0.0874284,8.95563e-05,2.55291,1.96758,0.7,0.0,-1,942.478,45.306,42.0,-1.0,"[-1.0, -1.0, -1.0, -1.0, -1.0, -1.0, -1.0, -1.0, -1.0, -1.0, -1.0, -1.0, -1.0, -1.0, -1.0, -1.0, -1.0, -1.0, -1.0]"
2025-05-07 20:44:39.486743,-0.119711,0.0848913,7.99186e-05,2.55287,1.96744,0.7,0.0,-1,942.478,45.326,42.0,-1.0,"[-1.0, -1.0, -1.0, -1.0, -1.0, -1.0, -1.0, -1.0, -1.0, -1.0, -1.0, -1.0, -1.0, -1.0, -1.0, -1.0, -1.0, -1.0, -1.0]"
2025-05-07 20:44:39.506235,-0.157584,0.0860097,-2.84443e-05,2.55291,1.96724,0.7,0.0,-1,942.478,45.346,42.0,-1.0,"[-1.0, -1.0, -1.0, -1.0, -1.0, -1.0, -1.0, -1.0, -1.0, -1.0, -1.0, -1.0, -1.0, -1.0, -1.0, -1.0, -1.0, -1.0, -1.0]"
2025-05-07 20:44:39.528447,-0.14605,0.0765825,-5.46706e-05,2.55289,1.96711,0.7,0.0,-1,942.478,45.366,42.0,-1.0,"[-1.0, -1.0, -1.0, -1.0, -1.0, -1.0, -1.0, -1.0, -1.0, -1.0, -1.0, -1.0, -1.0, -1.0, -1.0, -1.0, -1.0, -1.0, -1.0]"
2025-05-07 20:44:39.546290,-0.164917,0.0875508,-0.000181041,2.55291,1.9669,0.7,0.0,-1,942.478,45.386,42.0,-1.0,"[-1.0, -1.0, -1.0, -1.0, -1.0, -1.0, -1.0, -1.0, -1.0, -1.0, -1.0, -1.0, -1.0, -1.0, -1.0, -1.0, -1.0, -1.0, -1.0]"
2025-05-07 20:44:39.568400,-0.147221,0.0782172,-0.000193086,2.55289,1.96677,0.7,0.0,-1,942.478,45.406,42.0,-1.0,"[-1.0, -1.0, -1.0, -1.0, -1.0, -1.0, -1.0, -1.0, -1.0, -1.0, -1.0, -1.0, -1.0, -1.0, -1.0, -1.0, -1.0, -1.0, -1.0]"
2025-05-07 20:44:39.588953,-0.165704,0.0881897,-0.000246671,2.55291,1.96656,0.7,0.0,-1,942.478,45.426,42.0,-1.0,"[-1.0, -1.0, -1.0, -1.0, -1.0, -1.0, -1.0, -1.0, -1.0, -1.0, -1.0, -1.0, -1.0, -1.0, -1.0, -1.0, -1.0, -1.0, -1.0]"
2025-05-07 20:44:39.608196,-0.120394,0.086384,-0.000203813,2.55287,1.96642,0.7,0.0,-1,942.478,45.446,42.0,-1.0,"[-1.0, -1.0, -1.0, -1.0, -1.0, -1.0, -1.0, -1.0, -1.0, -1.0, -1.0, -1.0, -1.0, -1.0, -1.0, -1.0, -1.0, -1.0, -1.0]"
2025-05-07 20:44:39.628085,-0.158137,0.0863403,-0.000236976,2.55291,1.96621,0.7,0.0,-1,942.478,45.466,42.0,-1.0,"[-1.0, -1.0, -1.0, -1.0, -1.0, -1.0, -1.0, -1.0, -1.0, -1.0, -1.0, -1.0, -1.0, -1.0, -1.0, -1.0, -1.0, -1.0, -1.0]"
2025-05-07 20:44:39.648012,-0.119376,0.0842889,-0.000200208,2.55287,1.96607,0.7,0.0,-1,942.478,45.486,42.0,-1.0,"[-1.0, -1.0, -1.0, -1.0, -1.0, -1.0, -1.0, -1.0, -1.0, -1.0, -1.0, -1.0, -1.0, -1.0, -1.0, -1.0, -1.0, -1.0, -1.0]"
2025-05-07 20:44:39.665381,-0.157386,0.0858675,-0.000244747,2.55291,1.96587,0.7,0.0,-1,942.478,45.506,42.0,-1.0,"[-1.0, -1.0, -1.0, -1.0, -1.0, -1.0, -1.0, -1.0, -1.0, -1.0, -1.0, -1.0, -1.0, -1.0, -1.0, -1.0, -1.0, -1.0, -1.0]"
2025-05-07 20:44:39.688638,-0.145673,0.0766625,-0.000192382,2.55289,1.96574,0.7,0.0,-1,942.478,45.526,42.0,-1.0,"[-1.0, -1.0, -1.0, -1.0, -1.0, -1.0, -1.0, -1.0, -1.0, -1.0, -1.0, -1.0, -1.0, -1.0, -1.0, -1.0, -1.0, -1.0, -1.0]"
2025-05-07 20:44:39.708730,-0.164968,0.0873044,-0.000206495,2.55291,1.96553,0.7,0.0,-1,942.478,45.546,42.0,-1.0,"[-1.0, -1.0, -1.0, -1.0, -1.0, -1.0, -1.0, -1.0, -1.0, -1.0, -1.0, -1.0, -1.0, -1.0, -1.0, -1.0, -1.0, -1.0, -1.0]"
2025-05-07 20:44:39.727025,-0.147157,0.0779999,-0.000176904,2.55289,1.9654,0.7,0.0,-1,942.478,45.566,42.0,-1.0,"[-1.0, -1.0, -1.0, -1.0, -1.0, -1.0, -1.0, -1.0, -1.0, -1.0, -1.0, -1.0, -1.0, -1.0, -1.0, -1.0, -1.0, -1.0, -1.0]"
2025-05-07 20:44:39.745785,-0.165729,0.0879868,-0.000225172,2.55291,1.96519,0.7,0.0,-1,942.478,45.586,42.0,-1.0,"[-1.0, -1.0, -1.0, -1.0, -1.0, -1.0, -1.0, -1.0, -1.0, -1.0, -1.0, -1.0, -1.0, -1.0, -1.0, -1.0, -1.0, -1.0, -1.0]"
2025-05-07 20:44:39.767733,-0.147322,0.0782881,-0.00019133,2.55289,1.96505,0.7,0.0,-1,942.478,45.606,42.0,-1.0,"[-1.0, -1.0, -1.0, -1.0, -1.0, -1.0, -1.0, -1.0, -1.0, -1.0, -1.0, -1.0, -1.0, -1.0, -1.0, -1.0, -1.0, -1.0, -1.0]"
2025-05-07 20:44:39.787732,-0.165819,0.0880486,-0.000222216,2.55291,1.96484,0.7,0.0,-1,942.478,45.626,42.0,-1.0,"[-1.0, -1.0, -1.0, -1.0, -1.0, -1.0, -1.0, -1.0, -1.0, -1.0, -1.0, -1.0, -1.0, -1.0, -1.0, -1.0, -1.0, -1.0, -1.0]"
2025-05-07 20:44:39.807300,-0.147324,0.0782497,-0.000194979,2.55289,1.96471,0.7,0.0,-1,942.478,45.646,42.0,-1.0,"[-1.0, -1.0, -1.0, -1.0, -1.0, -1.0, -1.0, -1.0, -1.0, -1.0, -1.0, -1.0, -1.0, -1.0, -1.0, -1.0, -1.0, -1.0, -1.0]"
2025-05-07 20:44:39.827465,-0.165817,0.0879348,-0.000223451,2.55291,1.9645,0.7,0.0,-1,942.478,45.666,42.0,-1.0,"[-1.0, -1.0, -1.0, -1.0, -1.0, -1.0, -1.0, -1.0, -1.0, -1.0, -1.0, -1.0, -1.0, -1.0, -1.0, -1.0, -1.0, -1.0, -1.0]"
2025-05-07 20:44:39.846769,-0.119967,0.0861784,-0.000191436,2.55287,1.96436,0.7,0.0,-1,942.478,45.686,42.0,-1.0,"[-1.0, -1.0, -1.0, -1.0, -1.0, -1.0, -1.0, -1.0, -1.0, -1.0, -1.0, -1.0, -1.0, -1.0, -1.0, -1.0, -1.0, -1.0, -1.0]"
2025-05-07 20:44:39.866400,-0.157994,0.0857294,-0.000237842,2.55291,1.96415,0.7,0.0,-1,942.478,45.706,42.0,-1.0,"[-1.0, -1.0, -1.0, -1.0, -1.0, -1.0, -1.0, -1.0, -1.0, -1.0, -1.0, -1.0, -1.0, -1.0, -1.0, -1.0, -1.0, -1.0, -1.0]"
2025-05-07 20:44:39.884689,-0.118962,0.0839166,-0.00018339,2.55287,1.96401,0.7,0.0,-1,942.478,45.726,42.0,-1.0,"[-1.0, -1.0, -1.0, -1.0, -1.0, -1.0, -1.0, -1.0, -1.0, -1.0, -1.0, -1.0, -1.0, -1.0, -1.0, -1.0, -1.0, -1.0, -1.0]"
2025-05-07 20:44:39.909175,-0.157366,0.0853463,-0.000222707,2.55291,1.96381,0.7,0.0,-1,942.478,45.746,42.0,-1.0,"[-1.0, -1.0, -1.0, -1.0, -1.0, -1.0, -1.0, -1.0, -1.0, -1.0, -1.0, -1.0, -1.0, -1.0, -1.0, -1.0, -1.0, -1.0, -1.0]"
2025-05-07 20:44:39.927624,-0.145343,0.0763172,-0.00018206,2.55289,1.96368,0.7,0.0,-1,942.478,45.766,42.0,-1.0,"[-1.0, -1.0, -1.0, -1.0, -1.0, -1.0, -1.0, -1.0, -1.0, -1.0, -1.0, -1.0, -1.0, -1.0, -1.0, -1.0, -1.0, -1.0, -1.0]"
2025-05-07 20:44:39.946842,-0.16487,0.0868562,-0.000224603,2.55291,1.96347,0.7,0.0,-1,942.478,45.786,42.0,-1.0,"[-1.0, -1.0, -1.0, -1.0, -1.0, -1.0, -1.0, -1.0, -1.0, -1.0, -1.0, -1.0, -1.0, -1.0, -1.0, -1.0, -1.0, -1.0, -1.0]"
2025-05-07 20:44:39.964880,-0.20631,0.0531035,-0.000190689,2.55293,1.96334,0.7,0.0,-1,942.478,45.806,42.0,-1.0,"[-1.0, -1.0, -1.0, -1.0, -1.0, -1.0, -1.0, -1.0, -1.0, -1.0, -1.0, -1.0, -1.0, -1.0, -1.0, -1.0, -1.0, -1.0, -1.0]"
2025-05-07 20:44:39.985265,-0.174436,0.0853103,-0.000222623,2.55293,1.96314,0.7,0.0,-1,942.478,45.826,42.0,-1.0,"[-1.0, -1.0, -1.0, -1.0, -1.0, -1.0, -1.0, -1.0, -1.0, -1.0, -1.0, -1.0, -1.0, -1.0, -1.0, -1.0, -1.0, -1.0, -1.0]"
2025-05-07 20:44:40.004317,-0.120258,0.0856915,-0.000163753,2.55289,1.963,0.7,0.0,-1,942.478,45.846,42.0,-1.0,"[-1.0, -1.0, -1.0, -1.0, -1.0, -1.0, -1.0, -1.0, -1.0, -1.0, -1.0, -1.0, -1.0, -1.0, -1.0, -1.0, -1.0, -1.0, -1.0]"
2025-05-07 20:44:40.025752,-0.158112,0.0857358,-0.000214006,2.55293,1.9628,0.7,0.0,-1,942.478,45.866,42.0,-1.0,"[-1.0, -1.0, -1.0, -1.0, -1.0, -1.0, -1.0, -1.0, -1.0, -1.0, -1.0, -1.0, -1.0, -1.0, -1.0, -1.0, -1.0, -1.0, -1.0]"
2025-05-07 20:44:40.045168,-0.145674,0.0761876,-0.000189044,2.55291,1.96267,0.7,0.0,-1,942.478,45.886,42.0,-1.0,"[-1.0, -1.0, -1.0, -1.0, -1.0, -1.0, -1.0, -1.0, -1.0, -1.0, -1.0, -1.0, -1.0, -1.0, -1.0, -1.0, -1.0, -1.0, -1.0]"
2025-05-07 20:44:40.065419,-0.164986,0.0868433,-0.000214726,2.55293,1.96247,0.7,0.0,-1,942.478,45.906,42.0,-1.0,"[-1.0, -1.0, -1.0, -1.0, -1.0, -1.0, -1.0, -1.0, -1.0, -1.0, -1.0, -1.0, -1.0, -1.0, -1.0, -1.0, -1.0, -1.0, -1.0]"
2025-05-07 20:44:40.085762,-0.146419,0.0778987,-0.000174754,2.55291,1.96233,0.7,0.0,-1,942.478,45.926,42.0,-1.0,"[-1.0, -1.0, -1.0, -1.0, -1.0, -1.0, -1.0, -1.0, -1.0, -1.0, -1.0, -1.0, -1.0, -1.0, -1.0, -1.0, -1.0, -1.0, -1.0]"
2025-05-07 20:44:40.106027,-0.16561,0.087239,-0.000237601,2.55293,1.96212,0.7,0.0,-1,942.478,45.946,42.0,-1.0,"[-1.0, -1.0, -1.0, -1.0, -1.0, -1.0, -1.0, -1.0, -1.0, -1.0, -1.0, -1.0, -1.0, -1.0, -1.0, -1.0, -1.0, -1.0, -1.0]"
2025-05-07 20:44:40.127079,-0.119531,0.0856109,-0.000190378,2.55289,1.96198,0.7,0.0,-1,942.478,45.966,42.0,-1.0,"[-1.0, -1.0, -1.0, -1.0, -1.0, -1.0, -1.0, -1.0, -1.0, -1.0, -1.0, -1.0, -1.0, -1.0, -1.0, -1.0, -1.0, -1.0, -1.0]"
2025-05-07 20:44:40.144413,-0.158058,0.0852796,-0.000222527,2.55293,1.96177,0.7,0.0,-1,942.478,45.986,42.0,-1.0,"[-1.0, -1.0, -1.0, -1.0, -1.0, -1.0, -1.0, -1.0, -1.0, -1.0, -1.0, -1.0, -1.0, -1.0, -1.0, -1.0, -1.0, -1.0, -1.0]"
2025-05-07 20:44:40.165026,-0.118511,0.0837231,-0.000164167,2.55289,1.96163,0.7,0.0,-1,942.478,46.006,42.0,-1.0,"[-1.0, -1.0, -1.0, -1.0, -1.0, -1.0, -1.0, -1.0, -1.0, -1.0, -1.0, -1.0, -1.0, -1.0, -1.0, -1.0, -1.0, -1.0, -1.0]"
2025-05-07 20:44:40.185440,-0.157402,0.0848381,-0.000217743,2.55293,1.96144,0.7,0.0,-1,942.478,46.026,42.0,-1.0,"[-1.0, -1.0, -1.0, -1.0, -1.0, -1.0, -1.0, -1.0, -1.0, -1.0, -1.0, -1.0, -1.0, -1.0, -1.0, -1.0, -1.0, -1.0, -1.0]"
2025-05-07 20:44:40.206115,-0.144967,0.0760325,-0.000190156,2.55291,1.96131,0.7,0.0,-1,942.478,46.046,42.0,-1.0,"[-1.0, -1.0, -1.0, -1.0, -1.0, -1.0, -1.0, -1.0, -1.0, -1.0, -1.0, -1.0, -1.0, -1.0, -1.0, -1.0, -1.0, -1.0, -1.0]"
2025-05-07 20:44:40.226366,-0.164865,0.0863527,-0.000223056,2.55293,1.9611,0.7,0.0,-1,942.478,46.066,42.0,-1.0,"[-1.0, -1.0, -1.0, -1.0, -1.0, -1.0, -1.0, -1.0, -1.0, -1.0, -1.0, -1.0, -1.0, -1.0, -1.0, -1.0, -1.0, -1.0, -1.0]"
2025-05-07 20:44:40.245665,-0.146352,0.0774188,-0.000195827,2.55291,1.96097,0.7,0.0,-1,942.478,46.086,42.0,-1.0,"[-1.0, -1.0, -1.0, -1.0, -1.0, -1.0, -1.0, -1.0, -1.0, -1.0, -1.0, -1.0, -1.0, -1.0, -1.0, -1.0, -1.0, -1.0, -1.0]"
2025-05-07 20:44:40.264627,-0.16554,0.086932,-0.00022384,2.55293,1.96076,0.7,0.0,-1,942.478,46.106,42.0,-1.0,"[-1.0, -1.0, -1.0, -1.0, -1.0, -1.0, -1.0, -1.0, -1.0, -1.0, -1.0, -1.0, -1.0, -1.0, -1.0, -1.0, -1.0, -1.0, -1.0]"
2025-05-07 20:44:40.286480,-0.119208,0.0855207,-0.00019339,2.55289,1.96063,0.7,0.0,-1,942.478,46.126,42.0,-1.0,"[-1.0, -1.0, -1.0, -1.0, -1.0, -1.0, -1.0, -1.0, -1.0, -1.0, -1.0, -1.0, -1.0, -1.0, -1.0, -1.0, -1.0, -1.0, -1.0]"
2025-05-07 20:44:40.305034,-0.157872,0.0849844,-0.000218443,2.55293,1.96042,0.7,0.0,-1,942.478,46.146,42.0,-1.0,"[-1.0, -1.0, -1.0, -1.0, -1.0, -1.0, -1.0, -1.0, -1.0, -1.0, -1.0, -1.0, -1.0, -1.0, -1.0, -1.0, -1.0, -1.0, -1.0]"
2025-05-07 20:44:40.325023,-0.118268,0.0833087,-0.00018431,2.55289,1.96028,0.7,0.0,-1,942.478,46.166,42.0,-1.0,"[-1.0, -1.0, -1.0, -1.0, -1.0, -1.0, -1.0, -1.0, -1.0, -1.0, -1.0, -1.0, -1.0, -1.0, -1.0, -1.0, -1.0, -1.0, -1.0]"
2025-05-07 20:44:40.344947,-0.15721,0.0844512,-0.00022897,2.55293,1.96008,0.7,0.0,-1,942.478,46.186,42.0,-1.0,"[-1.0, -1.0, -1.0, -1.0, -1.0, -1.0, -1.0, -1.0, -1.0, -1.0, -1.0, -1.0, -1.0, -1.0, -1.0, -1.0, -1.0, -1.0, -1.0]"
2025-05-07 20:44:40.364528,-0.20389,0.0514059,-0.000186705,2.55296,1.95995,0.7,0.0,-1,942.478,46.206,42.0,-1.0,"[-1.0, -1.0, -1.0, -1.0, -1.0, -1.0, -1.0, -1.0, -1.0, -1.0, -1.0, -1.0, -1.0, -1.0, -1.0, -1.0, -1.0, -1.0, -1.0]"
2025-05-07 20:44:40.385443,-0.161877,0.0901207,-0.000221831,2.55296,1.95975,0.7,0.0,-1,942.478,46.226,42.0,-1.0,"[-1.0, -1.0, -1.0, -1.0, -1.0, -1.0, -1.0, -1.0, -1.0, -1.0, -1.0, -1.0, -1.0, -1.0, -1.0, -1.0, -1.0, -1.0, -1.0]"
2025-05-07 20:44:40.404707,-0.119088,0.084576,-0.000171408,2.55291,1.95961,0.7,0.0,-1,942.478,46.246,42.0,-1.0,"[-1.0, -1.0, -1.0, -1.0, -1.0, -1.0, -1.0, -1.0, -1.0, -1.0, -1.0, -1.0, -1.0, -1.0, -1.0, -1.0, -1.0, -1.0, -1.0]"
2025-05-07 20:44:40.428095,-0.157707,0.0845787,-0.00022411,2.55296,1.95941,0.7,0.0,-1,942.478,46.266,42.0,-1.0,"[-1.0, -1.0, -1.0, -1.0, -1.0, -1.0, -1.0, -1.0, -1.0, -1.0, -1.0, -1.0, -1.0, -1.0, -1.0, -1.0, -1.0, -1.0, -1.0]"
2025-05-07 20:44:40.446134,-0.117818,0.0834407,-0.000183616,2.55291,1.95928,0.7,0.0,-1,942.478,46.286,42.0,-1.0,"[-1.0, -1.0, -1.0, -1.0, -1.0, -1.0, -1.0, -1.0, -1.0, -1.0, -1.0, -1.0, -1.0, -1.0, -1.0, -1.0, -1.0, -1.0, -1.0]"
2025-05-07 20:44:40.466156,-0.157242,0.0840089,-0.000220874,2.55296,1.95908,0.7,0.0,-1,942.478,46.306,42.0,-1.0,"[-1.0, -1.0, -1.0, -1.0, -1.0, -1.0, -1.0, -1.0, -1.0, -1.0, -1.0, -1.0, -1.0, -1.0, -1.0, -1.0, -1.0, -1.0, -1.0]"
2025-05-07 20:44:40.485684,-0.117761,0.0830908,-0.000184786,2.55291,1.95894,0.7,0.0,-1,942.478,46.326,42.0,-1.0,"[-1.0, -1.0, -1.0, -1.0, -1.0, -1.0, -1.0, -1.0, -1.0, -1.0, -1.0, -1.0, -1.0, -1.0, -1.0, -1.0, -1.0, -1.0, -1.0]"
2025-05-07 20:44:40.505593,-0.157219,0.0839402,-0.000220552,2.55296,1.95875,0.7,0.0,-1,942.478,46.346,42.0,-1.0,"[-1.0, -1.0, -1.0, -1.0, -1.0, -1.0, -1.0, -1.0, -1.0, -1.0, -1.0, -1.0, -1.0, -1.0, -1.0, -1.0, -1.0, -1.0, -1.0]"
2025-05-07 20:44:40.526131,-0.144473,0.0754699,-0.000169873,2.55293,1.95862,0.7,0.0,-1,942.478,46.366,42.0,-1.0,"[-1.0, -1.0, -1.0, -1.0, -1.0, -1.0, -1.0, -1.0, -1.0, -1.0, -1.0, -1.0, -1.0, -1.0, -1.0, -1.0, -1.0, -1.0, -1.0]"
2025-05-07 20:44:40.546498,-0.164639,0.0856165,-0.000215043,2.55296,1.95842,0.7,0.0,-1,942.478,46.386,42.0,-1.0,"[-1.0, -1.0, -1.0, -1.0, -1.0, -1.0, -1.0, -1.0, -1.0, -1.0, -1.0, -1.0, -1.0, -1.0, -1.0, -1.0, -1.0, -1.0, -1.0]"
2025-05-07 20:44:40.564949,-0.118382,0.0848078,-0.000189182,2.55291,1.95828,0.7,0.0,-1,942.478,46.406,42.0,-1.0,"[-1.0, -1.0, -1.0, -1.0, -1.0, -1.0, -1.0, -1.0, -1.0, -1.0, -1.0, -1.0, -1.0, -1.0, -1.0, -1.0, -1.0, -1.0, -1.0]"
2025-05-07 20:44:40.584575,-0.15768,0.0839747,-0.000228151,2.55296,1.95807,0.4215768,0.0,-1,942.478,46.426,42.0,1.0,"[-1.0, -1.0, -1.0, -1.0, -1.0, -1.0, -1.0, -1.0, -1.0, -1.0, -1.0, -1.0, -1.0, -1.0, -1.0, -1.0, -1.0, -1.0, -1.0]"
2025-05-07 20:44:40.604641,-0.117641,0.0828009,-0.000193907,2.55291,1.95794,0.42117641,0.0,-1,942.478,46.446,42.0,1.0,"[-1.0, -1.0, -1.0, -1.0, -1.0, -1.0, -1.0, -1.0, -1.0, -1.0, -1.0, -1.0, -1.0, -1.0, -1.0, -1.0, -1.0, -1.0, -1.0]"
2025-05-07 20:44:40.625169,-0.157158,0.0836923,-0.000231074,2.55296,1.95774,0.42157158,0.0,-1,942.478,46.466,42.0,1.0,"[-1.0, -1.0, -1.0, -1.0, -1.0, -1.0, -1.0, -1.0, -1.0, -1.0, -1.0, -1.0, -1.0, -1.0, -1.0, -1.0, -1.0, -1.0, -1.0]"
2025-05-07 20:44:40.645577,-0.144315,0.0753336,-0.000193451,2.55293,1.95761,0.42144315,0.0,-1,942.478,46.486,42.0,1.0,"[-1.0, -1.0, -1.0, -1.0, -1.0, -1.0, -1.0, -1.0, -1.0, -1.0, -1.0, -1.0, -1.0, -1.0, -1.0, -1.0, -1.0, -1.0, -1.0]"
2025-05-07 20:44:40.664958,-0.164649,0.0854313,-0.000221212,2.55296,1.95741,0.42164649,0.0,-1,942.478,46.506,42.0,1.0,"[-1.0, -1.0, -1.0, -1.0, -1.0, -1.0, -1.0, -1.0, -1.0, -1.0, -1.0, -1.0, -1.0, -1.0, -1.0, -1.0, -1.0, -1.0, -1.0]"
2025-05-07 20:44:40.686816,-0.118237,0.08457,-0.000181964,2.55291,1.95728,0.42118237000000003,0.0,-1,942.478,46.526,42.0,1.0,"[-1.0, -1.0, -1.0, -1.0, -1.0, -1.0, -1.0, -1.0, -1.0, -1.0, -1.0, -1.0, -1.0, -1.0, -1.0, -1.0, -1.0, -1.0, -1.0]"
2025-05-07 20:44:40.705467,-0.157592,0.0837965,-0.000248127,2.55296,1.95707,0.42157592,0.0,-1,942.478,46.546,42.0,1.0,"[-1.0, -1.0, -1.0, -1.0, -1.0, -1.0, -1.0, -1.0, -1.0, -1.0, -1.0, -1.0, -1.0, -1.0, -1.0, -1.0, -1.0, -1.0, -1.0]"
2025-05-07 20:44:40.726194,-0.121155,0.0883746,-0.000192164,2.55293,1.95694,0.42121155,0.0,-1,942.478,46.566,42.0,1.0,"[-1.0, -1.0, -1.0, -1.0, -1.0, -1.0, -1.0, -1.0, -1.0, -1.0, -1.0, -1.0, -1.0, -1.0, -1.0, -1.0, -1.0, -1.0, -1.0]"
2025-05-07 20:44:40.744679,-0.159315,0.0852062,-0.000227418,2.55298,1.95673,0.42159314999999997,0.0,-1,942.478,46.586,42.0,1.0,"[-1.0, -1.0, -1.0, -1.0, -1.0, -1.0, -1.0, -1.0, -1.0, -1.0, -1.0, -1.0, -1.0, -1.0, -1.0, -1.0, -1.0, -1.0, -1.0]"
2025-05-07 20:44:40.766705,-0.117833,0.0832174,-0.000183413,2.55293,1.95659,0.42117833,0.0,-1,942.478,46.606,42.0,1.0,"[-1.0, -1.0, -1.0, -1.0, -1.0, -1.0, -1.0, -1.0, -1.0, -1.0, -1.0, -1.0, -1.0, -1.0, -1.0, -1.0, -1.0, -1.0, -1.0]"
2025-05-07 20:44:40.786320,-0.157403,0.0836675,-0.000218612,2.55298,1.95639,0.42157403000000004,0.0,-1,942.478,46.626,42.0,1.0,"[-1.0, -1.0, -1.0, -1.0, -1.0, -1.0, -1.0, -1.0, -1.0, -1.0, -1.0, -1.0, -1.0, -1.0, -1.0, -1.0, -1.0, -1.0, -1.0]"
2025-05-07 20:44:40.808254,-0.144162,0.0752486,-0.000169694,2.55296,1.95627,0.42144162,0.0,-1,942.478,46.646,42.0,1.0,"[-1.0, -1.0, -1.0, -1.0, -1.0, -1.0, -1.0, -1.0, -1.0, -1.0, -1.0, -1.0, -1.0, -1.0, -1.0, -1.0, -1.0, -1.0, -1.0]"
2025-05-07 20:44:40.826674,-0.164677,0.0850695,-0.000234777,2.55298,1.95607,0.42164676999999995,0.0,-1,942.478,46.666,42.0,1.0,"[-1.0, -1.0, -1.0, -1.0, -1.0, -1.0, -1.0, -1.0, -1.0, -1.0, -1.0, -1.0, -1.0, -1.0, -1.0, -1.0, -1.0, -1.0, -1.0]"
2025-05-07 20:44:40.846959,-0.117952,0.0844194,-0.000180341,2.55293,1.95593,0.42117952000000003,0.0,-1,942.478,46.686,42.0,1.0,"[-1.0, -1.0, -1.0, -1.0, -1.0, -1.0, -1.0, -1.0, -1.0, -1.0, -1.0, -1.0, -1.0, -1.0, -1.0, -1.0, -1.0, -1.0, -1.0]"
2025-05-07 20:44:40.865532,-0.157655,0.0834812,-0.000230728,2.55298,1.95572,0.42157655,0.0,-1,942.478,46.706,42.0,1.0,"[-1.0, -1.0, -1.0, -1.0, -1.0, -1.0, -1.0, -1.0, -1.0, -1.0, -1.0, -1.0, -1.0, -1.0, -1.0, -1.0, -1.0, -1.0, -1.0]"
2025-05-07 20:44:40.884789,-0.117218,0.0826042,-0.000177829,2.55293,1.95559,0.42117218,0.0,-1,942.478,46.726,42.0,1.0,"[-1.0, -1.0, -1.0, -1.0, -1.0, -1.0, -1.0, -1.0, -1.0, -1.0, -1.0, -1.0, -1.0, -1.0, -1.0, -1.0, -1.0, -1.0, -1.0]"
2025-05-07 20:44:40.905278,-0.157142,0.0832296,-0.000237397,2.55298,1.95539,0.42157142000000003,0.0,-1,942.478,46.746,42.0,1.0,"[-1.0, -1.0, -1.0, -1.0, -1.0, -1.0, -1.0, -1.0, -1.0, -1.0, -1.0, -1.0, -1.0, -1.0, -1.0, -1.0, -1.0, -1.0, -1.0]"
2025-05-07 20:44:40.924481,-0.143953,0.0751064,-0.000178547,2.55296,1.95527,0.42143953,0.0,-1,942.478,46.766,42.0,1.0,"[-1.0, -1.0, -1.0, -1.0, -1.0, -1.0, -1.0, -1.0, -1.0, -1.0, -1.0, -1.0, -1.0, -1.0, -1.0, -1.0, -1.0, -1.0, -1.0]"
2025-05-07 20:44:40.947048,-0.164616,0.0850282,-0.00022123,2.55298,1.95506,0.42164616000000005,0.0,-1,942.478,46.786,42.0,1.0,"[-1.0, -1.0, -1.0, -1.0, -1.0, -1.0, -1.0, -1.0, -1.0, -1.0, -1.0, -1.0, -1.0, -1.0, -1.0, -1.0, -1.0, -1.0, -1.0]"
2025-05-07 20:44:40.964270,-0.117786,0.0843685,-0.000178843,2.55293,1.95493,0.42117786,0.0,-1,942.478,46.806,42.0,1.0,"[-1.0, -1.0, -1.0, -1.0, -1.0, -1.0, -1.0, -1.0, -1.0, -1.0, -1.0, -1.0, -1.0, -1.0, -1.0, -1.0, -1.0, -1.0, -1.0]"
2025-05-07 20:44:40.987666,-0.157619,0.08324,-0.00021647,2.55298,1.95472,0.42157618999999996,0.0,-1,942.478,46.826,42.0,1.0,"[-1.0, -1.0, -1.0, -1.0, -1.0, -1.0, -1.0, -1.0, -1.0, -1.0, -1.0, -1.0, -1.0, -1.0, -1.0, -1.0, -1.0, -1.0, -1.0]"
2025-05-07 20:44:41.006101,-0.13083,0.0789804,-0.000106873,2.55296,1.95458,0.4213083,0.0,-1,942.478,46.846,42.0,1.0,"[-1.0, -1.0, -1.0, -1.0, -1.0, -1.0, -1.0, -1.0, -1.0, -1.0, -1.0, -1.0, -1.0, -1.0, -1.0, -1.0, -1.0, -1.0, -1.0]"
2025-05-07 20:44:41.027601,-0.0889679,0.0681263,0.000137642,2.55298,1.95456,0.420889679,0.0,-1,942.478,46.866,42.0,1.0,"[-1.0, -1.0, -1.0, -1.0, -1.0, -1.0, -1.0, -1.0, -1.0, -1.0, -1.0, -1.0, -1.0, -1.0, -1.0, -1.0, -1.0, -1.0, -1.0]"
2025-05-07 20:44:41.044721,-0.0893974,0.0732768,0.000599777,2.55296,1.95456,0.420893974,0.0,-1,942.478,46.886,42.0,1.0,"[-1.0, -1.0, -1.0, -1.0, -1.0, -1.0, -1.0, -1.0, -1.0, -1.0, -1.0, -1.0, -1.0, -1.0, -1.0, -1.0, -1.0, -1.0, -1.0]"
2025-05-07 20:44:41.066791,-0.0646771,0.0517544,0.000923872,2.55296,1.95452,0.420646771,0.0,-1,942.478,46.906,42.0,1.0,"[-1.0, -1.0, -1.0, -1.0, -1.0, -1.0, -1.0, -1.0, -1.0, -1.0, -1.0, -1.0, -1.0, -1.0, -1.0, -1.0, -1.0, -1.0, -1.0]"
2025-05-07 20:44:41.089050,-0.086431,-0.0011001,0.00120225,2.55296,1.95453,0.42086430999999996,0.0,-1,942.478,46.926,42.0,1.0,"[-1.0, -1.0, -1.0, -1.0, -1.0, -1.0, -1.0, -1.0, -1.0, -1.0, -1.0, -1.0, -1.0, -1.0, -1.0, -1.0, -1.0, -1.0, -1.0]"
2025-05-07 20:44:41.106802,-0.12047,0.00216442,0.00129477,2.553,1.95455,0.4212047,0.0,-1,942.478,46.946,42.0,1.0,"[-1.0, -1.0, -1.0, -1.0, -1.0, -1.0, -1.0, -1.0, -1.0, -1.0, -1.0, -1.0, -1.0, -1.0, -1.0, -1.0, -1.0, -1.0, -1.0]"
2025-05-07 20:44:41.128442,-0.0780119,0.0519149,0.00116955,2.55296,1.95455,0.420780119,0.0,-1,942.478,46.966,42.0,1.0,"[-1.0, -1.0, -1.0, -1.0, -1.0, -1.0, -1.0, -1.0, -1.0, -1.0, -1.0, -1.0, -1.0, -1.0, -1.0, -1.0, -1.0, -1.0, -1.0]"
2025-05-07 20:44:41.148012,-0.0728659,0.0289076,0.000883041,2.55296,1.95456,0.42072865899999995,0.0,-1,942.478,46.986,42.0,1.0,"[-1.0, -1.0, -1.0, -1.0, -1.0, -1.0, -1.0, -1.0, -1.0, -1.0, -1.0, -1.0, -1.0, -1.0, -1.0, -1.0, -1.0, -1.0, -1.0]"
2025-05-07 20:44:41.166732,-0.112526,0.021845,0.000676848,2.55296,1.95475,0.42112526,0.0,-1,942.478,47.006,42.0,1.0,"[-1.0, -1.0, -1.0, -1.0, -1.0, -1.0, -1.0, -1.0, -1.0, -1.0, -1.0, -1.0, -1.0, -1.0, -1.0, -1.0, -1.0, -1.0, -1.0]"
2025-05-07 20:44:41.262202,-0.132454,0.0568014,0.000328344,2.55293,1.9548,0.42132454,0.0,-1,942.478,47.026,42.0,1.0,"[-1.0, -1.0, -1.0, -1.0, -1.0, -1.0, -1.0, -1.0, -1.0, -1.0, -1.0, -1.0, -1.0, -1.0, -1.0, -1.0, -1.0, -1.0, -1.0]"
2025-05-07 20:44:41.264313,-0.0781667,0.0447273,1.72163e-05,2.55293,1.95479,0.42078166699999997,0.0,-1,942.478,47.046,42.0,1.0,"[-1.0, -1.0, -1.0, -1.0, -1.0, -1.0, -1.0, -1.0, -1.0, -1.0, -1.0, -1.0, -1.0, -1.0, -1.0, -1.0, -1.0, -1.0, -1.0]"
2025-05-07 20:44:41.265894,-0.0733304,0.0235193,-0.000199677,2.55293,1.9549,0.42073330400000003,0.0,-1,942.478,47.066,42.0,1.0,"[-1.0, -1.0, -1.0, -1.0, -1.0, -1.0, -1.0, -1.0, -1.0, -1.0, -1.0, -1.0, -1.0, -1.0, -1.0, -1.0, -1.0, -1.0, -1.0]"
2025-05-07 20:44:41.267238,-0.0845367,0.05058,-0.00028923,2.55293,1.95502,0.420845367,0.0,-1,942.478,47.086,42.0,1.0,"[-1.0, -1.0, -1.0, -1.0, -1.0, -1.0, -1.0, -1.0, -1.0, -1.0, -1.0, -1.0, -1.0, -1.0, -1.0, -1.0, -1.0, -1.0, -1.0]"
2025-05-07 20:44:41.268881,-0.16401,0.0243865,-0.000359188,2.55298,1.955,0.42164009999999996,0.0,-1,942.478,47.106,42.0,1.0,"[-1.0, -1.0, -1.0, -1.0, -1.0, -1.0, -1.0, -1.0, -1.0, -1.0, -1.0, -1.0, -1.0, -1.0, -1.0, -1.0, -1.0, -1.0, -1.0]"
2025-05-07 20:44:41.285442,-0.0724206,0.0274396,-0.000290815,2.55293,1.95518,0.420724206,0.0,-1,942.478,47.126,42.0,1.0,"[-1.0, -1.0, -1.0, -1.0, -1.0, -1.0, -1.0, -1.0, -1.0, -1.0, -1.0, -1.0, -1.0, -1.0, -1.0, -1.0, -1.0, -1.0, -1.0]"
2025-05-07 20:44:41.305023,-0.0827444,0.0381791,-0.000248249,2.55293,1.95528,0.42082744400000005,0.0,-1,942.478,47.146,42.0,1.0,"[-1.0, -1.0, -1.0, -1.0, -1.0, -1.0, -1.0, -1.0, -1.0, -1.0, -1.0, -1.0, -1.0, -1.0, -1.0, -1.0, -1.0, -1.0, -1.0]"
2025-05-07 20:44:41.329143,-0.130242,0.0457978,-0.000184977,2.55293,1.95527,0.42130242,0.0,-1,942.478,47.166,42.0,1.0,"[-1.0, -1.0, -1.0, -1.0, -1.0, -1.0, -1.0, -1.0, -1.0, -1.0, -1.0, -1.0, -1.0, -1.0, -1.0, -1.0, -1.0, -1.0, -1.0]"
2025-05-07 20:44:41.348326,-0.156635,-0.00211547,-0.000186676,2.55298,1.95535,0.42156635000000003,0.0,-1,942.478,47.186,42.0,1.0,"[-1.0, -1.0, -1.0, -1.0, -1.0, -1.0, -1.0, -1.0, -1.0, -1.0, -1.0, -1.0, -1.0, -1.0, -1.0, -1.0, -1.0, -1.0, -1.0]"
2025-05-07 20:44:41.364547,-0.082451,0.0442412,-0.000196213,2.55293,1.95557,0.42082451,0.0,-1,942.478,47.206,42.0,1.0,"[-1.0, -1.0, -1.0, -1.0, -1.0, -1.0, -1.0, -1.0, -1.0, -1.0, -1.0, -1.0, -1.0, -1.0, -1.0, -1.0, -1.0, -1.0, -1.0]"
2025-05-07 20:44:41.387629,-0.0912674,0.0528988,-0.000244681,2.55293,1.9556,0.420912674,0.0,-1,942.478,47.226,42.0,1.0,"[-1.0, -1.0, -1.0, -1.0, -1.0, -1.0, -1.0, -1.0, -1.0, -1.0, -1.0, -1.0, -1.0, -1.0, -1.0, -1.0, -1.0, -1.0, -1.0]"
2025-05-07 20:44:41.404566,-0.078937,0.0140484,-0.000156036,2.55293,1.95567,0.42078937000000005,0.0,-1,942.478,47.246,42.0,1.0,"[-1.0, -1.0, -1.0, -1.0, -1.0, -1.0, -1.0, -1.0, -1.0, -1.0, -1.0, -1.0, -1.0, -1.0, -1.0, -1.0, -1.0, -1.0, -1.0]"
2025-05-07 20:44:41.428990,-0.157156,0.0168338,-0.000162062,2.55298,1.95584,0.42157156,0.0,-1,942.478,47.266,42.0,1.0,"[-1.0, -1.0, -1.0, -1.0, -1.0, -1.0, -1.0, -1.0, -1.0, -1.0, -1.0, -1.0, -1.0, -1.0, -1.0, -1.0, -1.0, -1.0, -1.0]"
2025-05-07 20:44:41.447034,-0.0954754,0.0736598,-0.000181528,2.55293,1.95585,0.420954754,0.0,-1,942.478,47.286,42.0,1.0,"[-1.0, -1.0, -1.0, -1.0, -1.0, -1.0, -1.0, -1.0, -1.0, -1.0, -1.0, -1.0, -1.0, -1.0, -1.0, -1.0, -1.0, -1.0, -1.0]"
2025-05-07 20:44:41.467062,-0.0781276,0.0302017,-0.000219448,2.55293,1.95591,0.42078127600000004,0.0,-1,942.478,47.306,42.0,1.0,"[-1.0, -1.0, -1.0, -1.0, -1.0, -1.0, -1.0, -1.0, -1.0, -1.0, -1.0, -1.0, -1.0, -1.0, -1.0, -1.0, -1.0, -1.0, -1.0]"
2025-05-07 20:44:41.484929,-0.113427,0.0207334,-9.86944e-05,2.55293,1.95611,0.42113427000000003,0.0,-1,942.478,47.326,42.0,1.0,"[-1.0, -1.0, -1.0, -1.0, -1.0, -1.0, -1.0, -1.0, -1.0, -1.0, -1.0, -1.0, -1.0, -1.0, -1.0, -1.0, -1.0, -1.0, -1.0]"
2025-05-07 20:44:41.505335,-0.166713,0.0462935,-0.000157399,2.55298,1.95617,0.42166713,0.0,-1,942.478,47.346,42.0,1.0,"[-1.0, -1.0, -1.0, -1.0, -1.0, -1.0, -1.0, -1.0, -1.0, -1.0, -1.0, -1.0, -1.0, -1.0, -1.0, -1.0, -1.0, -1.0, -1.0]"
2025-05-07 20:44:41.524832,-0.081711,0.0455833,-0.000196995,2.55293,1.95615,0.42081711,0.0,-1,942.478,47.366,42.0,1.0,"[-1.0, -1.0, -1.0, -1.0, -1.0, -1.0, -1.0, -1.0, -1.0, -1.0, -1.0, -1.0, -1.0, -1.0, -1.0, -1.0, -1.0, -1.0, -1.0]"
2025-05-07 20:44:41.546943,-0.074682,0.0243081,-0.000169746,2.55293,1.95627,0.42074682,0.0,-1,942.478,47.386,42.0,1.0,"[-1.0, -1.0, -1.0, -1.0, -1.0, -1.0, -1.0, -1.0, -1.0, -1.0, -1.0, -1.0, -1.0, -1.0, -1.0, -1.0, -1.0, -1.0, -1.0]"
2025-05-07 20:44:41.564668,-0.0844077,0.0504018,-0.000163133,2.55293,1.95639,0.420844077,0.0,-1,942.478,47.406,42.0,1.0,"[-1.0, -1.0, -1.0, -1.0, -1.0, -1.0, -1.0, -1.0, -1.0, -1.0, -1.0, -1.0, -1.0, -1.0, -1.0, -1.0, -1.0, -1.0, -1.0]"
2025-05-07 20:44:41.587412,-0.163943,0.0243018,-0.000237615,2.55298,1.95637,0.42163943000000004,0.0,-1,942.478,47.426,42.0,1.0,"[-1.0, -1.0, -1.0, -1.0, -1.0, -1.0, -1.0, -1.0, -1.0, -1.0, -1.0, -1.0, -1.0, -1.0, -1.0, -1.0, -1.0, -1.0, -1.0]"
2025-05-07 20:44:41.605775,-0.0726246,0.0272619,-0.000155247,2.55293,1.95655,0.42072624599999997,0.0,-1,942.478,47.446,42.0,1.0,"[-1.0, -1.0, -1.0, -1.0, -1.0, -1.0, -1.0, -1.0, -1.0, -1.0, -1.0, -1.0, -1.0, -1.0, -1.0, -1.0, -1.0, -1.0, -1.0]"
2025-05-07 20:44:41.624852,-0.0826565,0.037968,-0.000210075,2.55293,1.95665,0.420826565,0.0,-1,942.478,47.466,42.0,1.0,"[-1.0, -1.0, -1.0, -1.0, -1.0, -1.0, -1.0, -1.0, -1.0, -1.0, -1.0, -1.0, -1.0, -1.0, -1.0, -1.0, -1.0, -1.0, -1.0]"
2025-05-07 20:44:41.645293,-0.129948,0.0457405,-0.000173084,2.55293,1.95663,0.42129948,0.0,-1,942.478,47.486,42.0,1.0,"[-1.0, -1.0, -1.0, -1.0, -1.0, -1.0, -1.0, -1.0, -1.0, -1.0, -1.0, -1.0, -1.0, -1.0, -1.0, -1.0, -1.0, -1.0, -1.0]"
2025-05-07 20:44:41.666454,-0.156821,-0.00190522,-0.000147346,2.55298,1.95672,0.42156821,0.0,-1,942.478,47.506,42.0,1.0,"[-1.0, -1.0, -1.0, -1.0, -1.0, -1.0, -1.0, -1.0, -1.0, -1.0, -1.0, -1.0, -1.0, -1.0, -1.0, -1.0, -1.0, -1.0, -1.0]"
2025-05-07 20:44:41.687823,-0.0823993,0.0441739,-0.00017567,2.55293,1.95693,0.420823993,0.0,-1,942.478,47.526,42.0,1.0,"[-1.0, -1.0, -1.0, -1.0, -1.0, -1.0, -1.0, -1.0, -1.0, -1.0, -1.0, -1.0, -1.0, -1.0, -1.0, -1.0, -1.0, -1.0, -1.0]"
2025-05-07 20:44:41.706909,-0.0909463,0.0525978,-0.000235281,2.55293,1.95696,0.420909463,0.0,-1,942.478,47.546,42.0,1.0,"[-1.0, -1.0, -1.0, -1.0, -1.0, -1.0, -1.0, -1.0, -1.0, -1.0, -1.0, -1.0, -1.0, -1.0, -1.0, -1.0, -1.0, -1.0, -1.0]"
2025-05-07 20:44:41.728807,-0.0790001,0.0139634,-0.000165931,2.55293,1.95704,0.420790001,0.0,-1,942.478,47.566,42.0,1.0,"[-1.0, -1.0, -1.0, -1.0, -1.0, -1.0, -1.0, -1.0, -1.0, -1.0, -1.0, -1.0, -1.0, -1.0, -1.0, -1.0, -1.0, -1.0, -1.0]"
2025-05-07 20:44:41.745993,-0.0707089,0.0519851,-0.000171559,2.55293,1.9572,0.420707089,0.0,-1,942.478,47.586,42.0,1.0,"[-1.0, -1.0, -1.0, -1.0, -1.0, -1.0, -1.0, -1.0, -1.0, -1.0, -1.0, -1.0, -1.0, -1.0, -1.0, -1.0, -1.0, -1.0, -1.0]"
2025-05-07 20:44:41.766009,-0.135781,0.0578483,-0.000201553,2.55291,1.9572,0.42135781,0.0,-1,942.478,47.606,42.0,1.0,"[-1.0, -1.0, -1.0, -1.0, -1.0, -1.0, -1.0, -1.0, -1.0, -1.0, -1.0, -1.0, -1.0, -1.0, -1.0, -1.0, -1.0, -1.0, -1.0]"
2025-05-07 20:44:41.786758,-0.0757473,0.0306196,-0.000220128,2.55291,1.95726,0.42075747300000005,0.0,-1,942.478,47.626,42.0,1.0,"[-1.0, -1.0, -1.0, -1.0, -1.0, -1.0, -1.0, -1.0, -1.0, -1.0, -1.0, -1.0, -1.0, -1.0, -1.0, -1.0, -1.0, -1.0, -1.0]"
2025-05-07 20:44:41.810279,-0.112746,0.0203921,-0.000103844,2.55291,1.95745,0.42112746,0.0,-1,942.478,47.646,42.0,1.0,"[-1.0, -1.0, -1.0, -1.0, -1.0, -1.0, -1.0, -1.0, -1.0, -1.0, -1.0, -1.0, -1.0, -1.0, -1.0, -1.0, -1.0, -1.0, -1.0]"
2025-05-07 20:44:41.829299,-0.166605,0.046352,-0.000161402,2.55296,1.95752,0.42166604999999996,0.0,-1,942.478,47.666,42.0,1.0,"[-1.0, -1.0, -1.0, -1.0, -1.0, -1.0, -1.0, -1.0, -1.0, -1.0, -1.0, -1.0, -1.0, -1.0, -1.0, -1.0, -1.0, -1.0, -1.0]"
2025-05-07 20:44:41.847718,-0.0819518,0.0457706,-0.000207758,2.55291,1.9575,0.420819518,0.0,-1,942.478,47.686,42.0,1.0,"[-1.0, -1.0, -1.0, -1.0, -1.0, -1.0, -1.0, -1.0, -1.0, -1.0, -1.0, -1.0, -1.0, -1.0, -1.0, -1.0, -1.0, -1.0, -1.0]"
2025-05-07 20:44:41.865893,-0.0749206,0.0245951,-0.000156176,2.55291,1.95762,0.420749206,0.0,-1,942.478,47.706,42.0,1.0,"[-1.0, -1.0, -1.0, -1.0, -1.0, -1.0, -1.0, -1.0, -1.0, -1.0, -1.0, -1.0, -1.0, -1.0, -1.0, -1.0, -1.0, -1.0, -1.0]"
2025-05-07 20:44:41.886514,-0.0845741,0.0507483,-0.000171955,2.55291,1.95774,0.420845741,0.0,-1,942.478,47.726,42.0,1.0,"[-1.0, -1.0, -1.0, -1.0, -1.0, -1.0, -1.0, -1.0, -1.0, -1.0, -1.0, -1.0, -1.0, -1.0, -1.0, -1.0, -1.0, -1.0, -1.0]"
2025-05-07 20:44:41.909308,-0.164158,0.0244129,-0.000225575,2.55296,1.95772,0.42164158,0.0,-1,942.478,47.746,42.0,1.0,"[-1.0, -1.0, -1.0, -1.0, -1.0, -1.0, -1.0, -1.0, -1.0, -1.0, -1.0, -1.0, -1.0, -1.0, -1.0, -1.0, -1.0, -1.0, -1.0]"
2025-05-07 20:44:41.926835,-0.0729324,0.0276542,-0.00015831,2.55291,1.9579,0.420729324,0.0,-1,942.478,47.766,42.0,1.0,"[-1.0, -1.0, -1.0, -1.0, -1.0, -1.0, -1.0, -1.0, -1.0, -1.0, -1.0, -1.0, -1.0, -1.0, -1.0, -1.0, -1.0, -1.0, -1.0]"
2025-05-07 20:44:41.944897,-0.0827456,0.0382714,-0.000217192,2.55291,1.958,0.42082745600000004,0.0,-1,942.478,47.786,42.0,1.0,"[-1.0, -1.0, -1.0, -1.0, -1.0, -1.0, -1.0, -1.0, -1.0, -1.0, -1.0, -1.0, -1.0, -1.0, -1.0, -1.0, -1.0, -1.0, -1.0]"
2025-05-07 20:44:41.966482,-0.130029,0.0459082,-0.000167049,2.55291,1.95799,0.42130029,0.0,-1,942.478,47.806,42.0,1.0,"[-1.0, -1.0, -1.0, -1.0, -1.0, -1.0, -1.0, -1.0, -1.0, -1.0, -1.0, -1.0, -1.0, -1.0, -1.0, -1.0, -1.0, -1.0, -1.0]"
2025-05-07 20:44:41.984684,-0.156985,-0.00166338,-0.000160837,2.55296,1.95807,0.42156984999999997,0.0,-1,942.478,47.826,42.0,1.0,"[-1.0, -1.0, -1.0, -1.0, -1.0, -1.0, -1.0, -1.0, -1.0, -1.0, -1.0, -1.0, -1.0, -1.0, -1.0, -1.0, -1.0, -1.0, -1.0]"
2025-05-07 20:44:42.008404,-0.0824411,0.0444943,-0.000190536,2.55291,1.95829,0.42082441099999995,0.0,-1,942.478,47.846,42.0,1.0,"[-1.0, -1.0, -1.0, -1.0, -1.0, -1.0, -1.0, -1.0, -1.0, -1.0, -1.0, -1.0, -1.0, -1.0, -1.0, -1.0, -1.0, -1.0, -1.0]"
2025-05-07 20:44:42.025572,-0.0910078,0.0528162,-0.000226855,2.55291,1.95832,0.420910078,0.0,-1,942.478,47.866,42.0,1.0,"[-1.0, -1.0, -1.0, -1.0, -1.0, -1.0, -1.0, -1.0, -1.0, -1.0, -1.0, -1.0, -1.0, -1.0, -1.0, -1.0, -1.0, -1.0, -1.0]"
2025-05-07 20:44:42.048180,-0.0791867,0.0140566,-0.00016844,2.55291,1.95839,0.420791867,0.0,-1,942.478,47.886,42.0,1.0,"[-1.0, -1.0, -1.0, -1.0, -1.0, -1.0, -1.0, -1.0, -1.0, -1.0, -1.0, -1.0, -1.0, -1.0, -1.0, -1.0, -1.0, -1.0, -1.0]"
2025-05-07 20:44:42.064599,-0.157514,0.0168469,-0.000183012,2.55296,1.95856,0.42157514,0.0,-1,942.478,47.906,42.0,1.0,"[-1.0, -1.0, -1.0, -1.0, -1.0, -1.0, -1.0, -1.0, -1.0, -1.0, -1.0, -1.0, -1.0, -1.0, -1.0, -1.0, -1.0, -1.0, -1.0]"
2025-05-07 20:44:42.086479,-0.0955767,0.0740334,-0.000184815,2.55291,1.95857,0.42095576700000004,0.0,-1,942.478,47.926,42.0,1.0,"[-1.0, -1.0, -1.0, -1.0, -1.0, -1.0, -1.0, -1.0, -1.0, -1.0, -1.0, -1.0, -1.0, -1.0, -1.0, -1.0, -1.0, -1.0, -1.0]"
2025-05-07 20:44:42.104694,-0.0786162,0.0302131,-0.000203493,2.55291,1.95863,0.42078616199999996,0.0,-1,942.478,47.946,42.0,1.0,"[-1.0, -1.0, -1.0, -1.0, -1.0, -1.0, -1.0, -1.0, -1.0, -1.0, -1.0, -1.0, -1.0, -1.0, -1.0, -1.0, -1.0, -1.0, -1.0]"
2025-05-07 20:44:42.125716,-0.113885,0.0209815,-0.000119848,2.55291,1.95883,0.42113885,0.0,-1,942.478,47.966,42.0,1.0,"[-1.0, -1.0, -1.0, -1.0, -1.0, -1.0, -1.0, -1.0, -1.0, -1.0, -1.0, -1.0, -1.0, -1.0, -1.0, -1.0, -1.0, -1.0, -1.0]"
2025-05-07 20:44:42.145165,-0.166875,0.0466614,-0.000175821,2.55296,1.9589,0.42166875,0.0,-1,942.478,47.986,42.0,1.0,"[-1.0, -1.0, -1.0, -1.0, -1.0, -1.0, -1.0, -1.0, -1.0, -1.0, -1.0, -1.0, -1.0, -1.0, -1.0, -1.0, -1.0, -1.0, -1.0]"
2025-05-07 20:44:42.165734,-0.082155,0.0456244,-0.000187832,2.55291,1.95888,0.42082155,0.0,-1,942.478,48.006,42.0,1.0,"[-1.0, -1.0, -1.0, -1.0, -1.0, -1.0, -1.0, -1.0, -1.0, -1.0, -1.0, -1.0, -1.0, -1.0, -1.0, -1.0, -1.0, -1.0, -1.0]"
2025-05-07 20:44:42.186303,-0.0751187,0.0246761,-0.000156938,2.55291,1.95899,0.42075118699999997,0.0,-1,942.478,48.026,42.0,1.0,"[-1.0, -1.0, -1.0, -1.0, -1.0, -1.0, -1.0, -1.0, -1.0, -1.0, -1.0, -1.0, -1.0, -1.0, -1.0, -1.0, -1.0, -1.0, -1.0]"
2025-05-07 20:44:42.204650,-0.0847512,0.0510253,-0.000155403,2.55291,1.95912,0.420847512,0.0,-1,942.478,48.046,42.0,1.0,"[-1.0, -1.0, -1.0, -1.0, -1.0, -1.0, -1.0, -1.0, -1.0, -1.0, -1.0, -1.0, -1.0, -1.0, -1.0, -1.0, -1.0, -1.0, -1.0]"
2025-05-07 20:44:42.229319,-0.164222,0.0245555,-0.000233932,2.55296,1.9591,0.42164222,0.0,-1,942.478,48.066,42.0,1.0,"[-1.0, -1.0, -1.0, -1.0, -1.0, -1.0, -1.0, -1.0, -1.0, -1.0, -1.0, -1.0, -1.0, -1.0, -1.0, -1.0, -1.0, -1.0, -1.0]"
2025-05-07 20:44:42.246107,-0.0732141,0.0278517,-0.000160629,2.55291,1.95928,0.420732141,0.0,-1,942.478,48.086,42.0,1.0,"[-1.0, -1.0, -1.0, -1.0, -1.0, -1.0, -1.0, -1.0, -1.0, -1.0, -1.0, -1.0, -1.0, -1.0, -1.0, -1.0, -1.0, -1.0, -1.0]"
2025-05-07 20:44:42.268128,-0.0827264,0.0383843,-0.000203019,2.55291,1.95938,0.420827264,0.0,-1,942.478,48.106,42.0,1.0,"[-1.0, -1.0, -1.0, -1.0, -1.0, -1.0, -1.0, -1.0, -1.0, -1.0, -1.0, -1.0, -1.0, -1.0, -1.0, -1.0, -1.0, -1.0, -1.0]"
2025-05-07 20:44:42.286070,-0.130128,0.046068,-0.000169952,2.55291,1.95937,0.42130128,0.0,-1,942.478,48.126,42.0,1.0,"[-1.0, -1.0, -1.0, -1.0, -1.0, -1.0, -1.0, -1.0, -1.0, -1.0, -1.0, -1.0, -1.0, -1.0, -1.0, -1.0, -1.0, -1.0, -1.0]"
2025-05-07 20:44:42.306334,-0.157184,-0.00164022,-0.000155504,2.55296,1.95945,0.42157184000000003,0.0,-1,942.478,48.146,42.0,1.0,"[-1.0, -1.0, -1.0, -1.0, -1.0, -1.0, -1.0, -1.0, -1.0, -1.0, -1.0, -1.0, -1.0, -1.0, -1.0, -1.0, -1.0, -1.0, -1.0]"
2025-05-07 20:44:42.325781,-0.0824716,0.0446399,-0.000159183,2.55291,1.95967,0.420824716,0.0,-1,942.478,48.166,42.0,1.0,"[-1.0, -1.0, -1.0, -1.0, -1.0, -1.0, -1.0, -1.0, -1.0, -1.0, -1.0, -1.0, -1.0, -1.0, -1.0, -1.0, -1.0, -1.0, -1.0]"
2025-05-07 20:44:42.347591,-0.0911001,0.0530269,-0.000229215,2.55291,1.9597,0.420911001,0.0,-1,942.478,48.186,42.0,1.0,"[-1.0, -1.0, -1.0, -1.0, -1.0, -1.0, -1.0, -1.0, -1.0, -1.0, -1.0, -1.0, -1.0, -1.0, -1.0, -1.0, -1.0, -1.0, -1.0]"
2025-05-07 20:44:42.365901,-0.0794113,0.0141698,-0.000153449,2.55291,1.95977,0.42079411299999997,0.0,-1,942.478,48.206,42.0,1.0,"[-1.0, -1.0, -1.0, -1.0, -1.0, -1.0, -1.0, -1.0, -1.0, -1.0, -1.0, -1.0, -1.0, -1.0, -1.0, -1.0, -1.0, -1.0, -1.0]"
2025-05-07 20:44:42.386093,-0.157754,0.0168709,-0.000165134,2.55296,1.95994,0.42157754,0.0,-1,942.478,48.226,42.0,1.0,"[-1.0, -1.0, -1.0, -1.0, -1.0, -1.0, -1.0, -1.0, -1.0, -1.0, -1.0, -1.0, -1.0, -1.0, -1.0, -1.0, -1.0, -1.0, -1.0]"
2025-05-07 20:44:42.407619,-0.0903275,0.0763483,-0.000204536,2.55289,1.95995,0.420903275,0.0,-1,942.478,48.246,42.0,1.0,"[-1.0, -1.0, -1.0, -1.0, -1.0, -1.0, -1.0, -1.0, -1.0, -1.0, -1.0, -1.0, -1.0, -1.0, -1.0, -1.0, -1.0, -1.0, -1.0]"
2025-05-07 20:44:42.428086,-0.109455,0.0170723,-0.000234636,2.55293,1.96,0.42109454999999996,0.0,-1,942.478,48.266,42.0,1.0,"[-1.0, -1.0, -1.0, -1.0, -1.0, -1.0, -1.0, -1.0, -1.0, -1.0, -1.0, -1.0, -1.0, -1.0, -1.0, -1.0, -1.0, -1.0, -1.0]"
2025-05-07 20:44:42.444761,-0.110938,0.0233049,-0.000138275,2.55289,1.9602,0.42110938,0.0,-1,942.478,48.286,42.0,1.0,"[-1.0, -1.0, -1.0, -1.0, -1.0, -1.0, -1.0, -1.0, -1.0, -1.0, -1.0, -1.0, -1.0, -1.0, -1.0, -1.0, -1.0, -1.0, -1.0]"
2025-05-07 20:44:42.465925,-0.167244,0.0481895,-0.000192433,2.55293,1.96027,0.42167244,0.0,-1,942.478,48.306,42.0,1.0,"[-1.0, -1.0, -1.0, -1.0, -1.0, -1.0, -1.0, -1.0, -1.0, -1.0, -1.0, -1.0, -1.0, -1.0, -1.0, -1.0, -1.0, -1.0, -1.0]"
2025-05-07 20:44:42.487508,-0.08256,0.0458935,-0.000209553,2.55289,1.96025,0.4208256,0.0,-1,942.478,48.326,42.0,1.0,"[-1.0, -1.0, -1.0, -1.0, -1.0, -1.0, -1.0, -1.0, -1.0, -1.0, -1.0, -1.0, -1.0, -1.0, -1.0, -1.0, -1.0, -1.0, -1.0]"
2025-05-07 20:44:42.508787,-0.0755268,0.0253278,-0.000168077,2.55289,1.96037,0.42075526799999996,0.0,-1,942.478,48.346,42.0,1.0,"[-1.0, -1.0, -1.0, -1.0, -1.0, -1.0, -1.0, -1.0, -1.0, -1.0, -1.0, -1.0, -1.0, -1.0, -1.0, -1.0, -1.0, -1.0, -1.0]"
2025-05-07 20:44:42.528467,-0.0845344,0.0509271,-0.000176331,2.55289,1.9605,0.420845344,0.0,-1,942.478,48.366,42.0,1.0,"[-1.0, -1.0, -1.0, -1.0, -1.0, -1.0, -1.0, -1.0, -1.0, -1.0, -1.0, -1.0, -1.0, -1.0, -1.0, -1.0, -1.0, -1.0, -1.0]"
2025-05-07 20:44:42.545779,-0.164186,0.0246075,-0.000227436,2.55293,1.96048,0.42164186000000003,0.0,-1,942.478,48.386,42.0,1.0,"[-1.0, -1.0, -1.0, -1.0, -1.0, -1.0, -1.0, -1.0, -1.0, -1.0, -1.0, -1.0, -1.0, -1.0, -1.0, -1.0, -1.0, -1.0, -1.0]"
2025-05-07 20:44:42.568678,-0.0733274,0.0277532,-0.00015321,2.55289,1.96065,0.420733274,0.0,-1,942.478,48.406,42.0,1.0,"[-1.0, -1.0, -1.0, -1.0, -1.0, -1.0, -1.0, -1.0, -1.0, -1.0, -1.0, -1.0, -1.0, -1.0, -1.0, -1.0, -1.0, -1.0, -1.0]"
2025-05-07 20:44:42.586640,-0.082788,0.0385529,-0.000218761,2.55289,1.96076,0.7,0.0,-1,942.478,48.426,42.0,-1.0,"[-1.0, -1.0, -1.0, -1.0, -1.0, -1.0, -1.0, -1.0, -1.0, -1.0, -1.0, -1.0, -1.0, -1.0, -1.0, -1.0, -1.0, -1.0, -1.0]"
2025-05-07 20:44:42.608230,-0.130146,0.0461845,-0.000173414,2.55289,1.96075,0.7,0.0,-1,942.478,48.446,42.0,-1.0,"[-1.0, -1.0, -1.0, -1.0, -1.0, -1.0, -1.0, -1.0, -1.0, -1.0, -1.0, -1.0, -1.0, -1.0, -1.0, -1.0, -1.0, -1.0, -1.0]"
2025-05-07 20:44:42.626762,-0.157391,-0.00160837,-0.00014838,2.55293,1.96083,0.7,0.0,-1,942.478,48.466,42.0,-1.0,"[-1.0, -1.0, -1.0, -1.0, -1.0, -1.0, -1.0, -1.0, -1.0, -1.0, -1.0, -1.0, -1.0, -1.0, -1.0, -1.0, -1.0, -1.0, -1.0]"
2025-05-07 20:44:42.645077,-0.0825102,0.0448441,-0.000174154,2.55289,1.96105,0.7,0.0,-1,942.478,48.486,42.0,-1.0,"[-1.0, -1.0, -1.0, -1.0, -1.0, -1.0, -1.0, -1.0, -1.0, -1.0, -1.0, -1.0, -1.0, -1.0, -1.0, -1.0, -1.0, -1.0, -1.0]"
2025-05-07 20:44:42.665098,-0.0910845,0.0530613,-0.000230306,2.55289,1.96108,0.7,0.0,-1,942.478,48.506,42.0,-1.0,"[-1.0, -1.0, -1.0, -1.0, -1.0, -1.0, -1.0, -1.0, -1.0, -1.0, -1.0, -1.0, -1.0, -1.0, -1.0, -1.0, -1.0, -1.0, -1.0]"
2025-05-07 20:44:42.685191,-0.0797501,0.0140547,-0.0001578,2.55289,1.96115,0.7,0.0,-1,942.478,48.526,42.0,-1.0,"[-1.0, -1.0, -1.0, -1.0, -1.0, -1.0, -1.0, -1.0, -1.0, -1.0, -1.0, -1.0, -1.0, -1.0, -1.0, -1.0, -1.0, -1.0, -1.0]"
2025-05-07 20:44:42.705703,-0.15791,0.0167658,-0.000168174,2.55293,1.96131,0.7,0.0,-1,942.478,48.546,42.0,-1.0,"[-1.0, -1.0, -1.0, -1.0, -1.0, -1.0, -1.0, -1.0, -1.0, -1.0, -1.0, -1.0, -1.0, -1.0, -1.0, -1.0, -1.0, -1.0, -1.0]"
2025-05-07 20:44:42.724758,-0.0955627,0.0742587,-0.0001951,2.55289,1.96133,0.7,0.0,-1,942.478,48.566,42.0,-1.0,"[-1.0, -1.0, -1.0, -1.0, -1.0, -1.0, -1.0, -1.0, -1.0, -1.0, -1.0, -1.0, -1.0, -1.0, -1.0, -1.0, -1.0, -1.0, -1.0]"
2025-05-07 20:44:42.745236,-0.0790727,0.0303334,-0.000226086,2.55289,1.96139,0.7,0.0,-1,942.478,48.586,42.0,-1.0,"[-1.0, -1.0, -1.0, -1.0, -1.0, -1.0, -1.0, -1.0, -1.0, -1.0, -1.0, -1.0, -1.0, -1.0, -1.0, -1.0, -1.0, -1.0, -1.0]"
2025-05-07 20:44:42.766415,-0.114313,0.021039,-0.000117061,2.55289,1.96159,0.7,0.0,-1,942.478,48.606,42.0,-1.0,"[-1.0, -1.0, -1.0, -1.0, -1.0, -1.0, -1.0, -1.0, -1.0, -1.0, -1.0, -1.0, -1.0, -1.0, -1.0, -1.0, -1.0, -1.0, -1.0]"
2025-05-07 20:44:42.786075,-0.166889,0.0467716,-0.000171369,2.55293,1.96165,0.7,0.0,-1,942.478,48.626,42.0,-1.0,"[-1.0, -1.0, -1.0, -1.0, -1.0, -1.0, -1.0, -1.0, -1.0, -1.0, -1.0, -1.0, -1.0, -1.0, -1.0, -1.0, -1.0, -1.0, -1.0]"
2025-05-07 20:44:42.808152,-0.0826554,0.0458799,-0.000186275,2.55289,1.96164,0.7,0.0,-1,942.478,48.646,42.0,-1.0,"[-1.0, -1.0, -1.0, -1.0, -1.0, -1.0, -1.0, -1.0, -1.0, -1.0, -1.0, -1.0, -1.0, -1.0, -1.0, -1.0, -1.0, -1.0, -1.0]"
2025-05-07 20:44:42.825693,-0.0755419,0.0246526,-0.000168108,2.55289,1.96175,0.7,0.0,-1,942.478,48.666,42.0,-1.0,"[-1.0, -1.0, -1.0, -1.0, -1.0, -1.0, -1.0, -1.0, -1.0, -1.0, -1.0, -1.0, -1.0, -1.0, -1.0, -1.0, -1.0, -1.0, -1.0]"
2025-05-07 20:44:42.849692,-0.0847072,0.051085,-0.000167057,2.55289,1.96187,0.7,0.0,-1,942.478,48.686,42.0,-1.0,"[-1.0, -1.0, -1.0, -1.0, -1.0, -1.0, -1.0, -1.0, -1.0, -1.0, -1.0, -1.0, -1.0, -1.0, -1.0, -1.0, -1.0, -1.0, -1.0]"
2025-05-07 20:44:42.867180,-0.164169,0.0246412,-0.000253756,2.55293,1.96186,0.7,0.0,-1,942.478,48.706,42.0,-1.0,"[-1.0, -1.0, -1.0, -1.0, -1.0, -1.0, -1.0, -1.0, -1.0, -1.0, -1.0, -1.0, -1.0, -1.0, -1.0, -1.0, -1.0, -1.0, -1.0]"
2025-05-07 20:44:42.888055,-0.0736157,0.0280505,-0.000142252,2.55289,1.96203,0.7,0.0,-1,942.478,48.726,42.0,-1.0,"[-1.0, -1.0, -1.0, -1.0, -1.0, -1.0, -1.0, -1.0, -1.0, -1.0, -1.0, -1.0, -1.0, -1.0, -1.0, -1.0, -1.0, -1.0, -1.0]"
2025-05-07 20:44:42.907450,-0.0828019,0.0387234,-0.000189551,2.55289,1.96213,0.7,0.0,-1,942.478,48.746,42.0,-1.0,"[-1.0, -1.0, -1.0, -1.0, -1.0, -1.0, -1.0, -1.0, -1.0, -1.0, -1.0, -1.0, -1.0, -1.0, -1.0, -1.0, -1.0, -1.0, -1.0]"
2025-05-07 20:44:42.928821,-0.130133,0.0461548,-0.000163474,2.55289,1.96212,0.7,0.0,-1,942.478,48.766,42.0,-1.0,"[-1.0, -1.0, -1.0, -1.0, -1.0, -1.0, -1.0, -1.0, -1.0, -1.0, -1.0, -1.0, -1.0, -1.0, -1.0, -1.0, -1.0, -1.0, -1.0]"
2025-05-07 20:44:42.946746,-0.157734,-0.00173927,-0.000169603,2.55293,1.9622,0.7,0.0,-1,942.478,48.786,42.0,-1.0,"[-1.0, -1.0, -1.0, -1.0, -1.0, -1.0, -1.0, -1.0, -1.0, -1.0, -1.0, -1.0, -1.0, -1.0, -1.0, -1.0, -1.0, -1.0, -1.0]"
2025-05-07 20:44:42.965612,-0.0825077,0.0449805,-0.000202249,2.55289,1.96242,0.7,0.0,-1,942.478,48.806,42.0,-1.0,"[-1.0, -1.0, -1.0, -1.0, -1.0, -1.0, -1.0, -1.0, -1.0, -1.0, -1.0, -1.0, -1.0, -1.0, -1.0, -1.0, -1.0, -1.0, -1.0]"
2025-05-07 20:44:42.987815,-0.0911014,0.0531902,-0.00021382,2.55289,1.96245,0.7,0.0,-1,942.478,48.826,42.0,-1.0,"[-1.0, -1.0, -1.0, -1.0, -1.0, -1.0, -1.0, -1.0, -1.0, -1.0, -1.0, -1.0, -1.0, -1.0, -1.0, -1.0, -1.0, -1.0, -1.0]"
2025-05-07 20:44:43.006369,-0.0822785,0.0490162,-0.00026029,2.55289,1.96254,0.7,0.0,-1,942.478,48.846,42.0,-1.0,"[-1.0, -1.0, -1.0, -1.0, -1.0, -1.0, -1.0, -1.0, -1.0, -1.0, -1.0, -1.0, -1.0, -1.0, -1.0, -1.0, -1.0, -1.0, -1.0]"
2025-05-07 20:44:43.028935,-0.13682,0.0495299,-0.000446306,2.55291,1.96258,0.7,0.0,-1,942.478,48.866,42.0,-1.0,"[-1.0, -1.0, -1.0, -1.0, -1.0, -1.0, -1.0, -1.0, -1.0, -1.0, -1.0, -1.0, -1.0, -1.0, -1.0, -1.0, -1.0, -1.0, -1.0]"
2025-05-07 20:44:43.045437,-0.0896365,0.0524371,-0.000698076,2.55289,1.9626,0.7,0.0,-1,942.478,48.886,42.0,-1.0,"[-1.0, -1.0, -1.0, -1.0, -1.0, -1.0, -1.0, -1.0, -1.0, -1.0, -1.0, -1.0, -1.0, -1.0, -1.0, -1.0, -1.0, -1.0, -1.0]"
2025-05-07 20:44:43.068051,-0.0759872,0.0675003,-0.000910294,2.55291,1.96248,0.7,0.0,-1,942.478,48.906,42.0,-1.0,"[-1.0, -1.0, -1.0, -1.0, -1.0, -1.0, -1.0, -1.0, -1.0, -1.0, -1.0, -1.0, -1.0, -1.0, -1.0, -1.0, -1.0, -1.0, -1.0]"
2025-05-07 20:44:43.085920,-0.0884561,0.0665608,-0.00105345,2.55289,1.96241,0.7,0.0,-1,942.478,48.926,42.0,-1.0,"[-1.0, -1.0, -1.0, -1.0, -1.0, -1.0, -1.0, -1.0, -1.0, -1.0, -1.0, -1.0, -1.0, -1.0, -1.0, -1.0, -1.0, -1.0, -1.0]"
2025-05-07 20:44:43.107786,-0.153649,0.0552849,-0.00107917,2.55293,1.96221,0.7,0.0,-1,942.478,48.946,42.0,-1.0,"[-1.0, -1.0, -1.0, -1.0, -1.0, -1.0, -1.0, -1.0, -1.0, -1.0, -1.0, -1.0, -1.0, -1.0, -1.0, -1.0, -1.0, -1.0, -1.0]"
2025-05-07 20:44:43.126648,-0.0979183,0.0867317,-0.00103168,2.55289,1.9621,0.7,0.0,-1,942.478,48.966,42.0,-1.0,"[-1.0, -1.0, -1.0, -1.0, -1.0, -1.0, -1.0, -1.0, -1.0, -1.0, -1.0, -1.0, -1.0, -1.0, -1.0, -1.0, -1.0, -1.0, -1.0]"
2025-05-07 20:44:43.147800,-0.147249,0.0611577,-0.000958092,2.55293,1.96186,0.7,0.0,-1,942.478,48.986,42.0,-1.0,"[-1.0, -1.0, -1.0, -1.0, -1.0, -1.0, -1.0, -1.0, -1.0, -1.0, -1.0, -1.0, -1.0, -1.0, -1.0, -1.0, -1.0, -1.0, -1.0]"
2025-05-07 20:44:43.164932,-0.0985621,0.0878263,-0.000749271,2.55289,1.96174,0.7,0.0,-1,942.478,49.006,42.0,-1.0,"[-1.0, -1.0, -1.0, -1.0, -1.0, -1.0, -1.0, -1.0, -1.0, -1.0, -1.0, -1.0, -1.0, -1.0, -1.0, -1.0, -1.0, -1.0, -1.0]"
2025-05-07 20:44:43.186837,-0.146918,0.0622868,-0.000592013,2.55293,1.96149,0.7,0.0,-1,942.478,49.026,42.0,-1.0,"[-1.0, -1.0, -1.0, -1.0, -1.0, -1.0, -1.0, -1.0, -1.0, -1.0, -1.0, -1.0, -1.0, -1.0, -1.0, -1.0, -1.0, -1.0, -1.0]"
2025-05-07 20:44:43.208234,-0.0989796,0.0895195,-0.000410653,2.55289,1.96137,0.7,0.0,-1,942.478,49.046,42.0,-1.0,"[-1.0, -1.0, -1.0, -1.0, -1.0, -1.0, -1.0, -1.0, -1.0, -1.0, -1.0, -1.0, -1.0, -1.0, -1.0, -1.0, -1.0, -1.0, -1.0]"
2025-05-07 20:44:43.227343,-0.147153,0.0633884,-0.000220918,2.55293,1.96113,0.7,0.0,-1,942.478,49.066,42.0,-1.0,"[-1.0, -1.0, -1.0, -1.0, -1.0, -1.0, -1.0, -1.0, -1.0, -1.0, -1.0, -1.0, -1.0, -1.0, -1.0, -1.0, -1.0, -1.0, -1.0]"
2025-05-07 20:44:43.245569,-0.0993277,0.090647,-0.000123542,2.55289,1.961,0.7,0.0,-1,942.478,49.086,42.0,-1.0,"[-1.0, -1.0, -1.0, -1.0, -1.0, -1.0, -1.0, -1.0, -1.0, -1.0, -1.0, -1.0, -1.0, -1.0, -1.0, -1.0, -1.0, -1.0, -1.0]"
2025-05-07 20:44:43.267796,-0.147347,0.0642495,-7.65967e-05,2.55293,1.96076,0.7,0.0,-1,942.478,49.106,42.0,-1.0,"[-1.0, -1.0, -1.0, -1.0, -1.0, -1.0, -1.0, -1.0, -1.0, -1.0, -1.0, -1.0, -1.0, -1.0, -1.0, -1.0, -1.0, -1.0, -1.0]"
2025-05-07 20:44:43.285890,-0.0995863,0.0914997,1.36297e-05,2.55289,1.96063,0.7,0.0,-1,942.478,49.126,42.0,-1.0,"[-1.0, -1.0, -1.0, -1.0, -1.0, -1.0, -1.0, -1.0, -1.0, -1.0, -1.0, -1.0, -1.0, -1.0, -1.0, -1.0, -1.0, -1.0, -1.0]"
2025-05-07 20:44:43.304787,-0.147505,0.0649332,7.79791e-05,2.55293,1.96039,0.7,0.0,-1,942.478,49.146,42.0,-1.0,"[-1.0, -1.0, -1.0, -1.0, -1.0, -1.0, -1.0, -1.0, -1.0, -1.0, -1.0, -1.0, -1.0, -1.0, -1.0, -1.0, -1.0, -1.0, -1.0]"
2025-05-07 20:44:43.329441,-0.0996914,0.0920253,0.000154518,2.55289,1.96026,0.7,0.0,-1,942.478,49.166,42.0,-1.0,"[-1.0, -1.0, -1.0, -1.0, -1.0, -1.0, -1.0, -1.0, -1.0, -1.0, -1.0, -1.0, -1.0, -1.0, -1.0, -1.0, -1.0, -1.0, -1.0]"
2025-05-07 20:44:43.346915,-0.156865,0.0635152,0.000161785,2.55293,1.96002,0.7,0.0,-1,942.478,49.186,42.0,-1.0,"[-1.0, -1.0, -1.0, -1.0, -1.0, -1.0, -1.0, -1.0, -1.0, -1.0, -1.0, -1.0, -1.0, -1.0, -1.0, -1.0, -1.0, -1.0, -1.0]"
2025-05-07 20:44:43.368440,-0.0978302,0.0970466,0.000174738,2.55291,1.95988,0.7,0.0,-1,942.478,49.206,42.0,-1.0,"[-1.0, -1.0, -1.0, -1.0, -1.0, -1.0, -1.0, -1.0, -1.0, -1.0, -1.0, -1.0, -1.0, -1.0, -1.0, -1.0, -1.0, -1.0, -1.0]"
2025-05-07 20:44:43.387626,-0.165541,0.0665348,0.000180227,2.55296,1.95962,0.7,0.0,-1,942.478,49.226,42.0,-1.0,"[-1.0, -1.0, -1.0, -1.0, -1.0, -1.0, -1.0, -1.0, -1.0, -1.0, -1.0, -1.0, -1.0, -1.0, -1.0, -1.0, -1.0, -1.0, -1.0]"
2025-05-07 20:44:43.407336,-0.101632,0.0950774,0.000151543,2.55291,1.95949,0.7,0.0,-1,942.478,49.246,42.0,-1.0,"[-1.0, -1.0, -1.0, -1.0, -1.0, -1.0, -1.0, -1.0, -1.0, -1.0, -1.0, -1.0, -1.0, -1.0, -1.0, -1.0, -1.0, -1.0, -1.0]"
2025-05-07 20:44:43.425993,-0.149565,0.0661448,0.000106702,2.55296,1.95923,0.7,0.0,-1,942.478,49.266,42.0,-1.0,"[-1.0, -1.0, -1.0, -1.0, -1.0, -1.0, -1.0, -1.0, -1.0, -1.0, -1.0, -1.0, -1.0, -1.0, -1.0, -1.0, -1.0, -1.0, -1.0]"
2025-05-07 20:44:43.446420,-0.100017,0.092745,8.35158e-05,2.55291,1.9591,0.7,0.0,-1,942.478,49.286,42.0,-1.0,"[-1.0, -1.0, -1.0, -1.0, -1.0, -1.0, -1.0, -1.0, -1.0, -1.0, -1.0, -1.0, -1.0, -1.0, -1.0, -1.0, -1.0, -1.0, -1.0]"
2025-05-07 20:44:43.466943,-0.147996,0.0655035,1.75607e-05,2.55296,1.95885,0.7,0.0,-1,942.478,49.306,42.0,-1.0,"[-1.0, -1.0, -1.0, -1.0, -1.0, -1.0, -1.0, -1.0, -1.0, -1.0, -1.0, -1.0, -1.0, -1.0, -1.0, -1.0, -1.0, -1.0, -1.0]"
2025-05-07 20:44:43.488082,-0.0995876,0.0923544,-1.91869e-05,2.55291,1.95872,0.7,0.0,-1,942.478,49.326,42.0,-1.0,"[-1.0, -1.0, -1.0, -1.0, -1.0, -1.0, -1.0, -1.0, -1.0, -1.0, -1.0, -1.0, -1.0, -1.0, -1.0, -1.0, -1.0, -1.0, -1.0]"
2025-05-07 20:44:43.508453,-0.156693,0.0635522,-0.000124612,2.55296,1.95848,0.7,0.0,-1,942.478,49.346,42.0,-1.0,"[-1.0, -1.0, -1.0, -1.0, -1.0, -1.0, -1.0, -1.0, -1.0, -1.0, -1.0, -1.0, -1.0, -1.0, -1.0, -1.0, -1.0, -1.0, -1.0]"
2025-05-07 20:44:43.526076,-0.100107,0.0934563,-0.000174158,2.55291,1.95834,0.7,0.0,-1,942.478,49.366,42.0,-1.0,"[-1.0, -1.0, -1.0, -1.0, -1.0, -1.0, -1.0, -1.0, -1.0, -1.0, -1.0, -1.0, -1.0, -1.0, -1.0, -1.0, -1.0, -1.0, -1.0]"
2025-05-07 20:44:43.545263,-0.157001,0.0641593,-0.000245961,2.55296,1.9581,0.7,0.0,-1,942.478,49.386,42.0,-1.0,"[-1.0, -1.0, -1.0, -1.0, -1.0, -1.0, -1.0, -1.0, -1.0, -1.0, -1.0, -1.0, -1.0, -1.0, -1.0, -1.0, -1.0, -1.0, -1.0]"
2025-05-07 20:44:43.568195,-0.100156,0.093643,-0.000201975,2.55291,1.95797,0.7,0.0,-1,942.478,49.406,42.0,-1.0,"[-1.0, -1.0, -1.0, -1.0, -1.0, -1.0, -1.0, -1.0, -1.0, -1.0, -1.0, -1.0, -1.0, -1.0, -1.0, -1.0, -1.0, -1.0, -1.0]"
2025-05-07 20:44:43.584726,-0.156945,0.0642496,-0.000232335,2.55296,1.95773,0.7,0.0,-1,942.478,49.426,42.0,-1.0,"[-1.0, -1.0, -1.0, -1.0, -1.0, -1.0, -1.0, -1.0, -1.0, -1.0, -1.0, -1.0, -1.0, -1.0, -1.0, -1.0, -1.0, -1.0, -1.0]"
2025-05-07 20:44:43.609206,-0.100085,0.0936533,-0.0001989,2.55291,1.95759,0.7,0.0,-1,942.478,49.446,42.0,-1.0,"[-1.0, -1.0, -1.0, -1.0, -1.0, -1.0, -1.0, -1.0, -1.0, -1.0, -1.0, -1.0, -1.0, -1.0, -1.0, -1.0, -1.0, -1.0, -1.0]"
2025-05-07 20:44:43.627445,-0.156705,0.0642457,-0.000201884,2.55296,1.95736,0.7,0.0,-1,942.478,49.466,42.0,-1.0,"[-1.0, -1.0, -1.0, -1.0, -1.0, -1.0, -1.0, -1.0, -1.0, -1.0, -1.0, -1.0, -1.0, -1.0, -1.0, -1.0, -1.0, -1.0, -1.0]"
2025-05-07 20:44:43.645821,-0.122171,0.0844372,-0.000196562,2.55293,1.95722,0.7,0.0,-1,942.478,49.486,42.0,-1.0,"[-1.0, -1.0, -1.0, -1.0, -1.0, -1.0, -1.0, -1.0, -1.0, -1.0, -1.0, -1.0, -1.0, -1.0, -1.0, -1.0, -1.0, -1.0, -1.0]"
2025-05-07 20:44:43.668230,-0.0951094,0.0939827,-0.000229853,2.55296,1.95698,0.7,0.0,-1,942.478,49.506,42.0,-1.0,"[-1.0, -1.0, -1.0, -1.0, -1.0, -1.0, -1.0, -1.0, -1.0, -1.0, -1.0, -1.0, -1.0, -1.0, -1.0, -1.0, -1.0, -1.0, -1.0]"
2025-05-07 20:44:43.686469,-0.0975607,0.089632,-0.000193976,2.55293,1.95684,0.7,0.0,-1,942.478,49.526,42.0,-1.0,"[-1.0, -1.0, -1.0, -1.0, -1.0, -1.0, -1.0, -1.0, -1.0, -1.0, -1.0, -1.0, -1.0, -1.0, -1.0, -1.0, -1.0, -1.0, -1.0]"
2025-05-07 20:44:43.706001,-0.155984,0.061992,-0.000216293,2.55298,1.95659,0.7,0.0,-1,942.478,49.546,42.0,-1.0,"[-1.0, -1.0, -1.0, -1.0, -1.0, -1.0, -1.0, -1.0, -1.0, -1.0, -1.0, -1.0, -1.0, -1.0, -1.0, -1.0, -1.0, -1.0, -1.0]"
2025-05-07 20:44:43.726754,-0.0994804,0.0923169,-0.000201898,2.55293,1.95645,0.7,0.0,-1,942.478,49.566,42.0,-1.0,"[-1.0, -1.0, -1.0, -1.0, -1.0, -1.0, -1.0, -1.0, -1.0, -1.0, -1.0, -1.0, -1.0, -1.0, -1.0, -1.0, -1.0, -1.0, -1.0]"
2025-05-07 20:44:43.744653,-0.156332,0.0634541,-0.000235766,2.55298,1.95621,0.7,0.0,-1,942.478,49.586,42.0,-1.0,"[-1.0, -1.0, -1.0, -1.0, -1.0, -1.0, -1.0, -1.0, -1.0, -1.0, -1.0, -1.0, -1.0, -1.0, -1.0, -1.0, -1.0, -1.0, -1.0]"
2025-05-07 20:44:43.765822,-0.099586,0.0930295,-0.000189928,2.55293,1.95608,0.7,0.0,-1,942.478,49.606,42.0,-1.0,"[-1.0, -1.0, -1.0, -1.0, -1.0, -1.0, -1.0, -1.0, -1.0, -1.0, -1.0, -1.0, -1.0, -1.0, -1.0, -1.0, -1.0, -1.0, -1.0]"
2025-05-07 20:44:43.785621,-0.156224,0.0638654,-0.000216842,2.55298,1.95584,0.7,0.0,-1,942.478,49.626,42.0,-1.0,"[-1.0, -1.0, -1.0, -1.0, -1.0, -1.0, -1.0, -1.0, -1.0, -1.0, -1.0, -1.0, -1.0, -1.0, -1.0, -1.0, -1.0, -1.0, -1.0]"
2025-05-07 20:44:43.804758,-0.099489,0.0931409,-0.000197632,2.55293,1.9557,0.7,0.0,-1,942.478,49.646,42.0,-1.0,"[-1.0, -1.0, -1.0, -1.0, -1.0, -1.0, -1.0, -1.0, -1.0, -1.0, -1.0, -1.0, -1.0, -1.0, -1.0, -1.0, -1.0, -1.0, -1.0]"
2025-05-07 20:44:43.825242,-0.156099,0.0640332,-0.000205405,2.55298,1.95547,0.7,0.0,-1,942.478,49.666,42.0,-1.0,"[-1.0, -1.0, -1.0, -1.0, -1.0, -1.0, -1.0, -1.0, -1.0, -1.0, -1.0, -1.0, -1.0, -1.0, -1.0, -1.0, -1.0, -1.0, -1.0]"
2025-05-07 20:44:43.845034,-0.0994385,0.0931321,-0.000178164,2.55293,1.95533,0.7,0.0,-1,942.478,49.686,42.0,-1.0,"[-1.0, -1.0, -1.0, -1.0, -1.0, -1.0, -1.0, -1.0, -1.0, -1.0, -1.0, -1.0, -1.0, -1.0, -1.0, -1.0, -1.0, -1.0, -1.0]"
2025-05-07 20:44:43.867290,-0.155925,0.0640806,-0.000212541,2.55298,1.95509,0.7,0.0,-1,942.478,49.706,42.0,-1.0,"[-1.0, -1.0, -1.0, -1.0, -1.0, -1.0, -1.0, -1.0, -1.0, -1.0, -1.0, -1.0, -1.0, -1.0, -1.0, -1.0, -1.0, -1.0, -1.0]"
2025-05-07 20:44:43.885738,-0.099299,0.0930677,-0.00020062,2.55293,1.95496,0.7,0.0,-1,942.478,49.726,42.0,-1.0,"[-1.0, -1.0, -1.0, -1.0, -1.0, -1.0, -1.0, -1.0, -1.0, -1.0, -1.0, -1.0, -1.0, -1.0, -1.0, -1.0, -1.0, -1.0, -1.0]"
2025-05-07 20:44:43.908813,-0.164207,0.0658526,-0.00021237,2.55298,1.95472,0.7,0.0,-1,942.478,49.746,42.0,-1.0,"[-1.0, -1.0, -1.0, -1.0, -1.0, -1.0, -1.0, -1.0, -1.0, -1.0, -1.0, -1.0, -1.0, -1.0, -1.0, -1.0, -1.0, -1.0, -1.0]"
2025-05-07 20:44:43.926345,-0.0985077,0.0976872,-0.000194523,2.55296,1.95458,0.7,0.0,-1,942.478,49.766,42.0,-1.0,"[-1.0, -1.0, -1.0, -1.0, -1.0, -1.0, -1.0, -1.0, -1.0, -1.0, -1.0, -1.0, -1.0, -1.0, -1.0, -1.0, -1.0, -1.0, -1.0]"
2025-05-07 20:44:43.946949,-0.14949,0.0659789,-0.000222792,2.553,1.95432,0.7,0.0,-1,942.478,49.786,42.0,-1.0,"[-1.0, -1.0, -1.0, -1.0, -1.0, -1.0, -1.0, -1.0, -1.0, -1.0, -1.0, -1.0, -1.0, -1.0, -1.0, -1.0, -1.0, -1.0, -1.0]"
2025-05-07 20:44:43.965981,-0.0988786,0.0919269,-0.000188913,2.55296,1.95418,0.7,0.0,-1,942.478,49.806,42.0,-1.0,"[-1.0, -1.0, -1.0, -1.0, -1.0, -1.0, -1.0, -1.0, -1.0, -1.0, -1.0, -1.0, -1.0, -1.0, -1.0, -1.0, -1.0, -1.0, -1.0]"
2025-05-07 20:44:43.984724,-0.15559,0.0631484,-0.000200504,2.553,1.95394,0.7,0.0,-1,942.478,49.826,42.0,-1.0,"[-1.0, -1.0, -1.0, -1.0, -1.0, -1.0, -1.0, -1.0, -1.0, -1.0, -1.0, -1.0, -1.0, -1.0, -1.0, -1.0, -1.0, -1.0, -1.0]"
2025-05-07 20:44:44.009104,-0.0988924,0.0924306,-0.000196143,2.55296,1.95381,0.7,0.0,-1,942.478,49.846,42.0,-1.0,"[-1.0, -1.0, -1.0, -1.0, -1.0, -1.0, -1.0, -1.0, -1.0, -1.0, -1.0, -1.0, -1.0, -1.0, -1.0, -1.0, -1.0, -1.0, -1.0]"
2025-05-07 20:44:44.028700,-0.155393,0.0633833,-0.000235088,2.553,1.95357,0.7,0.0,-1,942.478,49.866,42.0,-1.0,"[-1.0, -1.0, -1.0, -1.0, -1.0, -1.0, -1.0, -1.0, -1.0, -1.0, -1.0, -1.0, -1.0, -1.0, -1.0, -1.0, -1.0, -1.0, -1.0]"
2025-05-07 20:44:44.045813,-0.0988409,0.0923961,-0.00019163,2.55296,1.95344,0.7,0.0,-1,942.478,49.886,42.0,-1.0,"[-1.0, -1.0, -1.0, -1.0, -1.0, -1.0, -1.0, -1.0, -1.0, -1.0, -1.0, -1.0, -1.0, -1.0, -1.0, -1.0, -1.0, -1.0, -1.0]"
2025-05-07 20:44:44.067239,-0.155287,0.0634215,-0.000236606,2.553,1.9532,0.7,0.0,-1,942.478,49.906,42.0,-1.0,"[-1.0, -1.0, -1.0, -1.0, -1.0, -1.0, -1.0, -1.0, -1.0, -1.0, -1.0, -1.0, -1.0, -1.0, -1.0, -1.0, -1.0, -1.0, -1.0]"
2025-05-07 20:44:44.088401,-0.0987568,0.0923984,-0.000199667,2.55296,1.95307,0.7,0.0,-1,942.478,49.926,42.0,-1.0,"[-1.0, -1.0, -1.0, -1.0, -1.0, -1.0, -1.0, -1.0, -1.0, -1.0, -1.0, -1.0, -1.0, -1.0, -1.0, -1.0, -1.0, -1.0, -1.0]"
2025-05-07 20:44:44.104885,-0.16392,0.0652431,-0.000211029,2.553,1.95283,0.7,0.0,-1,942.478,49.946,42.0,-1.0,"[-1.0, -1.0, -1.0, -1.0, -1.0, -1.0, -1.0, -1.0, -1.0, -1.0, -1.0, -1.0, -1.0, -1.0, -1.0, -1.0, -1.0, -1.0, -1.0]"
2025-05-07 20:44:44.127243,-0.0997855,0.0936235,-0.000200942,2.55296,1.95269,0.7,0.0,-1,942.478,49.966,42.0,-1.0,"[-1.0, -1.0, -1.0, -1.0, -1.0, -1.0, -1.0, -1.0, -1.0, -1.0, -1.0, -1.0, -1.0, -1.0, -1.0, -1.0, -1.0, -1.0, -1.0]"
2025-05-07 20:44:44.145208,-0.148251,0.0647537,-0.00022242,2.553,1.95244,0.7,0.0,-1,942.478,49.986,42.0,-1.0,"[-1.0, -1.0, -1.0, -1.0, -1.0, -1.0, -1.0, -1.0, -1.0, -1.0, -1.0, -1.0, -1.0, -1.0, -1.0, -1.0, -1.0, -1.0, -1.0]"
2025-05-07 20:44:44.165187,-0.0956806,0.0905301,-0.000194948,2.55298,1.95231,0.7,0.0,-1,942.478,50.006,42.0,-1.0,"[-1.0, -1.0, -1.0, -1.0, -1.0, -1.0, -1.0, -1.0, -1.0, -1.0, -1.0, -1.0, -1.0, -1.0, -1.0, -1.0, -1.0, -1.0, -1.0]"
2025-05-07 20:44:44.189061,-0.159957,0.0683359,-0.000224864,2.55302,1.95211,0.7,0.0,-1,942.478,50.026,42.0,-1.0,"[-1.0, -1.0, -1.0, -1.0, -1.0, -1.0, -1.0, -1.0, -1.0, -1.0, -1.0, -1.0, -1.0, -1.0, -1.0, -1.0, -1.0, -1.0, -1.0]"
2025-05-07 20:44:44.204916,-0.103363,0.0992554,-0.000202215,2.55298,1.95197,0.7,0.0,-1,942.478,50.046,42.0,-1.0,"[-1.0, -1.0, -1.0, -1.0, -1.0, -1.0, -1.0, -1.0, -1.0, -1.0, -1.0, -1.0, -1.0, -1.0, -1.0, -1.0, -1.0, -1.0, -1.0]"
2025-05-07 20:44:44.224849,-0.163787,0.0775039,-0.000229631,2.55302,1.95178,0.7,0.0,-1,942.478,50.066,42.0,-1.0,"[-1.0, -1.0, -1.0, -1.0, -1.0, -1.0, -1.0, -1.0, -1.0, -1.0, -1.0, -1.0, -1.0, -1.0, -1.0, -1.0, -1.0, -1.0, -1.0]"
2025-05-07 20:44:44.247140,-0.102654,0.0958272,-0.000198251,2.55298,1.95166,0.7,0.0,-1,942.478,50.086,42.0,-1.0,"[-1.0, -1.0, -1.0, -1.0, -1.0, -1.0, -1.0, -1.0, -1.0, -1.0, -1.0, -1.0, -1.0, -1.0, -1.0, -1.0, -1.0, -1.0, -1.0]"
2025-05-07 20:44:44.267830,-0.0995987,0.0901582,-0.000222046,2.553,1.95142,0.7,0.0,-1,942.478,50.106,42.0,-1.0,"[-1.0, -1.0, -1.0, -1.0, -1.0, -1.0, -1.0, -1.0, -1.0, -1.0, -1.0, -1.0, -1.0, -1.0, -1.0, -1.0, -1.0, -1.0, -1.0]"
2025-05-07 20:44:44.288099,-0.0962147,0.0896117,-0.000197311,2.55298,1.95128,0.7,0.0,-1,942.478,50.126,42.0,-1.0,"[-1.0, -1.0, -1.0, -1.0, -1.0, -1.0, -1.0, -1.0, -1.0, -1.0, -1.0, -1.0, -1.0, -1.0, -1.0, -1.0, -1.0, -1.0, -1.0]"
2025-05-07 20:44:44.305953,-0.162574,0.0637128,-0.000206457,2.55302,1.95105,0.7,0.0,-1,942.478,50.146,42.0,-1.0,"[-1.0, -1.0, -1.0, -1.0, -1.0, -1.0, -1.0, -1.0, -1.0, -1.0, -1.0, -1.0, -1.0, -1.0, -1.0, -1.0, -1.0, -1.0, -1.0]"
2025-05-07 20:44:44.325959,-0.0988719,0.0924081,-0.000200581,2.55298,1.95091,0.7,0.0,-1,942.478,50.166,42.0,-1.0,"[-1.0, -1.0, -1.0, -1.0, -1.0, -1.0, -1.0, -1.0, -1.0, -1.0, -1.0, -1.0, -1.0, -1.0, -1.0, -1.0, -1.0, -1.0, -1.0]"
2025-05-07 20:44:44.345698,-0.155901,0.0625115,-0.00020222,2.55302,1.95067,0.7,0.0,-1,942.478,50.186,42.0,-1.0,"[-1.0, -1.0, -1.0, -1.0, -1.0, -1.0, -1.0, -1.0, -1.0, -1.0, -1.0, -1.0, -1.0, -1.0, -1.0, -1.0, -1.0, -1.0, -1.0]"
2025-05-07 20:44:44.366890,-0.13209,0.078458,-0.000187261,2.55302,1.95054,0.7,0.0,-1,942.478,50.206,42.0,-1.0,"[-1.0, -1.0, -1.0, -1.0, -1.0, -1.0, -1.0, -1.0, -1.0, -1.0, -1.0, -1.0, -1.0, -1.0, -1.0, -1.0, -1.0, -1.0, -1.0]"
2025-05-07 20:44:44.386692,-0.12157,0.0900169,-0.000228023,2.55302,1.95028,0.7,0.0,-1,942.478,50.226,42.0,-1.0,"[-1.0, -1.0, -1.0, -1.0, -1.0, -1.0, -1.0, -1.0, -1.0, -1.0, -1.0, -1.0, -1.0, -1.0, -1.0, -1.0, -1.0, -1.0, -1.0]"
2025-05-07 20:44:44.408764,-0.0996675,0.0942102,-0.000193644,2.553,1.95014,0.7,0.0,-1,942.478,50.246,42.0,-1.0,"[-1.0, -1.0, -1.0, -1.0, -1.0, -1.0, -1.0, -1.0, -1.0, -1.0, -1.0, -1.0, -1.0, -1.0, -1.0, -1.0, -1.0, -1.0, -1.0]"
2025-05-07 20:44:44.425875,-0.148194,0.0649001,-0.000222064,2.55305,1.94989,0.7,0.0,-1,942.478,50.266,42.0,-1.0,"[-1.0, -1.0, -1.0, -1.0, -1.0, -1.0, -1.0, -1.0, -1.0, -1.0, -1.0, -1.0, -1.0, -1.0, -1.0, -1.0, -1.0, -1.0, -1.0]"
2025-05-07 20:44:44.447560,-0.0975946,0.0908056,-0.000191465,2.553,1.94976,0.7,0.0,-1,942.478,50.286,42.0,-1.0,"[-1.0, -1.0, -1.0, -1.0, -1.0, -1.0, -1.0, -1.0, -1.0, -1.0, -1.0, -1.0, -1.0, -1.0, -1.0, -1.0, -1.0, -1.0, -1.0]"
2025-05-07 20:44:44.467739,-0.153932,0.062274,-0.00021939,2.55305,1.94952,0.7,0.0,-1,942.478,50.306,42.0,-1.0,"[-1.0, -1.0, -1.0, -1.0, -1.0, -1.0, -1.0, -1.0, -1.0, -1.0, -1.0, -1.0, -1.0, -1.0, -1.0, -1.0, -1.0, -1.0, -1.0]"
2025-05-07 20:44:44.486485,-0.0976395,0.0911523,-0.000188691,2.553,1.94939,0.7,0.0,-1,942.478,50.326,42.0,-1.0,"[-1.0, -1.0, -1.0, -1.0, -1.0, -1.0, -1.0, -1.0, -1.0, -1.0, -1.0, -1.0, -1.0, -1.0, -1.0, -1.0, -1.0, -1.0, -1.0]"
2025-05-07 20:44:44.508776,-0.0930124,0.0920375,-0.000223571,2.55302,1.94915,0.7,0.0,-1,942.478,50.346,42.0,-1.0,"[-1.0, -1.0, -1.0, -1.0, -1.0, -1.0, -1.0, -1.0, -1.0, -1.0, -1.0, -1.0, -1.0, -1.0, -1.0, -1.0, -1.0, -1.0, -1.0]"
2025-05-07 20:44:44.527251,-0.0956512,0.0880367,-0.000194875,2.553,1.949,0.7,0.0,-1,942.478,50.366,42.0,-1.0,"[-1.0, -1.0, -1.0, -1.0, -1.0, -1.0, -1.0, -1.0, -1.0, -1.0, -1.0, -1.0, -1.0, -1.0, -1.0, -1.0, -1.0, -1.0, -1.0]"
2025-05-07 20:44:44.547555,-0.153367,0.0606603,-0.000225259,2.55305,1.94875,0.7,0.0,-1,942.478,50.386,42.0,-1.0,"[-1.0, -1.0, -1.0, -1.0, -1.0, -1.0, -1.0, -1.0, -1.0, -1.0, -1.0, -1.0, -1.0, -1.0, -1.0, -1.0, -1.0, -1.0, -1.0]"
2025-05-07 20:44:44.565725,-0.124696,0.0820635,-0.000193594,2.55302,1.94862,0.7,0.0,-1,942.478,50.406,42.0,-1.0,"[-1.0, -1.0, -1.0, -1.0, -1.0, -1.0, -1.0, -1.0, -1.0, -1.0, -1.0, -1.0, -1.0, -1.0, -1.0, -1.0, -1.0, -1.0, -1.0]"
2025-05-07 20:44:44.586422,-0.0957609,0.0880537,-0.000214098,2.55305,1.94836,0.420957609,0.0,-1,942.478,50.426,42.0,1.0,"[-1.0, -1.0, -1.0, -1.0, -1.0, -1.0, -1.0, -1.0, -1.0, -1.0, -1.0, -1.0, -1.0, -1.0, -1.0, -1.0, -1.0, -1.0, -1.0]"
2025-05-07 20:44:44.606616,-0.0947554,0.0871535,-0.000190175,2.55302,1.94823,0.42094755399999995,0.0,-1,942.478,50.446,42.0,1.0,"[-1.0, -1.0, -1.0, -1.0, -1.0, -1.0, -1.0, -1.0, -1.0, -1.0, -1.0, -1.0, -1.0, -1.0, -1.0, -1.0, -1.0, -1.0, -1.0]"
2025-05-07 20:44:44.628201,-0.162168,0.0620032,-0.00022768,2.55307,1.94798,0.42162168,0.0,-1,942.478,50.466,42.0,1.0,"[-1.0, -1.0, -1.0, -1.0, -1.0, -1.0, -1.0, -1.0, -1.0, -1.0, -1.0, -1.0, -1.0, -1.0, -1.0, -1.0, -1.0, -1.0, -1.0]"
2025-05-07 20:44:44.648531,-0.097798,0.0909353,-0.000177302,2.55302,1.94785,0.42097798,0.0,-1,942.478,50.486,42.0,1.0,"[-1.0, -1.0, -1.0, -1.0, -1.0, -1.0, -1.0, -1.0, -1.0, -1.0, -1.0, -1.0, -1.0, -1.0, -1.0, -1.0, -1.0, -1.0, -1.0]"
2025-05-07 20:44:44.666842,-0.154677,0.0617933,-0.000218242,2.55307,1.94761,0.42154677,0.0,-1,942.478,50.506,42.0,1.0,"[-1.0, -1.0, -1.0, -1.0, -1.0, -1.0, -1.0, -1.0, -1.0, -1.0, -1.0, -1.0, -1.0, -1.0, -1.0, -1.0, -1.0, -1.0, -1.0]"
2025-05-07 20:44:44.686425,-0.0973051,0.0905521,-0.000187581,2.55302,1.94748,0.420973051,0.0,-1,942.478,50.526,42.0,1.0,"[-1.0, -1.0, -1.0, -1.0, -1.0, -1.0, -1.0, -1.0, -1.0, -1.0, -1.0, -1.0, -1.0, -1.0, -1.0, -1.0, -1.0, -1.0, -1.0]"
2025-05-07 20:44:44.705177,-0.153324,0.061992,-0.000226248,2.55307,1.94724,0.42153324,0.0,-1,942.478,50.546,42.0,1.0,"[-1.0, -1.0, -1.0, -1.0, -1.0, -1.0, -1.0, -1.0, -1.0, -1.0, -1.0, -1.0, -1.0, -1.0, -1.0, -1.0, -1.0, -1.0, -1.0]"
2025-05-07 20:44:44.725709,-0.0969783,0.0905488,-0.00019394,2.55302,1.94711,0.42096978300000004,0.0,-1,942.478,50.566,42.0,1.0,"[-1.0, -1.0, -1.0, -1.0, -1.0, -1.0, -1.0, -1.0, -1.0, -1.0, -1.0, -1.0, -1.0, -1.0, -1.0, -1.0, -1.0, -1.0, -1.0]"
2025-05-07 20:44:44.745202,-0.162856,0.0638114,-0.000214356,2.55309,1.94687,0.42162856,0.0,-1,942.478,50.586,42.0,1.0,"[-1.0, -1.0, -1.0, -1.0, -1.0, -1.0, -1.0, -1.0, -1.0, -1.0, -1.0, -1.0, -1.0, -1.0, -1.0, -1.0, -1.0, -1.0, -1.0]"
2025-05-07 20:44:44.765022,-0.0981399,0.0921282,-0.00019273,2.55305,1.94674,0.420981399,0.0,-1,942.478,50.606,42.0,1.0,"[-1.0, -1.0, -1.0, -1.0, -1.0, -1.0, -1.0, -1.0, -1.0, -1.0, -1.0, -1.0, -1.0, -1.0, -1.0, -1.0, -1.0, -1.0, -1.0]"
2025-05-07 20:44:44.784975,-0.154591,0.0621103,-0.000224832,2.55309,1.94649,0.42154591,0.0,-1,942.478,50.626,42.0,1.0,"[-1.0, -1.0, -1.0, -1.0, -1.0, -1.0, -1.0, -1.0, -1.0, -1.0, -1.0, -1.0, -1.0, -1.0, -1.0, -1.0, -1.0, -1.0, -1.0]"
2025-05-07 20:44:44.807826,-0.0970807,0.0905197,-0.00020185,2.55305,1.94636,0.420970807,0.0,-1,942.478,50.646,42.0,1.0,"[-1.0, -1.0, -1.0, -1.0, -1.0, -1.0, -1.0, -1.0, -1.0, -1.0, -1.0, -1.0, -1.0, -1.0, -1.0, -1.0, -1.0, -1.0, -1.0]"
2025-05-07 20:44:44.826001,-0.152939,0.0617994,-0.000229262,2.55309,1.94612,0.42152939000000006,0.0,-1,942.478,50.666,42.0,1.0,"[-1.0, -1.0, -1.0, -1.0, -1.0, -1.0, -1.0, -1.0, -1.0, -1.0, -1.0, -1.0, -1.0, -1.0, -1.0, -1.0, -1.0, -1.0, -1.0]"
2025-05-07 20:44:44.844591,-0.0966014,0.0901416,-0.000206658,2.55305,1.94599,0.420966014,0.0,-1,942.478,50.686,42.0,1.0,"[-1.0, -1.0, -1.0, -1.0, -1.0, -1.0, -1.0, -1.0, -1.0, -1.0, -1.0, -1.0, -1.0, -1.0, -1.0, -1.0, -1.0, -1.0, -1.0]"
2025-05-07 20:44:44.866634,-0.0920816,0.0911048,-0.00020895,2.55307,1.94576,0.420920816,0.0,-1,942.478,50.706,42.0,1.0,"[-1.0, -1.0, -1.0, -1.0, -1.0, -1.0, -1.0, -1.0, -1.0, -1.0, -1.0, -1.0, -1.0, -1.0, -1.0, -1.0, -1.0, -1.0, -1.0]"
2025-05-07 20:44:44.886194,-0.0946894,0.0870571,-0.000190202,2.55305,1.94561,0.420946894,0.0,-1,942.478,50.726,42.0,1.0,"[-1.0, -1.0, -1.0, -1.0, -1.0, -1.0, -1.0, -1.0, -1.0, -1.0, -1.0, -1.0, -1.0, -1.0, -1.0, -1.0, -1.0, -1.0, -1.0]"
2025-05-07 20:44:44.908030,-0.0920342,0.0890551,-0.000219074,2.55307,1.94536,0.420920342,0.0,-1,942.478,50.746,42.0,1.0,"[-1.0, -1.0, -1.0, -1.0, -1.0, -1.0, -1.0, -1.0, -1.0, -1.0, -1.0, -1.0, -1.0, -1.0, -1.0, -1.0, -1.0, -1.0, -1.0]"
2025-05-07 20:44:44.926369,-0.12153,0.0786163,-0.000177718,2.55307,1.94521,0.4212153,0.0,-1,942.478,50.766,42.0,1.0,"[-1.0, -1.0, -1.0, -1.0, -1.0, -1.0, -1.0, -1.0, -1.0, -1.0, -1.0, -1.0, -1.0, -1.0, -1.0, -1.0, -1.0, -1.0, -1.0]"
2025-05-07 20:44:44.946098,-0.0944845,0.0859868,-0.000240717,2.55309,1.94496,0.420944845,0.0,-1,942.478,50.786,42.0,1.0,"[-1.0, -1.0, -1.0, -1.0, -1.0, -1.0, -1.0, -1.0, -1.0, -1.0, -1.0, -1.0, -1.0, -1.0, -1.0, -1.0, -1.0, -1.0, -1.0]"
2025-05-07 20:44:44.967638,-0.0936485,0.0855763,-0.000187979,2.55307,1.94482,0.420936485,0.0,-1,942.478,50.806,42.0,1.0,"[-1.0, -1.0, -1.0, -1.0, -1.0, -1.0, -1.0, -1.0, -1.0, -1.0, -1.0, -1.0, -1.0, -1.0, -1.0, -1.0, -1.0, -1.0, -1.0]"
2025-05-07 20:44:44.989925,-0.0910269,0.0887012,-0.000226176,2.55309,1.94458,0.420910269,0.0,-1,942.478,50.826,42.0,1.0,"[-1.0, -1.0, -1.0, -1.0, -1.0, -1.0, -1.0, -1.0, -1.0, -1.0, -1.0, -1.0, -1.0, -1.0, -1.0, -1.0, -1.0, -1.0, -1.0]"
2025-05-07 20:44:45.009025,-0.172102,0.0473827,-9.16739e-05,2.55309,1.94453,0.42172102,0.0,-1,942.478,50.846,42.0,1.0,"[-1.0, -1.0, -1.0, -1.0, -1.0, -1.0, -1.0, -1.0, -1.0, -1.0, -1.0, -1.0, -1.0, -1.0, -1.0, -1.0, -1.0, -1.0, -1.0]"
2025-05-07 20:44:45.026843,-0.0752557,0.0873258,0.000173931,2.55309,1.94435,0.42075255699999997,0.0,-1,942.478,50.866,42.0,1.0,"[-1.0, -1.0, -1.0, -1.0, -1.0, -1.0, -1.0, -1.0, -1.0, -1.0, -1.0, -1.0, -1.0, -1.0, -1.0, -1.0, -1.0, -1.0, -1.0]"
2025-05-07 20:44:45.049306,-0.0506742,0.0582299,0.000592963,2.55307,1.94419,0.42050674200000004,0.0,-1,942.478,50.886,42.0,1.0,"[-1.0, -1.0, -1.0, -1.0, -1.0, -1.0, -1.0, -1.0, -1.0, -1.0, -1.0, -1.0, -1.0, -1.0, -1.0, -1.0, -1.0, -1.0, -1.0]"
2025-05-07 20:44:45.068430,-0.0693223,0.0248417,0.000941293,2.55307,1.94413,0.420693223,0.0,-1,942.478,50.906,42.0,1.0,"[-1.0, -1.0, -1.0, -1.0, -1.0, -1.0, -1.0, -1.0, -1.0, -1.0, -1.0, -1.0, -1.0, -1.0, -1.0, -1.0, -1.0, -1.0, -1.0]"
2025-05-07 20:44:45.088205,-0.0971834,0.0171449,0.00120141,2.55307,1.94418,0.420971834,0.0,-1,942.478,50.926,42.0,1.0,"[-1.0, -1.0, -1.0, -1.0, -1.0, -1.0, -1.0, -1.0, -1.0, -1.0, -1.0, -1.0, -1.0, -1.0, -1.0, -1.0, -1.0, -1.0, -1.0]"
2025-05-07 20:44:45.107212,-0.0818589,0.0422325,0.00123382,2.55307,1.9443,0.420818589,0.0,-1,942.478,50.946,42.0,1.0,"[-1.0, -1.0, -1.0, -1.0, -1.0, -1.0, -1.0, -1.0, -1.0, -1.0, -1.0, -1.0, -1.0, -1.0, -1.0, -1.0, -1.0, -1.0, -1.0]"
2025-05-07 20:44:45.127052,-0.0948123,0.0386567,0.00110071,2.55307,1.94425,0.420948123,0.0,-1,942.478,50.966,42.0,1.0,"[-1.0, -1.0, -1.0, -1.0, -1.0, -1.0, -1.0, -1.0, -1.0, -1.0, -1.0, -1.0, -1.0, -1.0, -1.0, -1.0, -1.0, -1.0, -1.0]"
2025-05-07 20:44:45.145760,-0.0607086,0.0291279,0.000830131,2.55309,1.94432,0.42060708599999996,0.0,-1,942.478,50.986,42.0,1.0,"[-1.0, -1.0, -1.0, -1.0, -1.0, -1.0, -1.0, -1.0, -1.0, -1.0, -1.0, -1.0, -1.0, -1.0, -1.0, -1.0, -1.0, -1.0, -1.0]"
2025-05-07 20:44:45.170067,-0.076399,0.0457111,0.000592866,2.55307,1.94442,0.42076399000000003,0.0,-1,942.478,51.006,42.0,1.0,"[-1.0, -1.0, -1.0, -1.0, -1.0, -1.0, -1.0, -1.0, -1.0, -1.0, -1.0, -1.0, -1.0, -1.0, -1.0, -1.0, -1.0, -1.0, -1.0]"
2025-05-07 20:44:45.187662,-0.0478045,0.0419746,0.000269105,2.55307,1.94441,0.42047804499999997,0.0,-1,942.478,51.026,42.0,1.0,"[-1.0, -1.0, -1.0, -1.0, -1.0, -1.0, -1.0, -1.0, -1.0, -1.0, -1.0, -1.0, -1.0, -1.0, -1.0, -1.0, -1.0, -1.0, -1.0]"
2025-05-07 20:44:45.206281,-0.143069,0.00777387,6.23756e-05,2.55309,1.94446,0.42143069,0.0,-1,942.478,51.046,42.0,1.0,"[-1.0, -1.0, -1.0, -1.0, -1.0, -1.0, -1.0, -1.0, -1.0, -1.0, -1.0, -1.0, -1.0, -1.0, -1.0, -1.0, -1.0, -1.0, -1.0]"
2025-05-07 20:44:45.226407,-0.122271,0.0289279,-0.000174923,2.55309,1.94451,0.42122271,0.0,-1,942.478,51.066,42.0,1.0,"[-1.0, -1.0, -1.0, -1.0, -1.0, -1.0, -1.0, -1.0, -1.0, -1.0, -1.0, -1.0, -1.0, -1.0, -1.0, -1.0, -1.0, -1.0, -1.0]"
2025-05-07 20:44:45.246107,-0.0466736,0.0613635,-0.000270068,2.55307,1.94447,0.420466736,0.0,-1,942.478,51.086,42.0,1.0,"[-1.0, -1.0, -1.0, -1.0, -1.0, -1.0, -1.0, -1.0, -1.0, -1.0, -1.0, -1.0, -1.0, -1.0, -1.0, -1.0, -1.0, -1.0, -1.0]"
2025-05-07 20:44:45.265807,-0.0638997,0.018872,-0.000257826,2.55307,1.94446,0.420638997,0.0,-1,942.478,51.106,42.0,1.0,"[-1.0, -1.0, -1.0, -1.0, -1.0, -1.0, -1.0, -1.0, -1.0, -1.0, -1.0, -1.0, -1.0, -1.0, -1.0, -1.0, -1.0, -1.0, -1.0]"
2025-05-07 20:44:45.287581,-0.0769393,0.0273092,-0.000164527,2.55307,1.94459,0.420769393,0.0,-1,942.478,51.126,42.0,1.0,"[-1.0, -1.0, -1.0, -1.0, -1.0, -1.0, -1.0, -1.0, -1.0, -1.0, -1.0, -1.0, -1.0, -1.0, -1.0, -1.0, -1.0, -1.0, -1.0]"
2025-05-07 20:44:45.311474,-0.0658963,0.0555985,-0.000282197,2.55309,1.94456,0.420658963,0.0,-1,942.478,51.146,42.0,1.0,"[-1.0, -1.0, -1.0, -1.0, -1.0, -1.0, -1.0, -1.0, -1.0, -1.0, -1.0, -1.0, -1.0, -1.0, -1.0, -1.0, -1.0, -1.0, -1.0]"
2025-05-07 20:44:45.329803,-0.0679028,0.0350551,-0.000203546,2.55307,1.94452,0.420679028,0.0,-1,942.478,51.166,42.0,1.0,"[-1.0, -1.0, -1.0, -1.0, -1.0, -1.0, -1.0, -1.0, -1.0, -1.0, -1.0, -1.0, -1.0, -1.0, -1.0, -1.0, -1.0, -1.0, -1.0]"
2025-05-07 20:44:45.345126,-0.0381573,0.0257052,-0.000197263,2.55307,1.94457,0.420381573,0.0,-1,942.478,51.186,42.0,1.0,"[-1.0, -1.0, -1.0, -1.0, -1.0, -1.0, -1.0, -1.0, -1.0, -1.0, -1.0, -1.0, -1.0, -1.0, -1.0, -1.0, -1.0, -1.0, -1.0]"
2025-05-07 20:44:45.364993,-0.154279,0.0451949,-0.000185327,2.55309,1.94459,0.42154279,0.0,-1,942.478,51.206,42.0,1.0,"[-1.0, -1.0, -1.0, -1.0, -1.0, -1.0, -1.0, -1.0, -1.0, -1.0, -1.0, -1.0, -1.0, -1.0, -1.0, -1.0, -1.0, -1.0, -1.0]"
2025-05-07 20:44:45.388681,-0.129028,0.0211559,-0.000221537,2.55311,1.94455,0.42129027999999996,0.0,-1,942.478,51.226,42.0,1.0,"[-1.0, -1.0, -1.0, -1.0, -1.0, -1.0, -1.0, -1.0, -1.0, -1.0, -1.0, -1.0, -1.0, -1.0, -1.0, -1.0, -1.0, -1.0, -1.0]"
2025-05-07 20:44:45.408490,-0.037015,0.0286555,-0.000183826,2.55307,1.94469,0.42037014999999994,0.0,-1,942.478,51.246,42.0,1.0,"[-1.0, -1.0, -1.0, -1.0, -1.0, -1.0, -1.0, -1.0, -1.0, -1.0, -1.0, -1.0, -1.0, -1.0, -1.0, -1.0, -1.0, -1.0, -1.0]"
2025-05-07 20:44:45.429242,-0.075564,0.0365372,-0.000184098,2.55307,1.9447,0.42075564,0.0,-1,942.478,51.266,42.0,1.0,"[-1.0, -1.0, -1.0, -1.0, -1.0, -1.0, -1.0, -1.0, -1.0, -1.0, -1.0, -1.0, -1.0, -1.0, -1.0, -1.0, -1.0, -1.0, -1.0]"
2025-05-07 20:44:45.445893,-0.0938871,0.0336305,-0.000139176,2.55307,1.94463,0.42093887100000005,0.0,-1,942.478,51.286,42.0,1.0,"[-1.0, -1.0, -1.0, -1.0, -1.0, -1.0, -1.0, -1.0, -1.0, -1.0, -1.0, -1.0, -1.0, -1.0, -1.0, -1.0, -1.0, -1.0, -1.0]"
2025-05-07 20:44:45.466178,-0.0583463,0.0236006,-0.000224951,2.55309,1.94469,0.420583463,0.0,-1,942.478,51.306,42.0,1.0,"[-1.0, -1.0, -1.0, -1.0, -1.0, -1.0, -1.0, -1.0, -1.0, -1.0, -1.0, -1.0, -1.0, -1.0, -1.0, -1.0, -1.0, -1.0, -1.0]"
2025-05-07 20:44:45.487374,-0.0755001,0.0452261,-0.000158368,2.55307,1.94479,0.420755001,0.0,-1,942.478,51.326,42.0,1.0,"[-1.0, -1.0, -1.0, -1.0, -1.0, -1.0, -1.0, -1.0, -1.0, -1.0, -1.0, -1.0, -1.0, -1.0, -1.0, -1.0, -1.0, -1.0, -1.0]"
2025-05-07 20:44:45.507747,-0.0481787,0.0408161,-0.000202919,2.55307,1.94477,0.420481787,0.0,-1,942.478,51.346,42.0,1.0,"[-1.0, -1.0, -1.0, -1.0, -1.0, -1.0, -1.0, -1.0, -1.0, -1.0, -1.0, -1.0, -1.0, -1.0, -1.0, -1.0, -1.0, -1.0, -1.0]"
2025-05-07 20:44:45.528751,-0.14229,0.00452505,-0.000170462,2.55309,1.94482,0.42142290000000004,0.0,-1,942.478,51.366,42.0,1.0,"[-1.0, -1.0, -1.0, -1.0, -1.0, -1.0, -1.0, -1.0, -1.0, -1.0, -1.0, -1.0, -1.0, -1.0, -1.0, -1.0, -1.0, -1.0, -1.0]"
2025-05-07 20:44:45.548129,-0.121365,0.0280327,-0.000162857,2.55309,1.94485,0.42121365,0.0,-1,942.478,51.386,42.0,1.0,"[-1.0, -1.0, -1.0, -1.0, -1.0, -1.0, -1.0, -1.0, -1.0, -1.0, -1.0, -1.0, -1.0, -1.0, -1.0, -1.0, -1.0, -1.0, -1.0]"
2025-05-07 20:44:45.569235,-0.0464047,0.0609124,-0.000190281,2.55307,1.94481,0.42046404699999995,0.0,-1,942.478,51.406,42.0,1.0,"[-1.0, -1.0, -1.0, -1.0, -1.0, -1.0, -1.0, -1.0, -1.0, -1.0, -1.0, -1.0, -1.0, -1.0, -1.0, -1.0, -1.0, -1.0, -1.0]"
2025-05-07 20:44:45.587880,-0.0638147,0.0188443,-0.000197003,2.55307,1.9448,0.420638147,0.0,-1,942.478,51.426,42.0,1.0,"[-1.0, -1.0, -1.0, -1.0, -1.0, -1.0, -1.0, -1.0, -1.0, -1.0, -1.0, -1.0, -1.0, -1.0, -1.0, -1.0, -1.0, -1.0, -1.0]"
2025-05-07 20:44:45.608272,-0.0768309,0.0270326,-0.00013443,2.55307,1.94493,0.42076830899999995,0.0,-1,942.478,51.446,42.0,1.0,"[-1.0, -1.0, -1.0, -1.0, -1.0, -1.0, -1.0, -1.0, -1.0, -1.0, -1.0, -1.0, -1.0, -1.0, -1.0, -1.0, -1.0, -1.0, -1.0]"
2025-05-07 20:44:45.628505,-0.0659471,0.0557767,-0.000244231,2.55309,1.9449,0.420659471,0.0,-1,942.478,51.466,42.0,1.0,"[-1.0, -1.0, -1.0, -1.0, -1.0, -1.0, -1.0, -1.0, -1.0, -1.0, -1.0, -1.0, -1.0, -1.0, -1.0, -1.0, -1.0, -1.0, -1.0]"
2025-05-07 20:44:45.647019,-0.067971,0.0351908,-0.000180935,2.55307,1.94486,0.42067971,0.0,-1,942.478,51.486,42.0,1.0,"[-1.0, -1.0, -1.0, -1.0, -1.0, -1.0, -1.0, -1.0, -1.0, -1.0, -1.0, -1.0, -1.0, -1.0, -1.0, -1.0, -1.0, -1.0, -1.0]"
2025-05-07 20:44:45.667082,-0.0381513,0.0255981,-0.000175034,2.55307,1.94491,0.42038151300000004,0.0,-1,942.478,51.506,42.0,1.0,"[-1.0, -1.0, -1.0, -1.0, -1.0, -1.0, -1.0, -1.0, -1.0, -1.0, -1.0, -1.0, -1.0, -1.0, -1.0, -1.0, -1.0, -1.0, -1.0]"
2025-05-07 20:44:45.687436,-0.154099,0.0457723,-0.000127753,2.55309,1.94493,0.42154099,0.0,-1,942.478,51.526,42.0,1.0,"[-1.0, -1.0, -1.0, -1.0, -1.0, -1.0, -1.0, -1.0, -1.0, -1.0, -1.0, -1.0, -1.0, -1.0, -1.0, -1.0, -1.0, -1.0, -1.0]"
2025-05-07 20:44:45.707453,-0.128553,0.0215294,-0.000208666,2.55311,1.94489,0.42128552999999996,0.0,-1,942.478,51.546,42.0,1.0,"[-1.0, -1.0, -1.0, -1.0, -1.0, -1.0, -1.0, -1.0, -1.0, -1.0, -1.0, -1.0, -1.0, -1.0, -1.0, -1.0, -1.0, -1.0, -1.0]"
2025-05-07 20:44:45.727865,-0.0374878,0.0301715,-0.00018993,2.55307,1.94503,0.420374878,0.0,-1,942.478,51.566,42.0,1.0,"[-1.0, -1.0, -1.0, -1.0, -1.0, -1.0, -1.0, -1.0, -1.0, -1.0, -1.0, -1.0, -1.0, -1.0, -1.0, -1.0, -1.0, -1.0, -1.0]"
2025-05-07 20:44:45.746657,-0.0757527,0.0369905,-0.000168654,2.55307,1.94505,0.420757527,0.0,-1,942.478,51.586,42.0,1.0,"[-1.0, -1.0, -1.0, -1.0, -1.0, -1.0, -1.0, -1.0, -1.0, -1.0, -1.0, -1.0, -1.0, -1.0, -1.0, -1.0, -1.0, -1.0, -1.0]"
2025-05-07 20:44:45.765994,-0.0932342,0.0347582,-0.000148796,2.55307,1.94499,0.42093234199999996,0.0,-1,942.478,51.606,42.0,1.0,"[-1.0, -1.0, -1.0, -1.0, -1.0, -1.0, -1.0, -1.0, -1.0, -1.0, -1.0, -1.0, -1.0, -1.0, -1.0, -1.0, -1.0, -1.0, -1.0]"
2025-05-07 20:44:45.786886,-0.0593816,0.027219,-0.000230086,2.55309,1.94505,0.420593816,0.0,-1,942.478,51.626,42.0,1.0,"[-1.0, -1.0, -1.0, -1.0, -1.0, -1.0, -1.0, -1.0, -1.0, -1.0, -1.0, -1.0, -1.0, -1.0, -1.0, -1.0, -1.0, -1.0, -1.0]"
2025-05-07 20:44:45.807029,-0.0761782,0.0463551,-0.000136283,2.55307,1.94515,0.42076178200000003,0.0,-1,942.478,51.646,42.0,1.0,"[-1.0, -1.0, -1.0, -1.0, -1.0, -1.0, -1.0, -1.0, -1.0, -1.0, -1.0, -1.0, -1.0, -1.0, -1.0, -1.0, -1.0, -1.0, -1.0]"
2025-05-07 20:44:45.826481,-0.0481832,0.0410563,-0.000204781,2.55307,1.94515,0.42048183199999994,0.0,-1,942.478,51.666,42.0,1.0,"[-1.0, -1.0, -1.0, -1.0, -1.0, -1.0, -1.0, -1.0, -1.0, -1.0, -1.0, -1.0, -1.0, -1.0, -1.0, -1.0, -1.0, -1.0, -1.0]"
2025-05-07 20:44:45.848530,-0.142617,0.00579861,-0.00017124,2.55309,1.94519,0.42142617,0.0,-1,942.478,51.686,42.0,1.0,"[-1.0, -1.0, -1.0, -1.0, -1.0, -1.0, -1.0, -1.0, -1.0, -1.0, -1.0, -1.0, -1.0, -1.0, -1.0, -1.0, -1.0, -1.0, -1.0]"
2025-05-07 20:44:45.867376,-0.121735,0.0285451,-0.000152021,2.55309,1.94523,0.42121735,0.0,-1,942.478,51.706,42.0,1.0,"[-1.0, -1.0, -1.0, -1.0, -1.0, -1.0, -1.0, -1.0, -1.0, -1.0, -1.0, -1.0, -1.0, -1.0, -1.0, -1.0, -1.0, -1.0, -1.0]"
2025-05-07 20:44:45.886284,-0.0809262,0.0474427,-0.000179628,2.55307,1.94519,0.420809262,0.0,-1,942.478,51.726,42.0,1.0,"[-1.0, -1.0, -1.0, -1.0, -1.0, -1.0, -1.0, -1.0, -1.0, -1.0, -1.0, -1.0, -1.0, -1.0, -1.0, -1.0, -1.0, -1.0, -1.0]"
2025-05-07 20:44:45.907960,-0.0410092,0.0291129,-0.000188112,2.55307,1.94523,0.42041009199999996,0.0,-1,942.478,51.746,42.0,1.0,"[-1.0, -1.0, -1.0, -1.0, -1.0, -1.0, -1.0, -1.0, -1.0, -1.0, -1.0, -1.0, -1.0, -1.0, -1.0, -1.0, -1.0, -1.0, -1.0]"
2025-05-07 20:44:45.929922,-0.103446,0.0176028,-0.000124692,2.55305,1.94541,0.42103446,0.0,-1,942.478,51.766,42.0,1.0,"[-1.0, -1.0, -1.0, -1.0, -1.0, -1.0, -1.0, -1.0, -1.0, -1.0, -1.0, -1.0, -1.0, -1.0, -1.0, -1.0, -1.0, -1.0, -1.0]"
2025-05-07 20:44:45.944693,-0.0692262,0.057527,-0.00020954,2.55307,1.9454,0.42069226200000004,0.0,-1,942.478,51.786,42.0,1.0,"[-1.0, -1.0, -1.0, -1.0, -1.0, -1.0, -1.0, -1.0, -1.0, -1.0, -1.0, -1.0, -1.0, -1.0, -1.0, -1.0, -1.0, -1.0, -1.0]"
2025-05-07 20:44:45.969128,-0.0689627,0.0364002,-0.000195751,2.55305,1.94535,0.420689627,0.0,-1,942.478,51.806,42.0,1.0,"[-1.0, -1.0, -1.0, -1.0, -1.0, -1.0, -1.0, -1.0, -1.0, -1.0, -1.0, -1.0, -1.0, -1.0, -1.0, -1.0, -1.0, -1.0, -1.0]"
2025-05-07 20:44:45.984620,-0.03861,0.0265403,-0.000174652,2.55305,1.94541,0.4203861,0.0,-1,942.478,51.826,42.0,1.0,"[-1.0, -1.0, -1.0, -1.0, -1.0, -1.0, -1.0, -1.0, -1.0, -1.0, -1.0, -1.0, -1.0, -1.0, -1.0, -1.0, -1.0, -1.0, -1.0]"
2025-05-07 20:44:46.006700,-0.154341,0.0458164,-0.000145542,2.55307,1.94542,0.42154341,0.0,-1,942.478,51.846,42.0,1.0,"[-1.0, -1.0, -1.0, -1.0, -1.0, -1.0, -1.0, -1.0, -1.0, -1.0, -1.0, -1.0, -1.0, -1.0, -1.0, -1.0, -1.0, -1.0, -1.0]"
2025-05-07 20:44:46.025711,-0.128642,0.0212699,-0.000198677,2.55309,1.94539,0.42128642,0.0,-1,942.478,51.866,42.0,1.0,"[-1.0, -1.0, -1.0, -1.0, -1.0, -1.0, -1.0, -1.0, -1.0, -1.0, -1.0, -1.0, -1.0, -1.0, -1.0, -1.0, -1.0, -1.0, -1.0]"
2025-05-07 20:44:46.045726,-0.0374702,0.0302022,-0.000188418,2.55305,1.94553,0.420374702,0.0,-1,942.478,51.886,42.0,1.0,"[-1.0, -1.0, -1.0, -1.0, -1.0, -1.0, -1.0, -1.0, -1.0, -1.0, -1.0, -1.0, -1.0, -1.0, -1.0, -1.0, -1.0, -1.0, -1.0]"
2025-05-07 20:44:46.065333,-0.0756987,0.0370346,-0.00016916,2.55305,1.94555,0.42075698699999997,0.0,-1,942.478,51.906,42.0,1.0,"[-1.0, -1.0, -1.0, -1.0, -1.0, -1.0, -1.0, -1.0, -1.0, -1.0, -1.0, -1.0, -1.0, -1.0, -1.0, -1.0, -1.0, -1.0, -1.0]"
2025-05-07 20:44:46.084608,-0.0933291,0.034749,-0.000155821,2.55305,1.94549,0.420933291,0.0,-1,942.478,51.926,42.0,1.0,"[-1.0, -1.0, -1.0, -1.0, -1.0, -1.0, -1.0, -1.0, -1.0, -1.0, -1.0, -1.0, -1.0, -1.0, -1.0, -1.0, -1.0, -1.0, -1.0]"
2025-05-07 20:44:46.106701,-0.0594394,0.0272305,-0.000246902,2.55307,1.94555,0.42059439400000004,0.0,-1,942.478,51.946,42.0,1.0,"[-1.0, -1.0, -1.0, -1.0, -1.0, -1.0, -1.0, -1.0, -1.0, -1.0, -1.0, -1.0, -1.0, -1.0, -1.0, -1.0, -1.0, -1.0, -1.0]"
2025-05-07 20:44:46.127667,-0.076168,0.0463641,-0.000175068,2.55305,1.94566,0.42076168,0.0,-1,942.478,51.966,42.0,1.0,"[-1.0, -1.0, -1.0, -1.0, -1.0, -1.0, -1.0, -1.0, -1.0, -1.0, -1.0, -1.0, -1.0, -1.0, -1.0, -1.0, -1.0, -1.0, -1.0]"
2025-05-07 20:44:46.146398,-0.0483373,0.0412244,-0.000195133,2.55305,1.94565,0.420483373,0.0,-1,942.478,51.986,42.0,1.0,"[-1.0, -1.0, -1.0, -1.0, -1.0, -1.0, -1.0, -1.0, -1.0, -1.0, -1.0, -1.0, -1.0, -1.0, -1.0, -1.0, -1.0, -1.0, -1.0]"
2025-05-07 20:44:46.166103,-0.142759,0.00568366,-0.000148654,2.55307,1.94569,0.42142758999999996,0.0,-1,942.478,52.006,42.0,1.0,"[-1.0, -1.0, -1.0, -1.0, -1.0, -1.0, -1.0, -1.0, -1.0, -1.0, -1.0, -1.0, -1.0, -1.0, -1.0, -1.0, -1.0, -1.0, -1.0]"
2025-05-07 20:44:46.187772,-0.121665,0.0284307,-0.000163935,2.55307,1.94573,0.42121665,0.0,-1,942.478,52.026,42.0,1.0,"[-1.0, -1.0, -1.0, -1.0, -1.0, -1.0, -1.0, -1.0, -1.0, -1.0, -1.0, -1.0, -1.0, -1.0, -1.0, -1.0, -1.0, -1.0, -1.0]"
2025-05-07 20:44:46.207212,-0.0467197,0.0612388,-0.000188032,2.55305,1.94569,0.42046719699999996,0.0,-1,942.478,52.046,42.0,1.0,"[-1.0, -1.0, -1.0, -1.0, -1.0, -1.0, -1.0, -1.0, -1.0, -1.0, -1.0, -1.0, -1.0, -1.0, -1.0, -1.0, -1.0, -1.0, -1.0]"
2025-05-07 20:44:46.227368,-0.0640151,0.0191371,-0.00018582,2.55305,1.94568,0.42064015099999996,0.0,-1,942.478,52.066,42.0,1.0,"[-1.0, -1.0, -1.0, -1.0, -1.0, -1.0, -1.0, -1.0, -1.0, -1.0, -1.0, -1.0, -1.0, -1.0, -1.0, -1.0, -1.0, -1.0, -1.0]"
2025-05-07 20:44:46.245439,-0.0771089,0.027429,-0.000131944,2.55305,1.94581,0.420771089,0.0,-1,942.478,52.086,42.0,1.0,"[-1.0, -1.0, -1.0, -1.0, -1.0, -1.0, -1.0, -1.0, -1.0, -1.0, -1.0, -1.0, -1.0, -1.0, -1.0, -1.0, -1.0, -1.0, -1.0]"
2025-05-07 20:44:46.265417,-0.0662104,0.0560726,-0.000223615,2.55307,1.94579,0.42066210400000004,0.0,-1,942.478,52.106,42.0,1.0,"[-1.0, -1.0, -1.0, -1.0, -1.0, -1.0, -1.0, -1.0, -1.0, -1.0, -1.0, -1.0, -1.0, -1.0, -1.0, -1.0, -1.0, -1.0, -1.0]"
2025-05-07 20:44:46.286236,-0.0681933,0.0354321,-0.000186819,2.55305,1.94574,0.42068193299999995,0.0,-1,942.478,52.126,42.0,1.0,"[-1.0, -1.0, -1.0, -1.0, -1.0, -1.0, -1.0, -1.0, -1.0, -1.0, -1.0, -1.0, -1.0, -1.0, -1.0, -1.0, -1.0, -1.0, -1.0]"
2025-05-07 20:44:46.304231,-0.0382606,0.02608,-0.000177265,2.55305,1.9458,0.420382606,0.0,-1,942.478,52.146,42.0,1.0,"[-1.0, -1.0, -1.0, -1.0, -1.0, -1.0, -1.0, -1.0, -1.0, -1.0, -1.0, -1.0, -1.0, -1.0, -1.0, -1.0, -1.0, -1.0, -1.0]"
2025-05-07 20:44:46.325016,-0.154177,0.045781,-0.000145169,2.55307,1.94581,0.42154177,0.0,-1,942.478,52.166,42.0,1.0,"[-1.0, -1.0, -1.0, -1.0, -1.0, -1.0, -1.0, -1.0, -1.0, -1.0, -1.0, -1.0, -1.0, -1.0, -1.0, -1.0, -1.0, -1.0, -1.0]"
2025-05-07 20:44:46.345986,-0.128826,0.0211573,-0.000198325,2.55309,1.94578,0.42128825999999997,0.0,-1,942.478,52.186,42.0,1.0,"[-1.0, -1.0, -1.0, -1.0, -1.0, -1.0, -1.0, -1.0, -1.0, -1.0, -1.0, -1.0, -1.0, -1.0, -1.0, -1.0, -1.0, -1.0, -1.0]"
2025-05-07 20:44:46.364501,-0.0373859,0.0298643,-0.000181447,2.55305,1.94592,0.42037385899999996,0.0,-1,942.478,52.206,42.0,1.0,"[-1.0, -1.0, -1.0, -1.0, -1.0, -1.0, -1.0, -1.0, -1.0, -1.0, -1.0, -1.0, -1.0, -1.0, -1.0, -1.0, -1.0, -1.0, -1.0]"
2025-05-07 20:44:46.386256,-0.0756311,0.0369773,-0.000177168,2.55305,1.94594,0.42075631100000005,0.0,-1,942.478,52.226,42.0,1.0,"[-1.0, -1.0, -1.0, -1.0, -1.0, -1.0, -1.0, -1.0, -1.0, -1.0, -1.0, -1.0, -1.0, -1.0, -1.0, -1.0, -1.0, -1.0, -1.0]"
2025-05-07 20:44:46.405765,-0.0934144,0.0345394,-0.000164197,2.55305,1.94587,0.420934144,0.0,-1,942.478,52.246,42.0,1.0,"[-1.0, -1.0, -1.0, -1.0, -1.0, -1.0, -1.0, -1.0, -1.0, -1.0, -1.0, -1.0, -1.0, -1.0, -1.0, -1.0, -1.0, -1.0, -1.0]"
2025-05-07 20:44:46.426929,-0.0593664,0.0268995,-0.000231165,2.55307,1.94594,0.42059366400000003,0.0,-1,942.478,52.266,42.0,1.0,"[-1.0, -1.0, -1.0, -1.0, -1.0, -1.0, -1.0, -1.0, -1.0, -1.0, -1.0, -1.0, -1.0, -1.0, -1.0, -1.0, -1.0, -1.0, -1.0]"
2025-05-07 20:44:46.444562,-0.0760275,0.0461961,-0.000146709,2.55305,1.94604,0.420760275,0.0,-1,942.478,52.286,42.0,1.0,"[-1.0, -1.0, -1.0, -1.0, -1.0, -1.0, -1.0, -1.0, -1.0, -1.0, -1.0, -1.0, -1.0, -1.0, -1.0, -1.0, -1.0, -1.0, -1.0]"
2025-05-07 20:44:46.465026,-0.0483162,0.0412609,-0.000215641,2.55305,1.94603,0.420483162,0.0,-1,942.478,52.306,42.0,1.0,"[-1.0, -1.0, -1.0, -1.0, -1.0, -1.0, -1.0, -1.0, -1.0, -1.0, -1.0, -1.0, -1.0, -1.0, -1.0, -1.0, -1.0, -1.0, -1.0]"
2025-05-07 20:44:46.486099,-0.142811,0.00587153,-0.000155594,2.55307,1.94608,0.42142811,0.0,-1,942.478,52.326,42.0,1.0,"[-1.0, -1.0, -1.0, -1.0, -1.0, -1.0, -1.0, -1.0, -1.0, -1.0, -1.0, -1.0, -1.0, -1.0, -1.0, -1.0, -1.0, -1.0, -1.0]"
2025-05-07 20:44:46.505360,-0.121667,0.0285102,-0.000164181,2.55307,1.94612,0.42121667,0.0,-1,942.478,52.346,42.0,1.0,"[-1.0, -1.0, -1.0, -1.0, -1.0, -1.0, -1.0, -1.0, -1.0, -1.0, -1.0, -1.0, -1.0, -1.0, -1.0, -1.0, -1.0, -1.0, -1.0]"
2025-05-07 20:44:46.524704,-0.0467788,0.061297,-0.000188022,2.55305,1.94607,0.420467788,0.0,-1,942.478,52.366,42.0,1.0,"[-1.0, -1.0, -1.0, -1.0, -1.0, -1.0, -1.0, -1.0, -1.0, -1.0, -1.0, -1.0, -1.0, -1.0, -1.0, -1.0, -1.0, -1.0, -1.0]"
2025-05-07 20:44:46.545202,-0.0641566,0.019131,-0.000203015,2.55305,1.94607,0.42064156599999997,0.0,-1,942.478,52.386,42.0,1.0,"[-1.0, -1.0, -1.0, -1.0, -1.0, -1.0, -1.0, -1.0, -1.0, -1.0, -1.0, -1.0, -1.0, -1.0, -1.0, -1.0, -1.0, -1.0, -1.0]"
2025-05-07 20:44:46.565740,-0.0772421,0.0277567,-0.000117672,2.55305,1.9462,0.420772421,0.0,-1,942.478,52.406,42.0,1.0,"[-1.0, -1.0, -1.0, -1.0, -1.0, -1.0, -1.0, -1.0, -1.0, -1.0, -1.0, -1.0, -1.0, -1.0, -1.0, -1.0, -1.0, -1.0, -1.0]"
2025-05-07 20:44:46.585410,-0.0662622,0.0559746,-0.000224182,2.55307,1.94617,0.7,0.0,-1,942.478,52.426,42.0,-1.0,"[-1.0, -1.0, -1.0, -1.0, -1.0, -1.0, -1.0, -1.0, -1.0, -1.0, -1.0, -1.0, -1.0, -1.0, -1.0, -1.0, -1.0, -1.0, -1.0]"
2025-05-07 20:44:46.606720,-0.0681709,0.0353242,-0.000184264,2.55305,1.94613,0.7,0.0,-1,942.478,52.446,42.0,-1.0,"[-1.0, -1.0, -1.0, -1.0, -1.0, -1.0, -1.0, -1.0, -1.0, -1.0, -1.0, -1.0, -1.0, -1.0, -1.0, -1.0, -1.0, -1.0, -1.0]"
2025-05-07 20:44:46.624539,-0.0382541,0.0261076,-0.000189285,2.55305,1.94619,0.7,0.0,-1,942.478,52.466,42.0,-1.0,"[-1.0, -1.0, -1.0, -1.0, -1.0, -1.0, -1.0, -1.0, -1.0, -1.0, -1.0, -1.0, -1.0, -1.0, -1.0, -1.0, -1.0, -1.0, -1.0]"
2025-05-07 20:44:46.644357,-0.154173,0.0458306,-0.000152055,2.55307,1.9462,0.7,0.0,-1,942.478,52.486,42.0,-1.0,"[-1.0, -1.0, -1.0, -1.0, -1.0, -1.0, -1.0, -1.0, -1.0, -1.0, -1.0, -1.0, -1.0, -1.0, -1.0, -1.0, -1.0, -1.0, -1.0]"
2025-05-07 20:44:46.665728,-0.128725,0.0214508,-0.00022426,2.55309,1.94617,0.7,0.0,-1,942.478,52.506,42.0,-1.0,"[-1.0, -1.0, -1.0, -1.0, -1.0, -1.0, -1.0, -1.0, -1.0, -1.0, -1.0, -1.0, -1.0, -1.0, -1.0, -1.0, -1.0, -1.0, -1.0]"
2025-05-07 20:44:46.685199,-0.0374782,0.0302464,-0.000181583,2.55305,1.94631,0.7,0.0,-1,942.478,52.526,42.0,-1.0,"[-1.0, -1.0, -1.0, -1.0, -1.0, -1.0, -1.0, -1.0, -1.0, -1.0, -1.0, -1.0, -1.0, -1.0, -1.0, -1.0, -1.0, -1.0, -1.0]"
2025-05-07 20:44:46.704528,-0.0756555,0.0371164,-0.000169033,2.55305,1.94633,0.7,0.0,-1,942.478,52.546,42.0,-1.0,"[-1.0, -1.0, -1.0, -1.0, -1.0, -1.0, -1.0, -1.0, -1.0, -1.0, -1.0, -1.0, -1.0, -1.0, -1.0, -1.0, -1.0, -1.0, -1.0]"
2025-05-07 20:44:46.725526,-0.0934615,0.0347109,-0.000151378,2.55305,1.94626,0.7,0.0,-1,942.478,52.566,42.0,-1.0,"[-1.0, -1.0, -1.0, -1.0, -1.0, -1.0, -1.0, -1.0, -1.0, -1.0, -1.0, -1.0, -1.0, -1.0, -1.0, -1.0, -1.0, -1.0, -1.0]"
2025-05-07 20:44:46.811546,-0.0595174,0.0272753,-0.0002341,2.55307,1.94633,0.7,0.0,-1,942.478,52.586,42.0,-1.0,"[-1.0, -1.0, -1.0, -1.0, -1.0, -1.0, -1.0, -1.0, -1.0, -1.0, -1.0, -1.0, -1.0, -1.0, -1.0, -1.0, -1.0, -1.0, -1.0]"
2025-05-07 20:44:46.813160,-0.0761755,0.0463977,-0.000144847,2.55305,1.94643,0.7,0.0,-1,942.478,52.606,42.0,-1.0,"[-1.0, -1.0, -1.0, -1.0, -1.0, -1.0, -1.0, -1.0, -1.0, -1.0, -1.0, -1.0, -1.0, -1.0, -1.0, -1.0, -1.0, -1.0, -1.0]"
2025-05-07 20:44:46.814505,-0.0483756,0.0412681,-0.000208856,2.55305,1.94642,0.7,0.0,-1,942.478,52.626,42.0,-1.0,"[-1.0, -1.0, -1.0, -1.0, -1.0, -1.0, -1.0, -1.0, -1.0, -1.0, -1.0, -1.0, -1.0, -1.0, -1.0, -1.0, -1.0, -1.0, -1.0]"
2025-05-07 20:44:46.816348,-0.142814,0.00592301,-0.000174013,2.55307,1.94647,0.7,0.0,-1,942.478,52.646,42.0,-1.0,"[-1.0, -1.0, -1.0, -1.0, -1.0, -1.0, -1.0, -1.0, -1.0, -1.0, -1.0, -1.0, -1.0, -1.0, -1.0, -1.0, -1.0, -1.0, -1.0]"
2025-05-07 20:44:46.831294,-0.121767,0.0285987,-0.000153941,2.55307,1.94651,0.7,0.0,-1,942.478,52.666,42.0,-1.0,"[-1.0, -1.0, -1.0, -1.0, -1.0, -1.0, -1.0, -1.0, -1.0, -1.0, -1.0, -1.0, -1.0, -1.0, -1.0, -1.0, -1.0, -1.0, -1.0]"
2025-05-07 20:44:46.848528,-0.0468385,0.0612475,-0.000187003,2.55305,1.94647,0.7,0.0,-1,942.478,52.686,42.0,-1.0,"[-1.0, -1.0, -1.0, -1.0, -1.0, -1.0, -1.0, -1.0, -1.0, -1.0, -1.0, -1.0, -1.0, -1.0, -1.0, -1.0, -1.0, -1.0, -1.0]"
2025-05-07 20:44:46.866217,-0.0641102,0.0190595,-0.000187516,2.55305,1.94646,0.7,0.0,-1,942.478,52.706,42.0,-1.0,"[-1.0, -1.0, -1.0, -1.0, -1.0, -1.0, -1.0, -1.0, -1.0, -1.0, -1.0, -1.0, -1.0, -1.0, -1.0, -1.0, -1.0, -1.0, -1.0]"
2025-05-07 20:44:46.886402,-0.0770635,0.0274105,-0.00012349,2.55305,1.9466,0.7,0.0,-1,942.478,52.726,42.0,-1.0,"[-1.0, -1.0, -1.0, -1.0, -1.0, -1.0, -1.0, -1.0, -1.0, -1.0, -1.0, -1.0, -1.0, -1.0, -1.0, -1.0, -1.0, -1.0, -1.0]"
2025-05-07 20:44:46.906611,-0.0662729,0.0560122,-0.000217574,2.55307,1.94657,0.7,0.0,-1,942.478,52.746,42.0,-1.0,"[-1.0, -1.0, -1.0, -1.0, -1.0, -1.0, -1.0, -1.0, -1.0, -1.0, -1.0, -1.0, -1.0, -1.0, -1.0, -1.0, -1.0, -1.0, -1.0]"
2025-05-07 20:44:46.925212,-0.068333,0.0353992,-0.000190332,2.55305,1.94652,0.7,0.0,-1,942.478,52.766,42.0,-1.0,"[-1.0, -1.0, -1.0, -1.0, -1.0, -1.0, -1.0, -1.0, -1.0, -1.0, -1.0, -1.0, -1.0, -1.0, -1.0, -1.0, -1.0, -1.0, -1.0]"
2025-05-07 20:44:46.946606,-0.0380499,0.0256898,-0.000181526,2.55305,1.94657,0.7,0.0,-1,942.478,52.786,42.0,-1.0,"[-1.0, -1.0, -1.0, -1.0, -1.0, -1.0, -1.0, -1.0, -1.0, -1.0, -1.0, -1.0, -1.0, -1.0, -1.0, -1.0, -1.0, -1.0, -1.0]"
2025-05-07 20:44:46.966668,-0.154039,0.0457555,-0.000148431,2.55307,1.94659,0.7,0.0,-1,942.478,52.806,42.0,-1.0,"[-1.0, -1.0, -1.0, -1.0, -1.0, -1.0, -1.0, -1.0, -1.0, -1.0, -1.0, -1.0, -1.0, -1.0, -1.0, -1.0, -1.0, -1.0, -1.0]"
2025-05-07 20:44:46.987547,-0.12884,0.0214728,-0.000195666,2.55309,1.94656,0.7,0.0,-1,942.478,52.826,42.0,-1.0,"[-1.0, -1.0, -1.0, -1.0, -1.0, -1.0, -1.0, -1.0, -1.0, -1.0, -1.0, -1.0, -1.0, -1.0, -1.0, -1.0, -1.0, -1.0, -1.0]"
2025-05-07 20:44:47.009655,-0.0833514,0.0445928,-0.000168557,2.55305,1.94673,0.7,0.0,-1,942.478,52.846,42.0,-1.0,"[-1.0, -1.0, -1.0, -1.0, -1.0, -1.0, -1.0, -1.0, -1.0, -1.0, -1.0, -1.0, -1.0, -1.0, -1.0, -1.0, -1.0, -1.0, -1.0]"
2025-05-07 20:44:47.026717,-0.138492,0.0403436,-0.000399313,2.55309,1.94674,0.7,0.0,-1,942.478,52.866,42.0,-1.0,"[-1.0, -1.0, -1.0, -1.0, -1.0, -1.0, -1.0, -1.0, -1.0, -1.0, -1.0, -1.0, -1.0, -1.0, -1.0, -1.0, -1.0, -1.0, -1.0]"
2025-05-07 20:44:47.046217,-0.092905,0.0604886,-0.000696998,2.55305,1.94674,0.7,0.0,-1,942.478,52.886,42.0,-1.0,"[-1.0, -1.0, -1.0, -1.0, -1.0, -1.0, -1.0, -1.0, -1.0, -1.0, -1.0, -1.0, -1.0, -1.0, -1.0, -1.0, -1.0, -1.0, -1.0]"
2025-05-07 20:44:47.066263,-0.144245,0.0491132,-0.000936031,2.55309,1.94668,0.7,0.0,-1,942.478,52.906,42.0,-1.0,"[-1.0, -1.0, -1.0, -1.0, -1.0, -1.0, -1.0, -1.0, -1.0, -1.0, -1.0, -1.0, -1.0, -1.0, -1.0, -1.0, -1.0, -1.0, -1.0]"
2025-05-07 20:44:47.087347,-0.102556,0.0753647,-0.00105026,2.55305,1.94661,0.7,0.0,-1,942.478,52.926,42.0,-1.0,"[-1.0, -1.0, -1.0, -1.0, -1.0, -1.0, -1.0, -1.0, -1.0, -1.0, -1.0, -1.0, -1.0, -1.0, -1.0, -1.0, -1.0, -1.0, -1.0]"
2025-05-07 20:44:47.105757,-0.151201,0.0621787,-0.00106526,2.55307,1.94647,0.7,0.0,-1,942.478,52.946,42.0,-1.0,"[-1.0, -1.0, -1.0, -1.0, -1.0, -1.0, -1.0, -1.0, -1.0, -1.0, -1.0, -1.0, -1.0, -1.0, -1.0, -1.0, -1.0, -1.0, -1.0]"
2025-05-07 20:44:47.130717,-0.117906,0.0930624,-0.00102615,2.55305,1.94636,0.7,0.0,-1,942.478,52.966,42.0,-1.0,"[-1.0, -1.0, -1.0, -1.0, -1.0, -1.0, -1.0, -1.0, -1.0, -1.0, -1.0, -1.0, -1.0, -1.0, -1.0, -1.0, -1.0, -1.0, -1.0]"
2025-05-07 20:44:47.148588,-0.158799,0.0673008,-0.000923364,2.55309,1.94618,0.7,0.0,-1,942.478,52.986,42.0,-1.0,"[-1.0, -1.0, -1.0, -1.0, -1.0, -1.0, -1.0, -1.0, -1.0, -1.0, -1.0, -1.0, -1.0, -1.0, -1.0, -1.0, -1.0, -1.0, -1.0]"
2025-05-07 20:44:47.166642,-0.113289,0.0928433,-0.00071671,2.55305,1.94606,0.7,0.0,-1,942.478,53.006,42.0,-1.0,"[-1.0, -1.0, -1.0, -1.0, -1.0, -1.0, -1.0, -1.0, -1.0, -1.0, -1.0, -1.0, -1.0, -1.0, -1.0, -1.0, -1.0, -1.0, -1.0]"
2025-05-07 20:44:47.188831,-0.161038,0.066498,-0.000536005,2.55309,1.94586,0.7,0.0,-1,942.478,53.026,42.0,-1.0,"[-1.0, -1.0, -1.0, -1.0, -1.0, -1.0, -1.0, -1.0, -1.0, -1.0, -1.0, -1.0, -1.0, -1.0, -1.0, -1.0, -1.0, -1.0, -1.0]"
2025-05-07 20:44:47.209641,-0.1131,0.0945848,-0.000348932,2.55305,1.94575,0.7,0.0,-1,942.478,53.046,42.0,-1.0,"[-1.0, -1.0, -1.0, -1.0, -1.0, -1.0, -1.0, -1.0, -1.0, -1.0, -1.0, -1.0, -1.0, -1.0, -1.0, -1.0, -1.0, -1.0, -1.0]"
2025-05-07 20:44:47.227255,-0.157883,0.0691593,-0.00017619,2.55309,1.94557,0.7,0.0,-1,942.478,53.066,42.0,-1.0,"[-1.0, -1.0, -1.0, -1.0, -1.0, -1.0, -1.0, -1.0, -1.0, -1.0, -1.0, -1.0, -1.0, -1.0, -1.0, -1.0, -1.0, -1.0, -1.0]"
2025-05-07 20:44:47.245530,-0.113991,0.0942774,-0.000107338,2.55305,1.94544,0.7,0.0,-1,942.478,53.086,42.0,-1.0,"[-1.0, -1.0, -1.0, -1.0, -1.0, -1.0, -1.0, -1.0, -1.0, -1.0, -1.0, -1.0, -1.0, -1.0, -1.0, -1.0, -1.0, -1.0, -1.0]"
2025-05-07 20:44:47.266664,-0.159265,0.0687779,-5.03586e-05,2.55309,1.94525,0.7,0.0,-1,942.478,53.106,42.0,-1.0,"[-1.0, -1.0, -1.0, -1.0, -1.0, -1.0, -1.0, -1.0, -1.0, -1.0, -1.0, -1.0, -1.0, -1.0, -1.0, -1.0, -1.0, -1.0, -1.0]"
2025-05-07 20:44:47.287437,-0.14066,0.0937208,3.51457e-05,2.55307,1.94513,0.7,0.0,-1,942.478,53.126,42.0,-1.0,"[-1.0, -1.0, -1.0, -1.0, -1.0, -1.0, -1.0, -1.0, -1.0, -1.0, -1.0, -1.0, -1.0, -1.0, -1.0, -1.0, -1.0, -1.0, -1.0]"
2025-05-07 20:44:47.307027,-0.162162,0.0726826,9.87273e-05,2.55311,1.94493,0.7,0.0,-1,942.478,53.146,42.0,-1.0,"[-1.0, -1.0, -1.0, -1.0, -1.0, -1.0, -1.0, -1.0, -1.0, -1.0, -1.0, -1.0, -1.0, -1.0, -1.0, -1.0, -1.0, -1.0, -1.0]"
2025-05-07 20:44:47.325401,-0.115824,0.0965294,0.000168013,2.55307,1.94479,0.7,0.0,-1,942.478,53.166,42.0,-1.0,"[-1.0, -1.0, -1.0, -1.0, -1.0, -1.0, -1.0, -1.0, -1.0, -1.0, -1.0, -1.0, -1.0, -1.0, -1.0, -1.0, -1.0, -1.0, -1.0]"
2025-05-07 20:44:47.347785,-0.159332,0.0697424,0.000205327,2.55311,1.9446,0.7,0.0,-1,942.478,53.186,42.0,-1.0,"[-1.0, -1.0, -1.0, -1.0, -1.0, -1.0, -1.0, -1.0, -1.0, -1.0, -1.0, -1.0, -1.0, -1.0, -1.0, -1.0, -1.0, -1.0, -1.0]"
2025-05-07 20:44:47.366485,-0.114647,0.0961731,0.000191328,2.55307,1.94447,0.7,0.0,-1,942.478,53.206,42.0,-1.0,"[-1.0, -1.0, -1.0, -1.0, -1.0, -1.0, -1.0, -1.0, -1.0, -1.0, -1.0, -1.0, -1.0, -1.0, -1.0, -1.0, -1.0, -1.0, -1.0]"
2025-05-07 20:44:47.385543,-0.158565,0.0699098,0.000196621,2.55311,1.94428,0.7,0.0,-1,942.478,53.226,42.0,-1.0,"[-1.0, -1.0, -1.0, -1.0, -1.0, -1.0, -1.0, -1.0, -1.0, -1.0, -1.0, -1.0, -1.0, -1.0, -1.0, -1.0, -1.0, -1.0, -1.0]"
2025-05-07 20:44:47.404772,-0.114607,0.0957786,0.00017708,2.55307,1.94414,0.7,0.0,-1,942.478,53.246,42.0,-1.0,"[-1.0, -1.0, -1.0, -1.0, -1.0, -1.0, -1.0, -1.0, -1.0, -1.0, -1.0, -1.0, -1.0, -1.0, -1.0, -1.0, -1.0, -1.0, -1.0]"
2025-05-07 20:44:47.425828,-0.159017,0.0695141,0.000145085,2.55311,1.94395,0.7,0.0,-1,942.478,53.266,42.0,-1.0,"[-1.0, -1.0, -1.0, -1.0, -1.0, -1.0, -1.0, -1.0, -1.0, -1.0, -1.0, -1.0, -1.0, -1.0, -1.0, -1.0, -1.0, -1.0, -1.0]"
2025-05-07 20:44:47.444805,-0.114533,0.0960655,0.000118681,2.55307,1.94382,0.7,0.0,-1,942.478,53.286,42.0,-1.0,"[-1.0, -1.0, -1.0, -1.0, -1.0, -1.0, -1.0, -1.0, -1.0, -1.0, -1.0, -1.0, -1.0, -1.0, -1.0, -1.0, -1.0, -1.0, -1.0]"
2025-05-07 20:44:47.468417,-0.158486,0.0699774,6.46687e-05,2.55311,1.94363,0.7,0.0,-1,942.478,53.306,42.0,-1.0,"[-1.0, -1.0, -1.0, -1.0, -1.0, -1.0, -1.0, -1.0, -1.0, -1.0, -1.0, -1.0, -1.0, -1.0, -1.0, -1.0, -1.0, -1.0, -1.0]"
2025-05-07 20:44:47.487643,-0.121852,0.0995159,1.44765e-05,2.55309,1.94351,0.7,0.0,-1,942.478,53.326,42.0,-1.0,"[-1.0, -1.0, -1.0, -1.0, -1.0, -1.0, -1.0, -1.0, -1.0, -1.0, -1.0, -1.0, -1.0, -1.0, -1.0, -1.0, -1.0, -1.0, -1.0]"
2025-05-07 20:44:47.506124,-0.160011,0.0716165,-5.97288e-05,2.55313,1.94331,0.7,0.0,-1,942.478,53.346,42.0,-1.0,"[-1.0, -1.0, -1.0, -1.0, -1.0, -1.0, -1.0, -1.0, -1.0, -1.0, -1.0, -1.0, -1.0, -1.0, -1.0, -1.0, -1.0, -1.0, -1.0]"
2025-05-07 20:44:47.526600,-0.115248,0.0956045,-0.000132873,2.55309,1.94317,0.7,0.0,-1,942.478,53.366,42.0,-1.0,"[-1.0, -1.0, -1.0, -1.0, -1.0, -1.0, -1.0, -1.0, -1.0, -1.0, -1.0, -1.0, -1.0, -1.0, -1.0, -1.0, -1.0, -1.0, -1.0]"
2025-05-07 20:44:47.547155,-0.159141,0.0695756,-0.000210322,2.55313,1.94298,0.7,0.0,-1,942.478,53.386,42.0,-1.0,"[-1.0, -1.0, -1.0, -1.0, -1.0, -1.0, -1.0, -1.0, -1.0, -1.0, -1.0, -1.0, -1.0, -1.0, -1.0, -1.0, -1.0, -1.0, -1.0]"
2025-05-07 20:44:47.566878,-0.114572,0.0959746,-0.00018747,2.55309,1.94285,0.7,0.0,-1,942.478,53.406,42.0,-1.0,"[-1.0, -1.0, -1.0, -1.0, -1.0, -1.0, -1.0, -1.0, -1.0, -1.0, -1.0, -1.0, -1.0, -1.0, -1.0, -1.0, -1.0, -1.0, -1.0]"
2025-05-07 20:44:47.588395,-0.158479,0.0698976,-0.000196647,2.55313,1.94266,0.7,0.0,-1,942.478,53.426,42.0,-1.0,"[-1.0, -1.0, -1.0, -1.0, -1.0, -1.0, -1.0, -1.0, -1.0, -1.0, -1.0, -1.0, -1.0, -1.0, -1.0, -1.0, -1.0, -1.0, -1.0]"
2025-05-07 20:44:47.607763,-0.114624,0.0953621,-0.000176124,2.55309,1.94253,0.7,0.0,-1,942.478,53.446,42.0,-1.0,"[-1.0, -1.0, -1.0, -1.0, -1.0, -1.0, -1.0, -1.0, -1.0, -1.0, -1.0, -1.0, -1.0, -1.0, -1.0, -1.0, -1.0, -1.0, -1.0]"
2025-05-07 20:44:47.626428,-0.15917,0.0694174,-0.000175081,2.55313,1.94233,0.7,0.0,-1,942.478,53.466,42.0,-1.0,"[-1.0, -1.0, -1.0, -1.0, -1.0, -1.0, -1.0, -1.0, -1.0, -1.0, -1.0, -1.0, -1.0, -1.0, -1.0, -1.0, -1.0, -1.0, -1.0]"
2025-05-07 20:44:47.644973,-0.114626,0.0960303,-0.000163043,2.55309,1.94221,0.7,0.0,-1,942.478,53.486,42.0,-1.0,"[-1.0, -1.0, -1.0, -1.0, -1.0, -1.0, -1.0, -1.0, -1.0, -1.0, -1.0, -1.0, -1.0, -1.0, -1.0, -1.0, -1.0, -1.0, -1.0]"
2025-05-07 20:44:47.665669,-0.165064,0.0744551,-0.000195185,2.55316,1.94202,0.7,0.0,-1,942.478,53.506,42.0,-1.0,"[-1.0, -1.0, -1.0, -1.0, -1.0, -1.0, -1.0, -1.0, -1.0, -1.0, -1.0, -1.0, -1.0, -1.0, -1.0, -1.0, -1.0, -1.0, -1.0]"
2025-05-07 20:44:47.686872,-0.116735,0.0971511,-0.000168503,2.55311,1.94188,0.7,0.0,-1,942.478,53.526,42.0,-1.0,"[-1.0, -1.0, -1.0, -1.0, -1.0, -1.0, -1.0, -1.0, -1.0, -1.0, -1.0, -1.0, -1.0, -1.0, -1.0, -1.0, -1.0, -1.0, -1.0]"
2025-05-07 20:44:47.706495,-0.159708,0.0697835,-0.000194216,2.55316,1.94168,0.7,0.0,-1,942.478,53.546,42.0,-1.0,"[-1.0, -1.0, -1.0, -1.0, -1.0, -1.0, -1.0, -1.0, -1.0, -1.0, -1.0, -1.0, -1.0, -1.0, -1.0, -1.0, -1.0, -1.0, -1.0]"
2025-05-07 20:44:47.728234,-0.11484,0.0959711,-0.00018923,2.55311,1.94155,0.7,0.0,-1,942.478,53.566,42.0,-1.0,"[-1.0, -1.0, -1.0, -1.0, -1.0, -1.0, -1.0, -1.0, -1.0, -1.0, -1.0, -1.0, -1.0, -1.0, -1.0, -1.0, -1.0, -1.0, -1.0]"
2025-05-07 20:44:47.745331,-0.158313,0.0699505,-0.000197783,2.55316,1.94136,0.7,0.0,-1,942.478,53.586,42.0,-1.0,"[-1.0, -1.0, -1.0, -1.0, -1.0, -1.0, -1.0, -1.0, -1.0, -1.0, -1.0, -1.0, -1.0, -1.0, -1.0, -1.0, -1.0, -1.0, -1.0]"
2025-05-07 20:44:47.765788,-0.114634,0.0949488,-0.000183866,2.55311,1.94123,0.7,0.0,-1,942.478,53.606,42.0,-1.0,"[-1.0, -1.0, -1.0, -1.0, -1.0, -1.0, -1.0, -1.0, -1.0, -1.0, -1.0, -1.0, -1.0, -1.0, -1.0, -1.0, -1.0, -1.0, -1.0]"
2025-05-07 20:44:47.785962,-0.159194,0.0692421,-0.000184388,2.55316,1.94104,0.7,0.0,-1,942.478,53.626,42.0,-1.0,"[-1.0, -1.0, -1.0, -1.0, -1.0, -1.0, -1.0, -1.0, -1.0, -1.0, -1.0, -1.0, -1.0, -1.0, -1.0, -1.0, -1.0, -1.0, -1.0]"
2025-05-07 20:44:47.806696,-0.114503,0.09556,-0.000167231,2.55311,1.94091,0.7,0.0,-1,942.478,53.646,42.0,-1.0,"[-1.0, -1.0, -1.0, -1.0, -1.0, -1.0, -1.0, -1.0, -1.0, -1.0, -1.0, -1.0, -1.0, -1.0, -1.0, -1.0, -1.0, -1.0, -1.0]"
2025-05-07 20:44:47.826175,-0.157892,0.0699578,-0.000190556,2.55316,1.94073,0.7,0.0,-1,942.478,53.666,42.0,-1.0,"[-1.0, -1.0, -1.0, -1.0, -1.0, -1.0, -1.0, -1.0, -1.0, -1.0, -1.0, -1.0, -1.0, -1.0, -1.0, -1.0, -1.0, -1.0, -1.0]"
2025-05-07 20:44:47.848809,-0.121922,0.0984686,-0.000181377,2.55313,1.9406,0.7,0.0,-1,942.478,53.686,42.0,-1.0,"[-1.0, -1.0, -1.0, -1.0, -1.0, -1.0, -1.0, -1.0, -1.0, -1.0, -1.0, -1.0, -1.0, -1.0, -1.0, -1.0, -1.0, -1.0, -1.0]"
2025-05-07 20:44:47.868599,-0.159918,0.0712478,-0.000203882,2.55318,1.9404,0.7,0.0,-1,942.478,53.706,42.0,-1.0,"[-1.0, -1.0, -1.0, -1.0, -1.0, -1.0, -1.0, -1.0, -1.0, -1.0, -1.0, -1.0, -1.0, -1.0, -1.0, -1.0, -1.0, -1.0, -1.0]"
2025-05-07 20:44:47.887707,-0.11526,0.0950093,-0.000172752,2.55313,1.94027,0.7,0.0,-1,942.478,53.726,42.0,-1.0,"[-1.0, -1.0, -1.0, -1.0, -1.0, -1.0, -1.0, -1.0, -1.0, -1.0, -1.0, -1.0, -1.0, -1.0, -1.0, -1.0, -1.0, -1.0, -1.0]"
2025-05-07 20:44:47.908298,-0.158881,0.06942,-0.000165975,2.55318,1.94007,0.7,0.0,-1,942.478,53.746,42.0,-1.0,"[-1.0, -1.0, -1.0, -1.0, -1.0, -1.0, -1.0, -1.0, -1.0, -1.0, -1.0, -1.0, -1.0, -1.0, -1.0, -1.0, -1.0, -1.0, -1.0]"
2025-05-07 20:44:47.927542,-0.114633,0.0951506,-0.000169316,2.55313,1.93995,0.7,0.0,-1,942.478,53.766,42.0,-1.0,"[-1.0, -1.0, -1.0, -1.0, -1.0, -1.0, -1.0, -1.0, -1.0, -1.0, -1.0, -1.0, -1.0, -1.0, -1.0, -1.0, -1.0, -1.0, -1.0]"
2025-05-07 20:44:47.949105,-0.158133,0.0696538,-0.000182597,2.55318,1.93976,0.7,0.0,-1,942.478,53.786,42.0,-1.0,"[-1.0, -1.0, -1.0, -1.0, -1.0, -1.0, -1.0, -1.0, -1.0, -1.0, -1.0, -1.0, -1.0, -1.0, -1.0, -1.0, -1.0, -1.0, -1.0]"
2025-05-07 20:44:47.968376,-0.114629,0.0943734,-0.000179547,2.55313,1.93963,0.7,0.0,-1,942.478,53.806,42.0,-1.0,"[-1.0, -1.0, -1.0, -1.0, -1.0, -1.0, -1.0, -1.0, -1.0, -1.0, -1.0, -1.0, -1.0, -1.0, -1.0, -1.0, -1.0, -1.0, -1.0]"
2025-05-07 20:44:47.987711,-0.158672,0.0691835,-0.000197425,2.55318,1.93944,0.7,0.0,-1,942.478,53.826,42.0,-1.0,"[-1.0, -1.0, -1.0, -1.0, -1.0, -1.0, -1.0, -1.0, -1.0, -1.0, -1.0, -1.0, -1.0, -1.0, -1.0, -1.0, -1.0, -1.0, -1.0]"
2025-05-07 20:44:48.006485,-0.125933,0.0963916,-0.000166222,2.55316,1.9393,0.7,0.0,-1,942.478,53.846,42.0,-1.0,"[-1.0, -1.0, -1.0, -1.0, -1.0, -1.0, -1.0, -1.0, -1.0, -1.0, -1.0, -1.0, -1.0, -1.0, -1.0, -1.0, -1.0, -1.0, -1.0]"
2025-05-07 20:44:48.027406,-0.159676,0.0718179,-0.000191477,2.5532,1.93911,0.7,0.0,-1,942.478,53.866,42.0,-1.0,"[-1.0, -1.0, -1.0, -1.0, -1.0, -1.0, -1.0, -1.0, -1.0, -1.0, -1.0, -1.0, -1.0, -1.0, -1.0, -1.0, -1.0, -1.0, -1.0]"
2025-05-07 20:44:48.046937,-0.115536,0.0944063,-0.000172663,2.55316,1.93897,0.7,0.0,-1,942.478,53.886,42.0,-1.0,"[-1.0, -1.0, -1.0, -1.0, -1.0, -1.0, -1.0, -1.0, -1.0, -1.0, -1.0, -1.0, -1.0, -1.0, -1.0, -1.0, -1.0, -1.0, -1.0]"
2025-05-07 20:44:48.067403,-0.158517,0.0694083,-0.000185787,2.5532,1.93877,0.7,0.0,-1,942.478,53.906,42.0,-1.0,"[-1.0, -1.0, -1.0, -1.0, -1.0, -1.0, -1.0, -1.0, -1.0, -1.0, -1.0, -1.0, -1.0, -1.0, -1.0, -1.0, -1.0, -1.0, -1.0]"
2025-05-07 20:44:48.086281,-0.114705,0.0946467,-0.000180099,2.55316,1.93864,0.7,0.0,-1,942.478,53.926,42.0,-1.0,"[-1.0, -1.0, -1.0, -1.0, -1.0, -1.0, -1.0, -1.0, -1.0, -1.0, -1.0, -1.0, -1.0, -1.0, -1.0, -1.0, -1.0, -1.0, -1.0]"
2025-05-07 20:44:48.111385,-0.158347,0.069407,-0.000181406,2.5532,1.93846,0.7,0.0,-1,942.478,53.946,42.0,-1.0,"[-1.0, -1.0, -1.0, -1.0, -1.0, -1.0, -1.0, -1.0, -1.0, -1.0, -1.0, -1.0, -1.0, -1.0, -1.0, -1.0, -1.0, -1.0, -1.0]"
2025-05-07 20:44:48.125348,-0.11459,0.0943297,-0.000170643,2.55316,1.93833,0.7,0.0,-1,942.478,53.966,42.0,-1.0,"[-1.0, -1.0, -1.0, -1.0, -1.0, -1.0, -1.0, -1.0, -1.0, -1.0, -1.0, -1.0, -1.0, -1.0, -1.0, -1.0, -1.0, -1.0, -1.0]"
2025-05-07 20:44:48.146412,-0.158411,0.0692392,-0.000200259,2.5532,1.93814,0.7,0.0,-1,942.478,53.986,42.0,-1.0,"[-1.0, -1.0, -1.0, -1.0, -1.0, -1.0, -1.0, -1.0, -1.0, -1.0, -1.0, -1.0, -1.0, -1.0, -1.0, -1.0, -1.0, -1.0, -1.0]"
2025-05-07 20:44:48.166045,-0.156791,0.0839,-0.000161373,2.5532,1.93801,0.7,0.0,-1,942.478,54.006,42.0,-1.0,"[-1.0, -1.0, -1.0, -1.0, -1.0, -1.0, -1.0, -1.0, -1.0, -1.0, -1.0, -1.0, -1.0, -1.0, -1.0, -1.0, -1.0, -1.0, -1.0]"
2025-05-07 20:44:48.186575,-0.159023,0.0737072,-0.000179281,2.55322,1.93779,0.7,0.0,-1,942.478,54.026,42.0,-1.0,"[-1.0, -1.0, -1.0, -1.0, -1.0, -1.0, -1.0, -1.0, -1.0, -1.0, -1.0, -1.0, -1.0, -1.0, -1.0, -1.0, -1.0, -1.0, -1.0]"
2025-05-07 20:44:48.206256,-0.115127,0.0960744,-0.000181096,2.55318,1.93766,0.7,0.0,-1,942.478,54.046,42.0,-1.0,"[-1.0, -1.0, -1.0, -1.0, -1.0, -1.0, -1.0, -1.0, -1.0, -1.0, -1.0, -1.0, -1.0, -1.0, -1.0, -1.0, -1.0, -1.0, -1.0]"
2025-05-07 20:44:48.225755,-0.157787,0.0703434,-0.000188558,2.55322,1.93748,0.7,0.0,-1,942.478,54.066,42.0,-1.0,"[-1.0, -1.0, -1.0, -1.0, -1.0, -1.0, -1.0, -1.0, -1.0, -1.0, -1.0, -1.0, -1.0, -1.0, -1.0, -1.0, -1.0, -1.0, -1.0]"
2025-05-07 20:44:48.246136,-0.114898,0.0938063,-0.000189102,2.55318,1.93734,0.7,0.0,-1,942.478,54.086,42.0,-1.0,"[-1.0, -1.0, -1.0, -1.0, -1.0, -1.0, -1.0, -1.0, -1.0, -1.0, -1.0, -1.0, -1.0, -1.0, -1.0, -1.0, -1.0, -1.0, -1.0]"
2025-05-07 20:44:48.265381,-0.158445,0.0693265,-0.00019293,2.55322,1.93715,0.7,0.0,-1,942.478,54.106,42.0,-1.0,"[-1.0, -1.0, -1.0, -1.0, -1.0, -1.0, -1.0, -1.0, -1.0, -1.0, -1.0, -1.0, -1.0, -1.0, -1.0, -1.0, -1.0, -1.0, -1.0]"
2025-05-07 20:44:48.285631,-0.114675,0.0944702,-0.000179492,2.55318,1.93703,0.7,0.0,-1,942.478,54.126,42.0,-1.0,"[-1.0, -1.0, -1.0, -1.0, -1.0, -1.0, -1.0, -1.0, -1.0, -1.0, -1.0, -1.0, -1.0, -1.0, -1.0, -1.0, -1.0, -1.0, -1.0]"
2025-05-07 20:44:48.304253,-0.157975,0.0695298,-0.00017872,2.55322,1.93684,0.7,0.0,-1,942.478,54.146,42.0,-1.0,"[-1.0, -1.0, -1.0, -1.0, -1.0, -1.0, -1.0, -1.0, -1.0, -1.0, -1.0, -1.0, -1.0, -1.0, -1.0, -1.0, -1.0, -1.0, -1.0]"
2025-05-07 20:44:48.328685,-0.126078,0.0954899,-0.000177575,2.5532,1.9367,0.7,0.0,-1,942.478,54.166,42.0,-1.0,"[-1.0, -1.0, -1.0, -1.0, -1.0, -1.0, -1.0, -1.0, -1.0, -1.0, -1.0, -1.0, -1.0, -1.0, -1.0, -1.0, -1.0, -1.0, -1.0]"
2025-05-07 20:44:48.347952,-0.159745,0.0714833,-0.000190744,2.55324,1.93651,0.7,0.0,-1,942.478,54.186,42.0,-1.0,"[-1.0, -1.0, -1.0, -1.0, -1.0, -1.0, -1.0, -1.0, -1.0, -1.0, -1.0, -1.0, -1.0, -1.0, -1.0, -1.0, -1.0, -1.0, -1.0]"
2025-05-07 20:44:48.366333,-0.11554,0.09395,-0.000179776,2.5532,1.93637,0.7,0.0,-1,942.478,54.206,42.0,-1.0,"[-1.0, -1.0, -1.0, -1.0, -1.0, -1.0, -1.0, -1.0, -1.0, -1.0, -1.0, -1.0, -1.0, -1.0, -1.0, -1.0, -1.0, -1.0, -1.0]"
2025-05-07 20:44:48.385171,-0.158556,0.0691958,-0.000194814,2.55324,1.93618,0.7,0.0,-1,942.478,54.226,42.0,-1.0,"[-1.0, -1.0, -1.0, -1.0, -1.0, -1.0, -1.0, -1.0, -1.0, -1.0, -1.0, -1.0, -1.0, -1.0, -1.0, -1.0, -1.0, -1.0, -1.0]"
2025-05-07 20:44:48.405612,-0.11469,0.0940504,-0.000182537,2.5532,1.93605,0.7,0.0,-1,942.478,54.246,42.0,-1.0,"[-1.0, -1.0, -1.0, -1.0, -1.0, -1.0, -1.0, -1.0, -1.0, -1.0, -1.0, -1.0, -1.0, -1.0, -1.0, -1.0, -1.0, -1.0, -1.0]"
2025-05-07 20:44:48.424961,-0.158067,0.0694003,-0.000195816,2.55324,1.93586,0.7,0.0,-1,942.478,54.266,42.0,-1.0,"[-1.0, -1.0, -1.0, -1.0, -1.0, -1.0, -1.0, -1.0, -1.0, -1.0, -1.0, -1.0, -1.0, -1.0, -1.0, -1.0, -1.0, -1.0, -1.0]"
2025-05-07 20:44:48.445854,-0.11468,0.0937034,-0.000168464,2.5532,1.93573,0.7,0.0,-1,942.478,54.286,42.0,-1.0,"[-1.0, -1.0, -1.0, -1.0, -1.0, -1.0, -1.0, -1.0, -1.0, -1.0, -1.0, -1.0, -1.0, -1.0, -1.0, -1.0, -1.0, -1.0, -1.0]"
2025-05-07 20:44:48.465513,-0.15833,0.0691857,-0.000201866,2.55324,1.93555,0.7,0.0,-1,942.478,54.306,42.0,-1.0,"[-1.0, -1.0, -1.0, -1.0, -1.0, -1.0, -1.0, -1.0, -1.0, -1.0, -1.0, -1.0, -1.0, -1.0, -1.0, -1.0, -1.0, -1.0, -1.0]"
2025-05-07 20:44:48.484676,-0.139668,0.0921345,-0.000182428,2.55322,1.93543,0.7,0.0,-1,942.478,54.326,42.0,-1.0,"[-1.0, -1.0, -1.0, -1.0, -1.0, -1.0, -1.0, -1.0, -1.0, -1.0, -1.0, -1.0, -1.0, -1.0, -1.0, -1.0, -1.0, -1.0, -1.0]"
2025-05-07 20:44:48.505293,-0.161768,0.0717369,-0.000201817,2.55327,1.93522,0.7,0.0,-1,942.478,54.346,42.0,-1.0,"[-1.0, -1.0, -1.0, -1.0, -1.0, -1.0, -1.0, -1.0, -1.0, -1.0, -1.0, -1.0, -1.0, -1.0, -1.0, -1.0, -1.0, -1.0, -1.0]"
2025-05-07 20:44:48.525513,-0.115971,0.0945221,-0.000189523,2.55322,1.93509,0.7,0.0,-1,942.478,54.366,42.0,-1.0,"[-1.0, -1.0, -1.0, -1.0, -1.0, -1.0, -1.0, -1.0, -1.0, -1.0, -1.0, -1.0, -1.0, -1.0, -1.0, -1.0, -1.0, -1.0, -1.0]"
2025-05-07 20:44:48.545162,-0.158765,0.0693307,-0.00018226,2.55327,1.93489,0.7,0.0,-1,942.478,54.386,42.0,-1.0,"[-1.0, -1.0, -1.0, -1.0, -1.0, -1.0, -1.0, -1.0, -1.0, -1.0, -1.0, -1.0, -1.0, -1.0, -1.0, -1.0, -1.0, -1.0, -1.0]"
2025-05-07 20:44:48.565464,-0.114816,0.0940442,-0.000165789,2.55322,1.93477,0.7,0.0,-1,942.478,54.406,42.0,-1.0,"[-1.0, -1.0, -1.0, -1.0, -1.0, -1.0, -1.0, -1.0, -1.0, -1.0, -1.0, -1.0, -1.0, -1.0, -1.0, -1.0, -1.0, -1.0, -1.0]"
2025-05-07 20:44:48.587810,-0.157626,0.069455,-0.000183894,2.55327,1.93458,0.42157626,0.0,-1,942.478,54.426,42.0,1.0,"[-1.0, -1.0, -1.0, -1.0, -1.0, -1.0, -1.0, -1.0, -1.0, -1.0, -1.0, -1.0, -1.0, -1.0, -1.0, -1.0, -1.0, -1.0, -1.0]"
2025-05-07 20:44:48.606369,-0.114733,0.0929957,-0.000180448,2.55322,1.93445,0.42114733,0.0,-1,942.478,54.446,42.0,1.0,"[-1.0, -1.0, -1.0, -1.0, -1.0, -1.0, -1.0, -1.0, -1.0, -1.0, -1.0, -1.0, -1.0, -1.0, -1.0, -1.0, -1.0, -1.0, -1.0]"
2025-05-07 20:44:48.624744,-0.173002,0.0654066,-0.000188759,2.55329,1.93426,0.42173002,0.0,-1,942.478,54.466,42.0,1.0,"[-1.0, -1.0, -1.0, -1.0, -1.0, -1.0, -1.0, -1.0, -1.0, -1.0, -1.0, -1.0, -1.0, -1.0, -1.0, -1.0, -1.0, -1.0, -1.0]"
2025-05-07 20:44:48.644633,-0.116028,0.0949123,-0.000164917,2.55324,1.93414,0.42116028,0.0,-1,942.478,54.486,42.0,1.0,"[-1.0, -1.0, -1.0, -1.0, -1.0, -1.0, -1.0, -1.0, -1.0, -1.0, -1.0, -1.0, -1.0, -1.0, -1.0, -1.0, -1.0, -1.0, -1.0]"
2025-05-07 20:44:48.667305,-0.158884,0.0693706,-0.000205258,2.55329,1.93395,0.42158884,0.0,-1,942.478,54.506,42.0,1.0,"[-1.0, -1.0, -1.0, -1.0, -1.0, -1.0, -1.0, -1.0, -1.0, -1.0, -1.0, -1.0, -1.0, -1.0, -1.0, -1.0, -1.0, -1.0, -1.0]"
2025-05-07 20:44:48.685265,-0.114868,0.0936594,-0.000161904,2.55324,1.93382,0.42114868,0.0,-1,942.478,54.526,42.0,1.0,"[-1.0, -1.0, -1.0, -1.0, -1.0, -1.0, -1.0, -1.0, -1.0, -1.0, -1.0, -1.0, -1.0, -1.0, -1.0, -1.0, -1.0, -1.0, -1.0]"
2025-05-07 20:44:48.707141,-0.157999,0.0693108,-0.000195604,2.55329,1.93364,0.42157998999999996,0.0,-1,942.478,54.546,42.0,1.0,"[-1.0, -1.0, -1.0, -1.0, -1.0, -1.0, -1.0, -1.0, -1.0, -1.0, -1.0, -1.0, -1.0, -1.0, -1.0, -1.0, -1.0, -1.0, -1.0]"
2025-05-07 20:44:48.725231,-0.114752,0.0932001,-0.000175279,2.55324,1.93351,0.42114752000000005,0.0,-1,942.478,54.566,42.0,1.0,"[-1.0, -1.0, -1.0, -1.0, -1.0, -1.0, -1.0, -1.0, -1.0, -1.0, -1.0, -1.0, -1.0, -1.0, -1.0, -1.0, -1.0, -1.0, -1.0]"
2025-05-07 20:44:48.747298,-0.158175,0.0691197,-0.000187729,2.55329,1.93332,0.42158175,0.0,-1,942.478,54.586,42.0,1.0,"[-1.0, -1.0, -1.0, -1.0, -1.0, -1.0, -1.0, -1.0, -1.0, -1.0, -1.0, -1.0, -1.0, -1.0, -1.0, -1.0, -1.0, -1.0, -1.0]"
2025-05-07 20:44:48.765643,-0.114723,0.0934149,-0.000162559,2.55324,1.9332,0.42114723,0.0,-1,942.478,54.606,42.0,1.0,"[-1.0, -1.0, -1.0, -1.0, -1.0, -1.0, -1.0, -1.0, -1.0, -1.0, -1.0, -1.0, -1.0, -1.0, -1.0, -1.0, -1.0, -1.0, -1.0]"
2025-05-07 20:44:48.785825,-0.160858,0.0722704,-0.000179559,2.55331,1.93301,0.42160857999999996,0.0,-1,942.478,54.626,42.0,1.0,"[-1.0, -1.0, -1.0, -1.0, -1.0, -1.0, -1.0, -1.0, -1.0, -1.0, -1.0, -1.0, -1.0, -1.0, -1.0, -1.0, -1.0, -1.0, -1.0]"
2025-05-07 20:44:48.808675,-0.115666,0.0940039,-0.000173685,2.55327,1.93288,0.42115665999999996,0.0,-1,942.478,54.646,42.0,1.0,"[-1.0, -1.0, -1.0, -1.0, -1.0, -1.0, -1.0, -1.0, -1.0, -1.0, -1.0, -1.0, -1.0, -1.0, -1.0, -1.0, -1.0, -1.0, -1.0]"
2025-05-07 20:44:48.826966,-0.158618,0.0692154,-0.000196174,2.55331,1.93269,0.42158618,0.0,-1,942.478,54.666,42.0,1.0,"[-1.0, -1.0, -1.0, -1.0, -1.0, -1.0, -1.0, -1.0, -1.0, -1.0, -1.0, -1.0, -1.0, -1.0, -1.0, -1.0, -1.0, -1.0, -1.0]"
2025-05-07 20:44:48.845726,-0.114756,0.0933969,-0.000188336,2.55327,1.93257,0.42114756,0.0,-1,942.478,54.686,42.0,1.0,"[-1.0, -1.0, -1.0, -1.0, -1.0, -1.0, -1.0, -1.0, -1.0, -1.0, -1.0, -1.0, -1.0, -1.0, -1.0, -1.0, -1.0, -1.0, -1.0]"
2025-05-07 20:44:48.864841,-0.157344,0.0693327,-0.000182907,2.55331,1.93239,0.42157344,0.0,-1,942.478,54.706,42.0,1.0,"[-1.0, -1.0, -1.0, -1.0, -1.0, -1.0, -1.0, -1.0, -1.0, -1.0, -1.0, -1.0, -1.0, -1.0, -1.0, -1.0, -1.0, -1.0, -1.0]"
2025-05-07 20:44:48.886383,-0.114708,0.0922691,-0.000178501,2.55327,1.93226,0.42114708,0.0,-1,942.478,54.726,42.0,1.0,"[-1.0, -1.0, -1.0, -1.0, -1.0, -1.0, -1.0, -1.0, -1.0, -1.0, -1.0, -1.0, -1.0, -1.0, -1.0, -1.0, -1.0, -1.0, -1.0]"
2025-05-07 20:44:48.906135,-0.157839,0.0690178,-0.00019359,2.55331,1.93207,0.42157839,0.0,-1,942.478,54.746,42.0,1.0,"[-1.0, -1.0, -1.0, -1.0, -1.0, -1.0, -1.0, -1.0, -1.0, -1.0, -1.0, -1.0, -1.0, -1.0, -1.0, -1.0, -1.0, -1.0, -1.0]"
2025-05-07 20:44:48.927818,-0.125938,0.0943497,-0.000170738,2.55329,1.93194,0.42125937999999996,0.0,-1,942.478,54.766,42.0,1.0,"[-1.0, -1.0, -1.0, -1.0, -1.0, -1.0, -1.0, -1.0, -1.0, -1.0, -1.0, -1.0, -1.0, -1.0, -1.0, -1.0, -1.0, -1.0, -1.0]"
2025-05-07 20:44:48.946174,-0.159186,0.0710454,-0.000188044,2.55333,1.93174,0.42159186,0.0,-1,942.478,54.786,42.0,1.0,"[-1.0, -1.0, -1.0, -1.0, -1.0, -1.0, -1.0, -1.0, -1.0, -1.0, -1.0, -1.0, -1.0, -1.0, -1.0, -1.0, -1.0, -1.0, -1.0]"
2025-05-07 20:44:48.966624,-0.11558,0.0923574,-0.000183458,2.55329,1.93161,0.4211558,0.0,-1,942.478,54.806,42.0,1.0,"[-1.0, -1.0, -1.0, -1.0, -1.0, -1.0, -1.0, -1.0, -1.0, -1.0, -1.0, -1.0, -1.0, -1.0, -1.0, -1.0, -1.0, -1.0, -1.0]"
2025-05-07 20:44:48.986852,-0.157868,0.06899,-0.000198359,2.55333,1.93142,0.42157868,0.0,-1,942.478,54.826,42.0,1.0,"[-1.0, -1.0, -1.0, -1.0, -1.0, -1.0, -1.0, -1.0, -1.0, -1.0, -1.0, -1.0, -1.0, -1.0, -1.0, -1.0, -1.0, -1.0, -1.0]"
2025-05-07 20:44:49.006061,-0.0835392,0.0682016,-0.000160256,2.55329,1.93125,0.420835392,0.0,-1,942.478,54.846,42.0,1.0,"[-1.0, -1.0, -1.0, -1.0, -1.0, -1.0, -1.0, -1.0, -1.0, -1.0, -1.0, -1.0, -1.0, -1.0, -1.0, -1.0, -1.0, -1.0, -1.0]"
2025-05-07 20:44:49.027933,-0.103256,0.0552711,0.000111086,2.55331,1.9311,0.42103256,0.0,-1,942.478,54.866,42.0,1.0,"[-1.0, -1.0, -1.0, -1.0, -1.0, -1.0, -1.0, -1.0, -1.0, -1.0, -1.0, -1.0, -1.0, -1.0, -1.0, -1.0, -1.0, -1.0, -1.0]"
2025-05-07 20:44:49.045315,-0.0506676,0.0608658,0.000576034,2.55329,1.93097,0.42050667599999997,0.0,-1,942.478,54.886,42.0,1.0,"[-1.0, -1.0, -1.0, -1.0, -1.0, -1.0, -1.0, -1.0, -1.0, -1.0, -1.0, -1.0, -1.0, -1.0, -1.0, -1.0, -1.0, -1.0, -1.0]"
2025-05-07 20:44:49.068675,-0.0994956,-0.0150753,0.000947989,2.55331,1.93089,0.420994956,0.0,-1,942.478,54.906,42.0,1.0,"[-1.0, -1.0, -1.0, -1.0, -1.0, -1.0, -1.0, -1.0, -1.0, -1.0, -1.0, -1.0, -1.0, -1.0, -1.0, -1.0, -1.0, -1.0, -1.0]"
2025-05-07 20:44:49.087544,-0.056343,0.00884581,0.00125086,2.55331,1.93079,0.42056342999999996,0.0,-1,942.478,54.926,42.0,1.0,"[-1.0, -1.0, -1.0, -1.0, -1.0, -1.0, -1.0, -1.0, -1.0, -1.0, -1.0, -1.0, -1.0, -1.0, -1.0, -1.0, -1.0, -1.0, -1.0]"
2025-05-07 20:44:49.108783,-0.120272,0.0339358,0.00135763,2.55331,1.9307,0.42120272,0.0,-1,942.478,54.946,42.0,1.0,"[-1.0, -1.0, -1.0, -1.0, -1.0, -1.0, -1.0, -1.0, -1.0, -1.0, -1.0, -1.0, -1.0, -1.0, -1.0, -1.0, -1.0, -1.0, -1.0]"
2025-05-07 20:44:49.127713,-0.150956,0.0271695,0.00127397,2.55333,1.9307,0.42150956,0.0,-1,942.478,54.966,42.0,1.0,"[-1.0, -1.0, -1.0, -1.0, -1.0, -1.0, -1.0, -1.0, -1.0, -1.0, -1.0, -1.0, -1.0, -1.0, -1.0, -1.0, -1.0, -1.0, -1.0]"
2025-05-07 20:44:49.144870,-0.114776,0.018093,0.000963623,2.55333,1.93075,0.42114776,0.0,-1,942.478,54.986,42.0,1.0,"[-1.0, -1.0, -1.0, -1.0, -1.0, -1.0, -1.0, -1.0, -1.0, -1.0, -1.0, -1.0, -1.0, -1.0, -1.0, -1.0, -1.0, -1.0, -1.0]"
2025-05-07 20:44:49.168204,-0.0455066,0.0526963,0.000709963,2.55331,1.93084,0.42045506600000004,0.0,-1,942.478,55.006,42.0,1.0,"[-1.0, -1.0, -1.0, -1.0, -1.0, -1.0, -1.0, -1.0, -1.0, -1.0, -1.0, -1.0, -1.0, -1.0, -1.0, -1.0, -1.0, -1.0, -1.0]"
2025-05-07 20:44:49.186742,-0.152531,0.0460842,0.000292373,2.55336,1.93083,0.42152531000000004,0.0,-1,942.478,55.026,42.0,1.0,"[-1.0, -1.0, -1.0, -1.0, -1.0, -1.0, -1.0, -1.0, -1.0, -1.0, -1.0, -1.0, -1.0, -1.0, -1.0, -1.0, -1.0, -1.0, -1.0]"
2025-05-07 20:44:49.205551,-0.0551474,0.024554,2.19986e-05,2.55331,1.93083,0.42055147400000004,0.0,-1,942.478,55.046,42.0,1.0,"[-1.0, -1.0, -1.0, -1.0, -1.0, -1.0, -1.0, -1.0, -1.0, -1.0, -1.0, -1.0, -1.0, -1.0, -1.0, -1.0, -1.0, -1.0, -1.0]"
2025-05-07 20:44:49.227910,-0.118011,-0.00518122,-0.000167554,2.55336,1.93084,0.42118011000000005,0.0,-1,942.478,55.066,42.0,1.0,"[-1.0, -1.0, -1.0, -1.0, -1.0, -1.0, -1.0, -1.0, -1.0, -1.0, -1.0, -1.0, -1.0, -1.0, -1.0, -1.0, -1.0, -1.0, -1.0]"
2025-05-07 20:44:49.247267,-0.143653,0.0232776,-0.000222531,2.55333,1.93079,0.42143653000000003,0.0,-1,942.478,55.086,42.0,1.0,"[-1.0, -1.0, -1.0, -1.0, -1.0, -1.0, -1.0, -1.0, -1.0, -1.0, -1.0, -1.0, -1.0, -1.0, -1.0, -1.0, -1.0, -1.0, -1.0]"
2025-05-07 20:44:49.265309,-0.104211,0.00626975,-0.000286716,2.55333,1.93074,0.42104210999999997,0.0,-1,942.478,55.106,42.0,1.0,"[-1.0, -1.0, -1.0, -1.0, -1.0, -1.0, -1.0, -1.0, -1.0, -1.0, -1.0, -1.0, -1.0, -1.0, -1.0, -1.0, -1.0, -1.0, -1.0]"
2025-05-07 20:44:49.287118,-0.0648447,0.0185494,-0.00018431,2.55331,1.93082,0.42064844700000004,0.0,-1,942.478,55.126,42.0,1.0,"[-1.0, -1.0, -1.0, -1.0, -1.0, -1.0, -1.0, -1.0, -1.0, -1.0, -1.0, -1.0, -1.0, -1.0, -1.0, -1.0, -1.0, -1.0, -1.0]"
2025-05-07 20:44:49.306017,-0.122242,0.0355986,-0.000239322,2.55331,1.93085,0.42122242,0.0,-1,942.478,55.146,42.0,1.0,"[-1.0, -1.0, -1.0, -1.0, -1.0, -1.0, -1.0, -1.0, -1.0, -1.0, -1.0, -1.0, -1.0, -1.0, -1.0, -1.0, -1.0, -1.0, -1.0]"
2025-05-07 20:44:49.328216,-0.162739,0.03175,-0.000224922,2.55333,1.93085,0.42162739000000005,0.0,-1,942.478,55.166,42.0,1.0,"[-1.0, -1.0, -1.0, -1.0, -1.0, -1.0, -1.0, -1.0, -1.0, -1.0, -1.0, -1.0, -1.0, -1.0, -1.0, -1.0, -1.0, -1.0, -1.0]"
2025-05-07 20:44:49.346812,-0.0681712,0.027619,-0.000233065,2.55331,1.93087,0.42068171200000004,0.0,-1,942.478,55.186,42.0,1.0,"[-1.0, -1.0, -1.0, -1.0, -1.0, -1.0, -1.0, -1.0, -1.0, -1.0, -1.0, -1.0, -1.0, -1.0, -1.0, -1.0, -1.0, -1.0, -1.0]"
2025-05-07 20:44:49.367951,-0.0644908,0.0455938,-0.000177751,2.55329,1.93096,0.42064490800000004,0.0,-1,942.478,55.206,42.0,1.0,"[-1.0, -1.0, -1.0, -1.0, -1.0, -1.0, -1.0, -1.0, -1.0, -1.0, -1.0, -1.0, -1.0, -1.0, -1.0, -1.0, -1.0, -1.0, -1.0]"
2025-05-07 20:44:49.387544,-0.140224,0.0330445,-0.00024755,2.55333,1.93091,0.42140224000000004,0.0,-1,942.478,55.226,42.0,1.0,"[-1.0, -1.0, -1.0, -1.0, -1.0, -1.0, -1.0, -1.0, -1.0, -1.0, -1.0, -1.0, -1.0, -1.0, -1.0, -1.0, -1.0, -1.0, -1.0]"
2025-05-07 20:44:49.407314,-0.0385098,0.0396366,-0.000180412,2.55329,1.93112,0.420385098,0.0,-1,942.478,55.246,42.0,1.0,"[-1.0, -1.0, -1.0, -1.0, -1.0, -1.0, -1.0, -1.0, -1.0, -1.0, -1.0, -1.0, -1.0, -1.0, -1.0, -1.0, -1.0, -1.0, -1.0]"
2025-05-07 20:44:49.426445,-0.0767559,0.0357535,-0.000172863,2.55329,1.93115,0.420767559,0.0,-1,942.478,55.266,42.0,1.0,"[-1.0, -1.0, -1.0, -1.0, -1.0, -1.0, -1.0, -1.0, -1.0, -1.0, -1.0, -1.0, -1.0, -1.0, -1.0, -1.0, -1.0, -1.0, -1.0]"
2025-05-07 20:44:49.446589,-0.0945194,0.0348891,-0.000148456,2.55329,1.93107,0.420945194,0.0,-1,942.478,55.286,42.0,1.0,"[-1.0, -1.0, -1.0, -1.0, -1.0, -1.0, -1.0, -1.0, -1.0, -1.0, -1.0, -1.0, -1.0, -1.0, -1.0, -1.0, -1.0, -1.0, -1.0]"
2025-05-07 20:44:49.470000,-0.0552821,0.0178554,-0.000224372,2.55331,1.9311,0.420552821,0.0,-1,942.478,55.306,42.0,1.0,"[-1.0, -1.0, -1.0, -1.0, -1.0, -1.0, -1.0, -1.0, -1.0, -1.0, -1.0, -1.0, -1.0, -1.0, -1.0, -1.0, -1.0, -1.0, -1.0]"
2025-05-07 20:44:49.487368,-0.077224,0.0443589,-0.000152694,2.55329,1.93118,0.42077224,0.0,-1,942.478,55.326,42.0,1.0,"[-1.0, -1.0, -1.0, -1.0, -1.0, -1.0, -1.0, -1.0, -1.0, -1.0, -1.0, -1.0, -1.0, -1.0, -1.0, -1.0, -1.0, -1.0, -1.0]"
2025-05-07 20:44:49.505654,-0.0469225,0.0406227,-0.000197583,2.55329,1.93118,0.420469225,0.0,-1,942.478,55.346,42.0,1.0,"[-1.0, -1.0, -1.0, -1.0, -1.0, -1.0, -1.0, -1.0, -1.0, -1.0, -1.0, -1.0, -1.0, -1.0, -1.0, -1.0, -1.0, -1.0, -1.0]"
2025-05-07 20:44:49.527815,-0.138858,0.00151806,-0.000181303,2.55331,1.93122,0.42138858,0.0,-1,942.478,55.366,42.0,1.0,"[-1.0, -1.0, -1.0, -1.0, -1.0, -1.0, -1.0, -1.0, -1.0, -1.0, -1.0, -1.0, -1.0, -1.0, -1.0, -1.0, -1.0, -1.0, -1.0]"
2025-05-07 20:44:49.548650,-0.120757,0.0266939,-0.000152913,2.55331,1.93125,0.42120757,0.0,-1,942.478,55.386,42.0,1.0,"[-1.0, -1.0, -1.0, -1.0, -1.0, -1.0, -1.0, -1.0, -1.0, -1.0, -1.0, -1.0, -1.0, -1.0, -1.0, -1.0, -1.0, -1.0, -1.0]"
2025-05-07 20:44:49.565754,-0.0442722,0.058684,-0.000178777,2.55329,1.9312,0.420442722,0.0,-1,942.478,55.406,42.0,1.0,"[-1.0, -1.0, -1.0, -1.0, -1.0, -1.0, -1.0, -1.0, -1.0, -1.0, -1.0, -1.0, -1.0, -1.0, -1.0, -1.0, -1.0, -1.0, -1.0]"
2025-05-07 20:44:49.586931,-0.0621459,0.0178173,-0.000211319,2.55329,1.93119,0.420621459,0.0,-1,942.478,55.426,42.0,1.0,"[-1.0, -1.0, -1.0, -1.0, -1.0, -1.0, -1.0, -1.0, -1.0, -1.0, -1.0, -1.0, -1.0, -1.0, -1.0, -1.0, -1.0, -1.0, -1.0]"
2025-05-07 20:44:49.607404,-0.108745,0.0201523,-0.000171926,2.55329,1.93117,0.42108745,0.0,-1,942.478,55.446,42.0,1.0,"[-1.0, -1.0, -1.0, -1.0, -1.0, -1.0, -1.0, -1.0, -1.0, -1.0, -1.0, -1.0, -1.0, -1.0, -1.0, -1.0, -1.0, -1.0, -1.0]"
2025-05-07 20:44:49.626465,-0.062357,0.0420193,-0.000216103,2.55331,1.93114,0.42062357,0.0,-1,942.478,55.466,42.0,1.0,"[-1.0, -1.0, -1.0, -1.0, -1.0, -1.0, -1.0, -1.0, -1.0, -1.0, -1.0, -1.0, -1.0, -1.0, -1.0, -1.0, -1.0, -1.0, -1.0]"
2025-05-07 20:44:49.645585,-0.0583105,0.0147099,-0.00017573,2.55329,1.9311,0.42058310499999996,0.0,-1,942.478,55.486,42.0,1.0,"[-1.0, -1.0, -1.0, -1.0, -1.0, -1.0, -1.0, -1.0, -1.0, -1.0, -1.0, -1.0, -1.0, -1.0, -1.0, -1.0, -1.0, -1.0, -1.0]"
2025-05-07 20:44:49.666897,-0.108999,0.00195306,-0.000143095,2.55329,1.93111,0.42108998999999997,0.0,-1,942.478,55.506,42.0,1.0,"[-1.0, -1.0, -1.0, -1.0, -1.0, -1.0, -1.0, -1.0, -1.0, -1.0, -1.0, -1.0, -1.0, -1.0, -1.0, -1.0, -1.0, -1.0, -1.0]"
2025-05-07 20:44:49.684804,-0.122336,0.0350644,-0.000165324,2.55329,1.93114,0.42122336,0.0,-1,942.478,55.526,42.0,1.0,"[-1.0, -1.0, -1.0, -1.0, -1.0, -1.0, -1.0, -1.0, -1.0, -1.0, -1.0, -1.0, -1.0, -1.0, -1.0, -1.0, -1.0, -1.0, -1.0]"
2025-05-07 20:44:49.707728,-0.0700696,0.0407085,-0.000252855,2.55331,1.93118,0.420700696,0.0,-1,942.478,55.546,42.0,1.0,"[-1.0, -1.0, -1.0, -1.0, -1.0, -1.0, -1.0, -1.0, -1.0, -1.0, -1.0, -1.0, -1.0, -1.0, -1.0, -1.0, -1.0, -1.0, -1.0]"
2025-05-07 20:44:49.726601,-0.0692269,0.0230306,-0.000147596,2.55329,1.93133,0.42069226899999995,0.0,-1,942.478,55.566,42.0,1.0,"[-1.0, -1.0, -1.0, -1.0, -1.0, -1.0, -1.0, -1.0, -1.0, -1.0, -1.0, -1.0, -1.0, -1.0, -1.0, -1.0, -1.0, -1.0, -1.0]"
2025-05-07 20:44:49.745769,-0.0513074,0.0328357,-0.000160664,2.55329,1.93132,0.420513074,0.0,-1,942.478,55.586,42.0,1.0,"[-1.0, -1.0, -1.0, -1.0, -1.0, -1.0, -1.0, -1.0, -1.0, -1.0, -1.0, -1.0, -1.0, -1.0, -1.0, -1.0, -1.0, -1.0, -1.0]"
2025-05-07 20:44:49.765199,-0.104424,0.0232242,-0.000189115,2.55329,1.93123,0.42104424,0.0,-1,942.478,55.606,42.0,1.0,"[-1.0, -1.0, -1.0, -1.0, -1.0, -1.0, -1.0, -1.0, -1.0, -1.0, -1.0, -1.0, -1.0, -1.0, -1.0, -1.0, -1.0, -1.0, -1.0]"
2025-05-07 20:44:49.785107,-0.0657842,0.0240215,-0.000211737,2.55329,1.93119,0.420657842,0.0,-1,942.478,55.626,42.0,1.0,"[-1.0, -1.0, -1.0, -1.0, -1.0, -1.0, -1.0, -1.0, -1.0, -1.0, -1.0, -1.0, -1.0, -1.0, -1.0, -1.0, -1.0, -1.0, -1.0]"
2025-05-07 20:44:49.808150,-0.0672394,0.0364012,-0.000146467,2.55329,1.93123,0.420672394,0.0,-1,942.478,55.646,42.0,1.0,"[-1.0, -1.0, -1.0, -1.0, -1.0, -1.0, -1.0, -1.0, -1.0, -1.0, -1.0, -1.0, -1.0, -1.0, -1.0, -1.0, -1.0, -1.0, -1.0]"
2025-05-07 20:44:49.826526,-0.148288,0.0154028,-0.000189591,2.55333,1.93108,0.42148288,0.0,-1,942.478,55.666,42.0,1.0,"[-1.0, -1.0, -1.0, -1.0, -1.0, -1.0, -1.0, -1.0, -1.0, -1.0, -1.0, -1.0, -1.0, -1.0, -1.0, -1.0, -1.0, -1.0, -1.0]"
2025-05-07 20:44:49.845889,-0.0354346,0.0189681,-0.000169452,2.55329,1.93118,0.42035434600000005,0.0,-1,942.478,55.686,42.0,1.0,"[-1.0, -1.0, -1.0, -1.0, -1.0, -1.0, -1.0, -1.0, -1.0, -1.0, -1.0, -1.0, -1.0, -1.0, -1.0, -1.0, -1.0, -1.0, -1.0]"
2025-05-07 20:44:49.866016,-0.125253,0.0156358,-0.000190673,2.55333,1.93123,0.42125253,0.0,-1,942.478,55.706,42.0,1.0,"[-1.0, -1.0, -1.0, -1.0, -1.0, -1.0, -1.0, -1.0, -1.0, -1.0, -1.0, -1.0, -1.0, -1.0, -1.0, -1.0, -1.0, -1.0, -1.0]"
2025-05-07 20:44:49.888024,-0.0570927,0.0264112,-0.000168936,2.55329,1.93118,0.420570927,0.0,-1,942.478,55.726,42.0,1.0,"[-1.0, -1.0, -1.0, -1.0, -1.0, -1.0, -1.0, -1.0, -1.0, -1.0, -1.0, -1.0, -1.0, -1.0, -1.0, -1.0, -1.0, -1.0, -1.0]"
2025-05-07 20:44:49.908181,-0.109406,0.01224,-0.000107291,2.55329,1.93117,0.42109406,0.0,-1,942.478,55.746,42.0,1.0,"[-1.0, -1.0, -1.0, -1.0, -1.0, -1.0, -1.0, -1.0, -1.0, -1.0, -1.0, -1.0, -1.0, -1.0, -1.0, -1.0, -1.0, -1.0, -1.0]"
2025-05-07 20:44:49.927334,-0.0790616,0.0358268,-0.000137886,2.55329,1.93135,0.420790616,0.0,-1,942.478,55.766,42.0,1.0,"[-1.0, -1.0, -1.0, -1.0, -1.0, -1.0, -1.0, -1.0, -1.0, -1.0, -1.0, -1.0, -1.0, -1.0, -1.0, -1.0, -1.0, -1.0, -1.0]"
2025-05-07 20:44:49.946703,-0.0875134,0.0445318,-0.000180224,2.55331,1.93135,0.420875134,0.0,-1,942.478,55.786,42.0,1.0,"[-1.0, -1.0, -1.0, -1.0, -1.0, -1.0, -1.0, -1.0, -1.0, -1.0, -1.0, -1.0, -1.0, -1.0, -1.0, -1.0, -1.0, -1.0, -1.0]"
2025-05-07 20:44:49.965823,-0.0658632,0.0136645,-0.000158249,2.55329,1.93141,0.42065863200000003,0.0,-1,942.478,55.806,42.0,1.0,"[-1.0, -1.0, -1.0, -1.0, -1.0, -1.0, -1.0, -1.0, -1.0, -1.0, -1.0, -1.0, -1.0, -1.0, -1.0, -1.0, -1.0, -1.0, -1.0]"
2025-05-07 20:44:49.987763,-0.151658,0.0171254,-0.000161963,2.55333,1.93155,0.42151658,0.0,-1,942.478,55.826,42.0,1.0,"[-1.0, -1.0, -1.0, -1.0, -1.0, -1.0, -1.0, -1.0, -1.0, -1.0, -1.0, -1.0, -1.0, -1.0, -1.0, -1.0, -1.0, -1.0, -1.0]"
2025-05-07 20:44:50.007047,-0.0945042,0.0699951,-0.0001888,2.55329,1.93156,0.42094504200000005,0.0,-1,942.478,55.846,42.0,1.0,"[-1.0, -1.0, -1.0, -1.0, -1.0, -1.0, -1.0, -1.0, -1.0, -1.0, -1.0, -1.0, -1.0, -1.0, -1.0, -1.0, -1.0, -1.0, -1.0]"
2025-05-07 20:44:50.026364,-0.066181,0.0296991,-0.000215243,2.55329,1.93161,0.42066181,0.0,-1,942.478,55.866,42.0,1.0,"[-1.0, -1.0, -1.0, -1.0, -1.0, -1.0, -1.0, -1.0, -1.0, -1.0, -1.0, -1.0, -1.0, -1.0, -1.0, -1.0, -1.0, -1.0, -1.0]"
2025-05-07 20:44:50.044367,-0.107923,0.0199372,-9.68573e-05,2.55329,1.93179,0.42107922999999997,0.0,-1,942.478,55.886,42.0,1.0,"[-1.0, -1.0, -1.0, -1.0, -1.0, -1.0, -1.0, -1.0, -1.0, -1.0, -1.0, -1.0, -1.0, -1.0, -1.0, -1.0, -1.0, -1.0, -1.0]"
2025-05-07 20:44:50.064365,-0.166075,0.0447128,-0.000171678,2.55333,1.93185,0.42166075,0.0,-1,942.478,55.906,42.0,1.0,"[-1.0, -1.0, -1.0, -1.0, -1.0, -1.0, -1.0, -1.0, -1.0, -1.0, -1.0, -1.0, -1.0, -1.0, -1.0, -1.0, -1.0, -1.0, -1.0]"
2025-05-07 20:44:50.084715,-0.0701347,0.0455649,-0.000187309,2.55329,1.93181,0.42070134699999995,0.0,-1,942.478,55.926,42.0,1.0,"[-1.0, -1.0, -1.0, -1.0, -1.0, -1.0, -1.0, -1.0, -1.0, -1.0, -1.0, -1.0, -1.0, -1.0, -1.0, -1.0, -1.0, -1.0, -1.0]"
2025-05-07 20:44:50.104556,-0.0690289,0.0227449,-0.000172844,2.55329,1.93191,0.420690289,0.0,-1,942.478,55.946,42.0,1.0,"[-1.0, -1.0, -1.0, -1.0, -1.0, -1.0, -1.0, -1.0, -1.0, -1.0, -1.0, -1.0, -1.0, -1.0, -1.0, -1.0, -1.0, -1.0, -1.0]"
2025-05-07 20:44:50.127251,-0.06307,0.0566451,-0.000157813,2.55327,1.93203,0.4206307,0.0,-1,942.478,55.966,42.0,1.0,"[-1.0, -1.0, -1.0, -1.0, -1.0, -1.0, -1.0, -1.0, -1.0, -1.0, -1.0, -1.0, -1.0, -1.0, -1.0, -1.0, -1.0, -1.0, -1.0]"
2025-05-07 20:44:50.145370,-0.158537,0.0250076,-0.000230962,2.55331,1.93201,0.42158537,0.0,-1,942.478,55.986,42.0,1.0,"[-1.0, -1.0, -1.0, -1.0, -1.0, -1.0, -1.0, -1.0, -1.0, -1.0, -1.0, -1.0, -1.0, -1.0, -1.0, -1.0, -1.0, -1.0, -1.0]"
2025-05-07 20:44:50.164942,-0.102875,0.0142895,-0.000144778,2.55327,1.93218,0.42102874999999995,0.0,-1,942.478,56.006,42.0,1.0,"[-1.0, -1.0, -1.0, -1.0, -1.0, -1.0, -1.0, -1.0, -1.0, -1.0, -1.0, -1.0, -1.0, -1.0, -1.0, -1.0, -1.0, -1.0, -1.0]"
2025-05-07 20:44:50.185719,-0.0811855,0.0383725,-0.000186827,2.55327,1.93228,0.42081185499999996,0.0,-1,942.478,56.026,42.0,1.0,"[-1.0, -1.0, -1.0, -1.0, -1.0, -1.0, -1.0, -1.0, -1.0, -1.0, -1.0, -1.0, -1.0, -1.0, -1.0, -1.0, -1.0, -1.0, -1.0]"
2025-05-07 20:44:50.204590,-0.0988245,0.0550055,-0.000168131,2.55327,1.93227,0.420988245,0.0,-1,942.478,56.046,42.0,1.0,"[-1.0, -1.0, -1.0, -1.0, -1.0, -1.0, -1.0, -1.0, -1.0, -1.0, -1.0, -1.0, -1.0, -1.0, -1.0, -1.0, -1.0, -1.0, -1.0]"
2025-05-07 20:44:50.227096,-0.1453,-0.00100348,-0.000167314,2.55331,1.93232,0.42145299999999997,0.0,-1,942.478,56.066,42.0,1.0,"[-1.0, -1.0, -1.0, -1.0, -1.0, -1.0, -1.0, -1.0, -1.0, -1.0, -1.0, -1.0, -1.0, -1.0, -1.0, -1.0, -1.0, -1.0, -1.0]"
2025-05-07 20:44:50.245774,-0.0817537,0.0412424,-0.00017241,2.55327,1.93253,0.420817537,0.0,-1,942.478,56.086,42.0,1.0,"[-1.0, -1.0, -1.0, -1.0, -1.0, -1.0, -1.0, -1.0, -1.0, -1.0, -1.0, -1.0, -1.0, -1.0, -1.0, -1.0, -1.0, -1.0, -1.0]"
2025-05-07 20:44:50.265190,-0.0903037,0.0492985,-0.000233057,2.55329,1.93256,0.420903037,0.0,-1,942.478,56.106,42.0,1.0,"[-1.0, -1.0, -1.0, -1.0, -1.0, -1.0, -1.0, -1.0, -1.0, -1.0, -1.0, -1.0, -1.0, -1.0, -1.0, -1.0, -1.0, -1.0, -1.0]"
2025-05-07 20:44:50.284563,-0.0671458,0.0147145,-0.000160388,2.55327,1.93261,0.420671458,0.0,-1,942.478,56.126,42.0,1.0,"[-1.0, -1.0, -1.0, -1.0, -1.0, -1.0, -1.0, -1.0, -1.0, -1.0, -1.0, -1.0, -1.0, -1.0, -1.0, -1.0, -1.0, -1.0, -1.0]"
2025-05-07 20:44:50.304454,-0.152043,0.0173294,-0.000159908,2.55331,1.93276,0.42152043,0.0,-1,942.478,56.146,42.0,1.0,"[-1.0, -1.0, -1.0, -1.0, -1.0, -1.0, -1.0, -1.0, -1.0, -1.0, -1.0, -1.0, -1.0, -1.0, -1.0, -1.0, -1.0, -1.0, -1.0]"
2025-05-07 20:44:50.326390,-0.0946208,0.0703114,-0.000178687,2.55327,1.93277,0.420946208,0.0,-1,942.478,56.166,42.0,1.0,"[-1.0, -1.0, -1.0, -1.0, -1.0, -1.0, -1.0, -1.0, -1.0, -1.0, -1.0, -1.0, -1.0, -1.0, -1.0, -1.0, -1.0, -1.0, -1.0]"
2025-05-07 20:44:50.345145,-0.0664406,0.0298992,-0.000211359,2.55327,1.93281,0.420664406,0.0,-1,942.478,56.186,42.0,1.0,"[-1.0, -1.0, -1.0, -1.0, -1.0, -1.0, -1.0, -1.0, -1.0, -1.0, -1.0, -1.0, -1.0, -1.0, -1.0, -1.0, -1.0, -1.0, -1.0]"
2025-05-07 20:44:50.364776,-0.10815,0.020283,-0.00012456,2.55327,1.933,0.4210815,0.0,-1,942.478,56.206,42.0,1.0,"[-1.0, -1.0, -1.0, -1.0, -1.0, -1.0, -1.0, -1.0, -1.0, -1.0, -1.0, -1.0, -1.0, -1.0, -1.0, -1.0, -1.0, -1.0, -1.0]"
2025-05-07 20:44:50.385926,-0.166263,0.0450985,-0.00017499,2.55331,1.93306,0.42166263,0.0,-1,942.478,56.226,42.0,1.0,"[-1.0, -1.0, -1.0, -1.0, -1.0, -1.0, -1.0, -1.0, -1.0, -1.0, -1.0, -1.0, -1.0, -1.0, -1.0, -1.0, -1.0, -1.0, -1.0]"
2025-05-07 20:44:50.405667,-0.0703558,0.0456817,-0.000201248,2.55327,1.93303,0.42070355800000003,0.0,-1,942.478,56.246,42.0,1.0,"[-1.0, -1.0, -1.0, -1.0, -1.0, -1.0, -1.0, -1.0, -1.0, -1.0, -1.0, -1.0, -1.0, -1.0, -1.0, -1.0, -1.0, -1.0, -1.0]"
2025-05-07 20:44:50.426139,-0.069236,0.0229085,-0.000159258,2.55327,1.93313,0.42069236,0.0,-1,942.478,56.266,42.0,1.0,"[-1.0, -1.0, -1.0, -1.0, -1.0, -1.0, -1.0, -1.0, -1.0, -1.0, -1.0, -1.0, -1.0, -1.0, -1.0, -1.0, -1.0, -1.0, -1.0]"
2025-05-07 20:44:50.444371,-0.0488561,0.0617632,-0.000164119,2.55324,1.93323,0.42048856100000004,0.0,-1,942.478,56.286,42.0,1.0,"[-1.0, -1.0, -1.0, -1.0, -1.0, -1.0, -1.0, -1.0, -1.0, -1.0, -1.0, -1.0, -1.0, -1.0, -1.0, -1.0, -1.0, -1.0, -1.0]"
2025-05-07 20:44:50.466286,-0.151551,0.0264706,-0.000246428,2.55329,1.93322,0.42151551,0.0,-1,942.478,56.306,42.0,1.0,"[-1.0, -1.0, -1.0, -1.0, -1.0, -1.0, -1.0, -1.0, -1.0, -1.0, -1.0, -1.0, -1.0, -1.0, -1.0, -1.0, -1.0, -1.0, -1.0]"
2025-05-07 20:44:50.484631,-0.0678879,0.0243521,-0.000145923,2.55324,1.93338,0.420678879,0.0,-1,942.478,56.326,42.0,1.0,"[-1.0, -1.0, -1.0, -1.0, -1.0, -1.0, -1.0, -1.0, -1.0, -1.0, -1.0, -1.0, -1.0, -1.0, -1.0, -1.0, -1.0, -1.0, -1.0]"
2025-05-07 20:44:50.506457,-0.0822942,0.0353282,-0.000199912,2.55324,1.93348,0.420822942,0.0,-1,942.478,56.346,42.0,1.0,"[-1.0, -1.0, -1.0, -1.0, -1.0, -1.0, -1.0, -1.0, -1.0, -1.0, -1.0, -1.0, -1.0, -1.0, -1.0, -1.0, -1.0, -1.0, -1.0]"
2025-05-07 20:44:50.525843,-0.0990166,0.0552188,-0.000176045,2.55324,1.93346,0.420990166,0.0,-1,942.478,56.366,42.0,1.0,"[-1.0, -1.0, -1.0, -1.0, -1.0, -1.0, -1.0, -1.0, -1.0, -1.0, -1.0, -1.0, -1.0, -1.0, -1.0, -1.0, -1.0, -1.0, -1.0]"
2025-05-07 20:44:50.544993,-0.145274,0.00033772,-0.000151038,2.55329,1.93352,0.42145274,0.0,-1,942.478,56.386,42.0,1.0,"[-1.0, -1.0, -1.0, -1.0, -1.0, -1.0, -1.0, -1.0, -1.0, -1.0, -1.0, -1.0, -1.0, -1.0, -1.0, -1.0, -1.0, -1.0, -1.0]"
2025-05-07 20:44:50.564976,-0.0818164,0.0416299,-0.000168268,2.55324,1.93373,0.420818164,0.0,-1,942.478,56.406,42.0,1.0,"[-1.0, -1.0, -1.0, -1.0, -1.0, -1.0, -1.0, -1.0, -1.0, -1.0, -1.0, -1.0, -1.0, -1.0, -1.0, -1.0, -1.0, -1.0, -1.0]"
2025-05-07 20:44:50.585687,-0.090335,0.0494951,-0.000223637,2.55327,1.93376,0.7,0.0,-1,942.478,56.426,42.0,-1.0,"[-1.0, -1.0, -1.0, -1.0, -1.0, -1.0, -1.0, -1.0, -1.0, -1.0, -1.0, -1.0, -1.0, -1.0, -1.0, -1.0, -1.0, -1.0, -1.0]"
2025-05-07 20:44:50.604384,-0.0674682,0.0146874,-0.000149128,2.55324,1.93381,0.7,0.0,-1,942.478,56.446,42.0,-1.0,"[-1.0, -1.0, -1.0, -1.0, -1.0, -1.0, -1.0, -1.0, -1.0, -1.0, -1.0, -1.0, -1.0, -1.0, -1.0, -1.0, -1.0, -1.0, -1.0]"
2025-05-07 20:44:50.626407,-0.152208,0.017375,-0.000144372,2.55329,1.93396,0.7,0.0,-1,942.478,56.466,42.0,-1.0,"[-1.0, -1.0, -1.0, -1.0, -1.0, -1.0, -1.0, -1.0, -1.0, -1.0, -1.0, -1.0, -1.0, -1.0, -1.0, -1.0, -1.0, -1.0, -1.0]"
2025-05-07 20:44:50.645911,-0.0947547,0.0706064,-0.000165,2.55324,1.93397,0.7,0.0,-1,942.478,56.486,42.0,-1.0,"[-1.0, -1.0, -1.0, -1.0, -1.0, -1.0, -1.0, -1.0, -1.0, -1.0, -1.0, -1.0, -1.0, -1.0, -1.0, -1.0, -1.0, -1.0, -1.0]"
2025-05-07 20:44:50.666036,-0.0666665,0.0300234,-0.000218379,2.55324,1.93402,0.7,0.0,-1,942.478,56.506,42.0,-1.0,"[-1.0, -1.0, -1.0, -1.0, -1.0, -1.0, -1.0, -1.0, -1.0, -1.0, -1.0, -1.0, -1.0, -1.0, -1.0, -1.0, -1.0, -1.0, -1.0]"
2025-05-07 20:44:50.684699,-0.10838,0.0204252,-9.18543e-05,2.55324,1.9342,0.7,0.0,-1,942.478,56.526,42.0,-1.0,"[-1.0, -1.0, -1.0, -1.0, -1.0, -1.0, -1.0, -1.0, -1.0, -1.0, -1.0, -1.0, -1.0, -1.0, -1.0, -1.0, -1.0, -1.0, -1.0]"
2025-05-07 20:44:50.705355,-0.166273,0.0450848,-0.000170723,2.55329,1.93426,0.7,0.0,-1,942.478,56.546,42.0,-1.0,"[-1.0, -1.0, -1.0, -1.0, -1.0, -1.0, -1.0, -1.0, -1.0, -1.0, -1.0, -1.0, -1.0, -1.0, -1.0, -1.0, -1.0, -1.0, -1.0]"
2025-05-07 20:44:50.726442,-0.0705914,0.0458341,-0.000206083,2.55324,1.93423,0.7,0.0,-1,942.478,56.566,42.0,-1.0,"[-1.0, -1.0, -1.0, -1.0, -1.0, -1.0, -1.0, -1.0, -1.0, -1.0, -1.0, -1.0, -1.0, -1.0, -1.0, -1.0, -1.0, -1.0, -1.0]"
2025-05-07 20:44:50.745334,-0.0694049,0.0230301,-0.000164925,2.55324,1.93433,0.7,0.0,-1,942.478,56.586,42.0,-1.0,"[-1.0, -1.0, -1.0, -1.0, -1.0, -1.0, -1.0, -1.0, -1.0, -1.0, -1.0, -1.0, -1.0, -1.0, -1.0, -1.0, -1.0, -1.0, -1.0]"
2025-05-07 20:44:50.765701,-0.0809343,0.0507004,-0.000174218,2.55322,1.93445,0.7,0.0,-1,942.478,56.606,42.0,-1.0,"[-1.0, -1.0, -1.0, -1.0, -1.0, -1.0, -1.0, -1.0, -1.0, -1.0, -1.0, -1.0, -1.0, -1.0, -1.0, -1.0, -1.0, -1.0, -1.0]"
2025-05-07 20:44:50.784845,-0.133224,0.0352947,-0.000221883,2.55327,1.93443,0.7,0.0,-1,942.478,56.626,42.0,-1.0,"[-1.0, -1.0, -1.0, -1.0, -1.0, -1.0, -1.0, -1.0, -1.0, -1.0, -1.0, -1.0, -1.0, -1.0, -1.0, -1.0, -1.0, -1.0, -1.0]"
2025-05-07 20:44:50.806076,-0.0669659,0.0243933,-0.000151199,2.55322,1.93458,0.7,0.0,-1,942.478,56.646,42.0,-1.0,"[-1.0, -1.0, -1.0, -1.0, -1.0, -1.0, -1.0, -1.0, -1.0, -1.0, -1.0, -1.0, -1.0, -1.0, -1.0, -1.0, -1.0, -1.0, -1.0]"
2025-05-07 20:44:50.827543,-0.0820682,0.035703,-0.000204036,2.55322,1.93467,0.7,0.0,-1,942.478,56.666,42.0,-1.0,"[-1.0, -1.0, -1.0, -1.0, -1.0, -1.0, -1.0, -1.0, -1.0, -1.0, -1.0, -1.0, -1.0, -1.0, -1.0, -1.0, -1.0, -1.0, -1.0]"
2025-05-07 20:44:50.846857,-0.098829,0.0545376,-0.000181833,2.55322,1.93465,0.7,0.0,-1,942.478,56.686,42.0,-1.0,"[-1.0, -1.0, -1.0, -1.0, -1.0, -1.0, -1.0, -1.0, -1.0, -1.0, -1.0, -1.0, -1.0, -1.0, -1.0, -1.0, -1.0, -1.0, -1.0]"
2025-05-07 20:44:50.865731,-0.145145,-0.00014135,-0.000166797,2.55327,1.93472,0.7,0.0,-1,942.478,56.706,42.0,-1.0,"[-1.0, -1.0, -1.0, -1.0, -1.0, -1.0, -1.0, -1.0, -1.0, -1.0, -1.0, -1.0, -1.0, -1.0, -1.0, -1.0, -1.0, -1.0, -1.0]"
2025-05-07 20:44:50.886293,-0.0818117,0.0417363,-0.000166965,2.55322,1.93492,0.7,0.0,-1,942.478,56.726,42.0,-1.0,"[-1.0, -1.0, -1.0, -1.0, -1.0, -1.0, -1.0, -1.0, -1.0, -1.0, -1.0, -1.0, -1.0, -1.0, -1.0, -1.0, -1.0, -1.0, -1.0]"
2025-05-07 20:44:50.906585,-0.0904384,0.0497376,-0.000237847,2.55324,1.93495,0.7,0.0,-1,942.478,56.746,42.0,-1.0,"[-1.0, -1.0, -1.0, -1.0, -1.0, -1.0, -1.0, -1.0, -1.0, -1.0, -1.0, -1.0, -1.0, -1.0, -1.0, -1.0, -1.0, -1.0, -1.0]"
2025-05-07 20:44:50.926368,-0.0675155,0.0149391,-0.000158536,2.55322,1.935,0.7,0.0,-1,942.478,56.766,42.0,-1.0,"[-1.0, -1.0, -1.0, -1.0, -1.0, -1.0, -1.0, -1.0, -1.0, -1.0, -1.0, -1.0, -1.0, -1.0, -1.0, -1.0, -1.0, -1.0, -1.0]"
2025-05-07 20:44:50.947278,-0.152409,0.017509,-0.000161894,2.55327,1.93516,0.7,0.0,-1,942.478,56.786,42.0,-1.0,"[-1.0, -1.0, -1.0, -1.0, -1.0, -1.0, -1.0, -1.0, -1.0, -1.0, -1.0, -1.0, -1.0, -1.0, -1.0, -1.0, -1.0, -1.0, -1.0]"
2025-05-07 20:44:50.966318,-0.0948094,0.0708631,-0.000187123,2.55322,1.93517,0.7,0.0,-1,942.478,56.806,42.0,-1.0,"[-1.0, -1.0, -1.0, -1.0, -1.0, -1.0, -1.0, -1.0, -1.0, -1.0, -1.0, -1.0, -1.0, -1.0, -1.0, -1.0, -1.0, -1.0, -1.0]"
2025-05-07 20:44:50.986268,-0.0669097,0.0300784,-0.000221374,2.55322,1.93521,0.7,0.0,-1,942.478,56.826,42.0,-1.0,"[-1.0, -1.0, -1.0, -1.0, -1.0, -1.0, -1.0, -1.0, -1.0, -1.0, -1.0, -1.0, -1.0, -1.0, -1.0, -1.0, -1.0, -1.0, -1.0]"
2025-05-07 20:44:51.008829,-0.153379,0.0154452,-0.000172267,2.55324,1.9353,0.7,0.0,-1,942.478,56.846,42.0,-1.0,"[-1.0, -1.0, -1.0, -1.0, -1.0, -1.0, -1.0, -1.0, -1.0, -1.0, -1.0, -1.0, -1.0, -1.0, -1.0, -1.0, -1.0, -1.0, -1.0]"
2025-05-07 20:44:51.026133,-0.153585,0.0236691,-0.000409139,2.55327,1.93521,0.7,0.0,-1,942.478,56.866,42.0,-1.0,"[-1.0, -1.0, -1.0, -1.0, -1.0, -1.0, -1.0, -1.0, -1.0, -1.0, -1.0, -1.0, -1.0, -1.0, -1.0, -1.0, -1.0, -1.0, -1.0]"
2025-05-07 20:44:51.046186,-0.120597,0.0411603,-0.000691849,2.55322,1.93525,0.7,0.0,-1,942.478,56.886,42.0,-1.0,"[-1.0, -1.0, -1.0, -1.0, -1.0, -1.0, -1.0, -1.0, -1.0, -1.0, -1.0, -1.0, -1.0, -1.0, -1.0, -1.0, -1.0, -1.0, -1.0]"
2025-05-07 20:44:51.066460,-0.13904,0.0407984,-0.00091772,2.55327,1.93509,0.7,0.0,-1,942.478,56.906,42.0,-1.0,"[-1.0, -1.0, -1.0, -1.0, -1.0, -1.0, -1.0, -1.0, -1.0, -1.0, -1.0, -1.0, -1.0, -1.0, -1.0, -1.0, -1.0, -1.0, -1.0]"
2025-05-07 20:44:51.087995,-0.166281,0.043318,-0.00106259,2.55324,1.93507,0.7,0.0,-1,942.478,56.926,42.0,-1.0,"[-1.0, -1.0, -1.0, -1.0, -1.0, -1.0, -1.0, -1.0, -1.0, -1.0, -1.0, -1.0, -1.0, -1.0, -1.0, -1.0, -1.0, -1.0, -1.0]"
2025-05-07 20:44:51.108640,-0.171415,0.051318,-0.00107476,2.55327,1.93484,0.7,0.0,-1,942.478,56.946,42.0,-1.0,"[-1.0, -1.0, -1.0, -1.0, -1.0, -1.0, -1.0, -1.0, -1.0, -1.0, -1.0, -1.0, -1.0, -1.0, -1.0, -1.0, -1.0, -1.0, -1.0]"
2025-05-07 20:44:51.126742,-0.176709,0.0567821,-0.00102995,2.55324,1.93477,0.7,0.0,-1,942.478,56.966,42.0,-1.0,"[-1.0, -1.0, -1.0, -1.0, -1.0, -1.0, -1.0, -1.0, -1.0, -1.0, -1.0, -1.0, -1.0, -1.0, -1.0, -1.0, -1.0, -1.0, -1.0]"
2025-05-07 20:44:51.144589,-0.158723,0.0584774,-0.000946057,2.55327,1.93449,0.7,0.0,-1,942.478,56.986,42.0,-1.0,"[-1.0, -1.0, -1.0, -1.0, -1.0, -1.0, -1.0, -1.0, -1.0, -1.0, -1.0, -1.0, -1.0, -1.0, -1.0, -1.0, -1.0, -1.0, -1.0]"
2025-05-07 20:44:51.167480,-0.176312,0.0568422,-0.000709121,2.55324,1.9344,0.7,0.0,-1,942.478,57.006,42.0,-1.0,"[-1.0, -1.0, -1.0, -1.0, -1.0, -1.0, -1.0, -1.0, -1.0, -1.0, -1.0, -1.0, -1.0, -1.0, -1.0, -1.0, -1.0, -1.0, -1.0]"
2025-05-07 20:44:51.185852,-0.177563,0.0574733,-0.000553485,2.55329,1.93413,0.7,0.0,-1,942.478,57.026,42.0,-1.0,"[-1.0, -1.0, -1.0, -1.0, -1.0, -1.0, -1.0, -1.0, -1.0, -1.0, -1.0, -1.0, -1.0, -1.0, -1.0, -1.0, -1.0, -1.0, -1.0]"
2025-05-07 20:44:51.204717,-0.179324,0.0610493,-0.000344948,2.55327,1.93404,0.7,0.0,-1,942.478,57.046,42.0,-1.0,"[-1.0, -1.0, -1.0, -1.0, -1.0, -1.0, -1.0, -1.0, -1.0, -1.0, -1.0, -1.0, -1.0, -1.0, -1.0, -1.0, -1.0, -1.0, -1.0]"
2025-05-07 20:44:51.227824,-0.159684,0.0610672,-0.000178057,2.55329,1.93376,0.7,0.0,-1,942.478,57.066,42.0,-1.0,"[-1.0, -1.0, -1.0, -1.0, -1.0, -1.0, -1.0, -1.0, -1.0, -1.0, -1.0, -1.0, -1.0, -1.0, -1.0, -1.0, -1.0, -1.0, -1.0]"
2025-05-07 20:44:51.244676,-0.176883,0.0597247,-0.000110075,2.55327,1.93367,0.7,0.0,-1,942.478,57.086,42.0,-1.0,"[-1.0, -1.0, -1.0, -1.0, -1.0, -1.0, -1.0, -1.0, -1.0, -1.0, -1.0, -1.0, -1.0, -1.0, -1.0, -1.0, -1.0, -1.0, -1.0]"
2025-05-07 20:44:51.267585,-0.158675,0.0609125,-6.04386e-05,2.55329,1.93339,0.7,0.0,-1,942.478,57.106,42.0,-1.0,"[-1.0, -1.0, -1.0, -1.0, -1.0, -1.0, -1.0, -1.0, -1.0, -1.0, -1.0, -1.0, -1.0, -1.0, -1.0, -1.0, -1.0, -1.0, -1.0]"
2025-05-07 20:44:51.285303,-0.176568,0.0600431,1.61534e-05,2.55327,1.93329,0.7,0.0,-1,942.478,57.126,42.0,-1.0,"[-1.0, -1.0, -1.0, -1.0, -1.0, -1.0, -1.0, -1.0, -1.0, -1.0, -1.0, -1.0, -1.0, -1.0, -1.0, -1.0, -1.0, -1.0, -1.0]"
2025-05-07 20:44:51.308118,-0.177977,0.0595049,6.98501e-05,2.55331,1.93302,0.7,0.0,-1,942.478,57.146,42.0,-1.0,"[-1.0, -1.0, -1.0, -1.0, -1.0, -1.0, -1.0, -1.0, -1.0, -1.0, -1.0, -1.0, -1.0, -1.0, -1.0, -1.0, -1.0, -1.0, -1.0]"
2025-05-07 20:44:51.326480,-0.180443,0.0628778,0.000149977,2.55331,1.93293,0.7,0.0,-1,942.478,57.166,42.0,-1.0,"[-1.0, -1.0, -1.0, -1.0, -1.0, -1.0, -1.0, -1.0, -1.0, -1.0, -1.0, -1.0, -1.0, -1.0, -1.0, -1.0, -1.0, -1.0, -1.0]"
2025-05-07 20:44:51.347658,-0.173642,0.0578437,0.000173522,2.55331,1.93266,0.7,0.0,-1,942.478,57.186,42.0,-1.0,"[-1.0, -1.0, -1.0, -1.0, -1.0, -1.0, -1.0, -1.0, -1.0, -1.0, -1.0, -1.0, -1.0, -1.0, -1.0, -1.0, -1.0, -1.0, -1.0]"
2025-05-07 20:44:51.366509,-0.179052,0.0626454,0.000193574,2.55329,1.93257,0.7,0.0,-1,942.478,57.206,42.0,-1.0,"[-1.0, -1.0, -1.0, -1.0, -1.0, -1.0, -1.0, -1.0, -1.0, -1.0, -1.0, -1.0, -1.0, -1.0, -1.0, -1.0, -1.0, -1.0, -1.0]"
2025-05-07 20:44:51.386290,-0.159352,0.0624006,0.000156208,2.55331,1.93229,0.7,0.0,-1,942.478,57.226,42.0,-1.0,"[-1.0, -1.0, -1.0, -1.0, -1.0, -1.0, -1.0, -1.0, -1.0, -1.0, -1.0, -1.0, -1.0, -1.0, -1.0, -1.0, -1.0, -1.0, -1.0]"
2025-05-07 20:44:51.409249,-0.177486,0.0607401,0.000165045,2.55329,1.93219,0.7,0.0,-1,942.478,57.246,42.0,-1.0,"[-1.0, -1.0, -1.0, -1.0, -1.0, -1.0, -1.0, -1.0, -1.0, -1.0, -1.0, -1.0, -1.0, -1.0, -1.0, -1.0, -1.0, -1.0, -1.0]"
2025-05-07 20:44:51.427333,-0.158694,0.0615358,0.000128032,2.55331,1.93191,0.7,0.0,-1,942.478,57.266,42.0,-1.0,"[-1.0, -1.0, -1.0, -1.0, -1.0, -1.0, -1.0, -1.0, -1.0, -1.0, -1.0, -1.0, -1.0, -1.0, -1.0, -1.0, -1.0, -1.0, -1.0]"
2025-05-07 20:44:51.446086,-0.133211,0.0822597,0.000115806,2.55331,1.93179,0.7,0.0,-1,942.478,57.286,42.0,-1.0,"[-1.0, -1.0, -1.0, -1.0, -1.0, -1.0, -1.0, -1.0, -1.0, -1.0, -1.0, -1.0, -1.0, -1.0, -1.0, -1.0, -1.0, -1.0, -1.0]"
2025-05-07 20:44:51.467282,-0.159959,0.0596039,6.65969e-05,2.55333,1.93152,0.7,0.0,-1,942.478,57.306,42.0,-1.0,"[-1.0, -1.0, -1.0, -1.0, -1.0, -1.0, -1.0, -1.0, -1.0, -1.0, -1.0, -1.0, -1.0, -1.0, -1.0, -1.0, -1.0, -1.0, -1.0]"
2025-05-07 20:44:51.485077,-0.176542,0.06066,2.83625e-05,2.55331,1.93143,0.7,0.0,-1,942.478,57.326,42.0,-1.0,"[-1.0, -1.0, -1.0, -1.0, -1.0, -1.0, -1.0, -1.0, -1.0, -1.0, -1.0, -1.0, -1.0, -1.0, -1.0, -1.0, -1.0, -1.0, -1.0]"
2025-05-07 20:44:51.509193,-0.158511,0.0612415,-6.52699e-05,2.55333,1.93116,0.7,0.0,-1,942.478,57.346,42.0,-1.0,"[-1.0, -1.0, -1.0, -1.0, -1.0, -1.0, -1.0, -1.0, -1.0, -1.0, -1.0, -1.0, -1.0, -1.0, -1.0, -1.0, -1.0, -1.0, -1.0]"
2025-05-07 20:44:51.528124,-0.176589,0.0599698,-0.000122089,2.55331,1.93106,0.7,0.0,-1,942.478,57.366,42.0,-1.0,"[-1.0, -1.0, -1.0, -1.0, -1.0, -1.0, -1.0, -1.0, -1.0, -1.0, -1.0, -1.0, -1.0, -1.0, -1.0, -1.0, -1.0, -1.0, -1.0]"
2025-05-07 20:44:51.546502,-0.177876,0.0591696,-0.000215473,2.55336,1.93079,0.7,0.0,-1,942.478,57.386,42.0,-1.0,"[-1.0, -1.0, -1.0, -1.0, -1.0, -1.0, -1.0, -1.0, -1.0, -1.0, -1.0, -1.0, -1.0, -1.0, -1.0, -1.0, -1.0, -1.0, -1.0]"
2025-05-07 20:44:51.568916,-0.179816,0.0623927,-0.000206528,2.55336,1.93069,0.7,0.0,-1,942.478,57.406,42.0,-1.0,"[-1.0, -1.0, -1.0, -1.0, -1.0, -1.0, -1.0, -1.0, -1.0, -1.0, -1.0, -1.0, -1.0, -1.0, -1.0, -1.0, -1.0, -1.0, -1.0]"
2025-05-07 20:44:51.586288,-0.17318,0.057326,-0.000225702,2.55336,1.93043,0.7,0.0,-1,942.478,57.426,42.0,-1.0,"[-1.0, -1.0, -1.0, -1.0, -1.0, -1.0, -1.0, -1.0, -1.0, -1.0, -1.0, -1.0, -1.0, -1.0, -1.0, -1.0, -1.0, -1.0, -1.0]"
2025-05-07 20:44:51.605379,-0.178237,0.0620275,-0.000190509,2.55333,1.93034,0.7,0.0,-1,942.478,57.446,42.0,-1.0,"[-1.0, -1.0, -1.0, -1.0, -1.0, -1.0, -1.0, -1.0, -1.0, -1.0, -1.0, -1.0, -1.0, -1.0, -1.0, -1.0, -1.0, -1.0, -1.0]"
2025-05-07 20:44:51.625174,-0.158767,0.0618877,-0.000217208,2.55336,1.93006,0.7,0.0,-1,942.478,57.466,42.0,-1.0,"[-1.0, -1.0, -1.0, -1.0, -1.0, -1.0, -1.0, -1.0, -1.0, -1.0, -1.0, -1.0, -1.0, -1.0, -1.0, -1.0, -1.0, -1.0, -1.0]"
2025-05-07 20:44:51.647165,-0.176767,0.0600015,-0.000209524,2.55333,1.92996,0.7,0.0,-1,942.478,57.486,42.0,-1.0,"[-1.0, -1.0, -1.0, -1.0, -1.0, -1.0, -1.0, -1.0, -1.0, -1.0, -1.0, -1.0, -1.0, -1.0, -1.0, -1.0, -1.0, -1.0, -1.0]"
2025-05-07 20:44:51.666590,-0.177802,0.0591383,-0.000203304,2.55338,1.92969,0.7,0.0,-1,942.478,57.506,42.0,-1.0,"[-1.0, -1.0, -1.0, -1.0, -1.0, -1.0, -1.0, -1.0, -1.0, -1.0, -1.0, -1.0, -1.0, -1.0, -1.0, -1.0, -1.0, -1.0, -1.0]"
2025-05-07 20:44:51.685328,-0.179614,0.0622901,-0.000203253,2.55336,1.92959,0.7,0.0,-1,942.478,57.526,42.0,-1.0,"[-1.0, -1.0, -1.0, -1.0, -1.0, -1.0, -1.0, -1.0, -1.0, -1.0, -1.0, -1.0, -1.0, -1.0, -1.0, -1.0, -1.0, -1.0, -1.0]"
2025-05-07 20:44:51.704835,-0.159212,0.061709,-0.000225911,2.55338,1.92931,0.7,0.0,-1,942.478,57.546,42.0,-1.0,"[-1.0, -1.0, -1.0, -1.0, -1.0, -1.0, -1.0, -1.0, -1.0, -1.0, -1.0, -1.0, -1.0, -1.0, -1.0, -1.0, -1.0, -1.0, -1.0]"
2025-05-07 20:44:51.727364,-0.176378,0.0600207,-0.000199608,2.55336,1.92921,0.7,0.0,-1,942.478,57.566,42.0,-1.0,"[-1.0, -1.0, -1.0, -1.0, -1.0, -1.0, -1.0, -1.0, -1.0, -1.0, -1.0, -1.0, -1.0, -1.0, -1.0, -1.0, -1.0, -1.0, -1.0]"
2025-05-07 20:44:51.746880,-0.157959,0.0608795,-0.000195698,2.55338,1.92893,0.7,0.0,-1,942.478,57.586,42.0,-1.0,"[-1.0, -1.0, -1.0, -1.0, -1.0, -1.0, -1.0, -1.0, -1.0, -1.0, -1.0, -1.0, -1.0, -1.0, -1.0, -1.0, -1.0, -1.0, -1.0]"
2025-05-07 20:44:51.765271,-0.175835,0.0595419,-0.000207361,2.55336,1.92883,0.7,0.0,-1,942.478,57.606,42.0,-1.0,"[-1.0, -1.0, -1.0, -1.0, -1.0, -1.0, -1.0, -1.0, -1.0, -1.0, -1.0, -1.0, -1.0, -1.0, -1.0, -1.0, -1.0, -1.0, -1.0]"
2025-05-07 20:44:51.784997,-0.177539,0.0587942,-0.000213374,2.5534,1.92856,0.7,0.0,-1,942.478,57.626,42.0,-1.0,"[-1.0, -1.0, -1.0, -1.0, -1.0, -1.0, -1.0, -1.0, -1.0, -1.0, -1.0, -1.0, -1.0, -1.0, -1.0, -1.0, -1.0, -1.0, -1.0]"
2025-05-07 20:44:51.806318,-0.179232,0.0621545,-0.000202692,2.55338,1.92846,0.7,0.0,-1,942.478,57.646,42.0,-1.0,"[-1.0, -1.0, -1.0, -1.0, -1.0, -1.0, -1.0, -1.0, -1.0, -1.0, -1.0, -1.0, -1.0, -1.0, -1.0, -1.0, -1.0, -1.0, -1.0]"
2025-05-07 20:44:51.825892,-0.158961,0.0616203,-0.00021201,2.5534,1.92818,0.7,0.0,-1,942.478,57.666,42.0,-1.0,"[-1.0, -1.0, -1.0, -1.0, -1.0, -1.0, -1.0, -1.0, -1.0, -1.0, -1.0, -1.0, -1.0, -1.0, -1.0, -1.0, -1.0, -1.0, -1.0]"
2025-05-07 20:44:51.845882,-0.176116,0.0599614,-0.000197688,2.55338,1.92808,0.7,0.0,-1,942.478,57.686,42.0,-1.0,"[-1.0, -1.0, -1.0, -1.0, -1.0, -1.0, -1.0, -1.0, -1.0, -1.0, -1.0, -1.0, -1.0, -1.0, -1.0, -1.0, -1.0, -1.0, -1.0]"
2025-05-07 20:44:51.864864,-0.157785,0.0607919,-0.000206773,2.5534,1.9278,0.7,0.0,-1,942.478,57.706,42.0,-1.0,"[-1.0, -1.0, -1.0, -1.0, -1.0, -1.0, -1.0, -1.0, -1.0, -1.0, -1.0, -1.0, -1.0, -1.0, -1.0, -1.0, -1.0, -1.0, -1.0]"
2025-05-07 20:44:51.886908,-0.12737,0.0773092,-0.000194809,2.55336,1.92769,0.7,0.0,-1,942.478,57.726,42.0,-1.0,"[-1.0, -1.0, -1.0, -1.0, -1.0, -1.0, -1.0, -1.0, -1.0, -1.0, -1.0, -1.0, -1.0, -1.0, -1.0, -1.0, -1.0, -1.0, -1.0]"
2025-05-07 20:44:51.904474,-0.170895,0.0634964,-0.00019664,2.55342,1.92742,0.7,0.0,-1,942.478,57.746,42.0,-1.0,"[-1.0, -1.0, -1.0, -1.0, -1.0, -1.0, -1.0, -1.0, -1.0, -1.0, -1.0, -1.0, -1.0, -1.0, -1.0, -1.0, -1.0, -1.0, -1.0]"
2025-05-07 20:44:51.924340,-0.179157,0.0634425,-0.000195285,2.5534,1.92732,0.7,0.0,-1,942.478,57.766,42.0,-1.0,"[-1.0, -1.0, -1.0, -1.0, -1.0, -1.0, -1.0, -1.0, -1.0, -1.0, -1.0, -1.0, -1.0, -1.0, -1.0, -1.0, -1.0, -1.0, -1.0]"
2025-05-07 20:44:51.945005,-0.15905,0.0620435,-0.000200695,2.55342,1.92704,0.7,0.0,-1,942.478,57.786,42.0,-1.0,"[-1.0, -1.0, -1.0, -1.0, -1.0, -1.0, -1.0, -1.0, -1.0, -1.0, -1.0, -1.0, -1.0, -1.0, -1.0, -1.0, -1.0, -1.0, -1.0]"
2025-05-07 20:44:51.965902,-0.176251,0.0601746,-0.00020272,2.5534,1.92693,0.7,0.0,-1,942.478,57.806,42.0,-1.0,"[-1.0, -1.0, -1.0, -1.0, -1.0, -1.0, -1.0, -1.0, -1.0, -1.0, -1.0, -1.0, -1.0, -1.0, -1.0, -1.0, -1.0, -1.0, -1.0]"
2025-05-07 20:44:51.986926,-0.15779,0.0607856,-0.000224494,2.55342,1.92665,0.7,0.0,-1,942.478,57.826,42.0,-1.0,"[-1.0, -1.0, -1.0, -1.0, -1.0, -1.0, -1.0, -1.0, -1.0, -1.0, -1.0, -1.0, -1.0, -1.0, -1.0, -1.0, -1.0, -1.0, -1.0]"
2025-05-07 20:44:52.007605,-0.132101,0.0810557,-0.000200736,2.55342,1.92654,0.7,0.0,-1,942.478,57.846,42.0,-1.0,"[-1.0, -1.0, -1.0, -1.0, -1.0, -1.0, -1.0, -1.0, -1.0, -1.0, -1.0, -1.0, -1.0, -1.0, -1.0, -1.0, -1.0, -1.0, -1.0]"
2025-05-07 20:44:52.026938,-0.158493,0.0589396,-0.000207928,2.55344,1.92628,0.7,0.0,-1,942.478,57.866,42.0,-1.0,"[-1.0, -1.0, -1.0, -1.0, -1.0, -1.0, -1.0, -1.0, -1.0, -1.0, -1.0, -1.0, -1.0, -1.0, -1.0, -1.0, -1.0, -1.0, -1.0]"
2025-05-07 20:44:52.045574,-0.174831,0.0599804,-0.000189559,2.55342,1.92619,0.7,0.0,-1,942.478,57.886,42.0,-1.0,"[-1.0, -1.0, -1.0, -1.0, -1.0, -1.0, -1.0, -1.0, -1.0, -1.0, -1.0, -1.0, -1.0, -1.0, -1.0, -1.0, -1.0, -1.0, -1.0]"
2025-05-07 20:44:52.066083,-0.157305,0.0604297,-0.000191307,2.55344,1.92591,0.7,0.0,-1,942.478,57.906,42.0,-1.0,"[-1.0, -1.0, -1.0, -1.0, -1.0, -1.0, -1.0, -1.0, -1.0, -1.0, -1.0, -1.0, -1.0, -1.0, -1.0, -1.0, -1.0, -1.0, -1.0]"
2025-05-07 20:44:52.086655,-0.175213,0.0590026,-0.000181212,2.55342,1.92581,0.7,0.0,-1,942.478,57.926,42.0,-1.0,"[-1.0, -1.0, -1.0, -1.0, -1.0, -1.0, -1.0, -1.0, -1.0, -1.0, -1.0, -1.0, -1.0, -1.0, -1.0, -1.0, -1.0, -1.0, -1.0]"
2025-05-07 20:44:52.107894,-0.177218,0.0583481,-0.000196557,2.55347,1.92555,0.7,0.0,-1,942.478,57.946,42.0,-1.0,"[-1.0, -1.0, -1.0, -1.0, -1.0, -1.0, -1.0, -1.0, -1.0, -1.0, -1.0, -1.0, -1.0, -1.0, -1.0, -1.0, -1.0, -1.0, -1.0]"
2025-05-07 20:44:52.127799,-0.178445,0.0617292,-0.000187852,2.55344,1.92545,0.7,0.0,-1,942.478,57.966,42.0,-1.0,"[-1.0, -1.0, -1.0, -1.0, -1.0, -1.0, -1.0, -1.0, -1.0, -1.0, -1.0, -1.0, -1.0, -1.0, -1.0, -1.0, -1.0, -1.0, -1.0]"
2025-05-07 20:44:52.146278,-0.158334,0.0611954,-0.00019615,2.55347,1.92517,0.7,0.0,-1,942.478,57.986,42.0,-1.0,"[-1.0, -1.0, -1.0, -1.0, -1.0, -1.0, -1.0, -1.0, -1.0, -1.0, -1.0, -1.0, -1.0, -1.0, -1.0, -1.0, -1.0, -1.0, -1.0]"
2025-05-07 20:44:52.166455,-0.175471,0.0592497,-0.000191612,2.55344,1.92507,0.7,0.0,-1,942.478,58.006,42.0,-1.0,"[-1.0, -1.0, -1.0, -1.0, -1.0, -1.0, -1.0, -1.0, -1.0, -1.0, -1.0, -1.0, -1.0, -1.0, -1.0, -1.0, -1.0, -1.0, -1.0]"
2025-05-07 20:44:52.186219,-0.157097,0.0602392,-0.000206928,2.55347,1.92479,0.7,0.0,-1,942.478,58.026,42.0,-1.0,"[-1.0, -1.0, -1.0, -1.0, -1.0, -1.0, -1.0, -1.0, -1.0, -1.0, -1.0, -1.0, -1.0, -1.0, -1.0, -1.0, -1.0, -1.0, -1.0]"
2025-05-07 20:44:52.204710,-0.126665,0.0761237,-0.000187159,2.55342,1.92468,0.7,0.0,-1,942.478,58.046,42.0,-1.0,"[-1.0, -1.0, -1.0, -1.0, -1.0, -1.0, -1.0, -1.0, -1.0, -1.0, -1.0, -1.0, -1.0, -1.0, -1.0, -1.0, -1.0, -1.0, -1.0]"
2025-05-07 20:44:52.231396,-0.170016,0.0628287,-0.000212253,2.55349,1.92441,0.7,0.0,-1,942.478,58.066,42.0,-1.0,"[-1.0, -1.0, -1.0, -1.0, -1.0, -1.0, -1.0, -1.0, -1.0, -1.0, -1.0, -1.0, -1.0, -1.0, -1.0, -1.0, -1.0, -1.0, -1.0]"
2025-05-07 20:44:52.247590,-0.178272,0.0625933,-0.000189228,2.55347,1.92431,0.7,0.0,-1,942.478,58.086,42.0,-1.0,"[-1.0, -1.0, -1.0, -1.0, -1.0, -1.0, -1.0, -1.0, -1.0, -1.0, -1.0, -1.0, -1.0, -1.0, -1.0, -1.0, -1.0, -1.0, -1.0]"
2025-05-07 20:44:52.266330,-0.158295,0.0614103,-0.000192806,2.55349,1.92404,0.7,0.0,-1,942.478,58.106,42.0,-1.0,"[-1.0, -1.0, -1.0, -1.0, -1.0, -1.0, -1.0, -1.0, -1.0, -1.0, -1.0, -1.0, -1.0, -1.0, -1.0, -1.0, -1.0, -1.0, -1.0]"
2025-05-07 20:44:52.286055,-0.175401,0.0594021,-0.000189817,2.55347,1.92393,0.7,0.0,-1,942.478,58.126,42.0,-1.0,"[-1.0, -1.0, -1.0, -1.0, -1.0, -1.0, -1.0, -1.0, -1.0, -1.0, -1.0, -1.0, -1.0, -1.0, -1.0, -1.0, -1.0, -1.0, -1.0]"
2025-05-07 20:44:52.309702,-0.177375,0.0583745,-0.000208728,2.55351,1.92367,0.7,0.0,-1,942.478,58.146,42.0,-1.0,"[-1.0, -1.0, -1.0, -1.0, -1.0, -1.0, -1.0, -1.0, -1.0, -1.0, -1.0, -1.0, -1.0, -1.0, -1.0, -1.0, -1.0, -1.0, -1.0]"
2025-05-07 20:44:52.328309,-0.17804,0.0617514,-0.000207847,2.55349,1.92357,0.7,0.0,-1,942.478,58.166,42.0,-1.0,"[-1.0, -1.0, -1.0, -1.0, -1.0, -1.0, -1.0, -1.0, -1.0, -1.0, -1.0, -1.0, -1.0, -1.0, -1.0, -1.0, -1.0, -1.0, -1.0]"
2025-05-07 20:44:52.346980,-0.158127,0.0609587,-0.00020764,2.55351,1.92329,0.7,0.0,-1,942.478,58.186,42.0,-1.0,"[-1.0, -1.0, -1.0, -1.0, -1.0, -1.0, -1.0, -1.0, -1.0, -1.0, -1.0, -1.0, -1.0, -1.0, -1.0, -1.0, -1.0, -1.0, -1.0]"
2025-05-07 20:44:52.368137,-0.174898,0.0591877,-0.000193274,2.55349,1.92319,0.7,0.0,-1,942.478,58.206,42.0,-1.0,"[-1.0, -1.0, -1.0, -1.0, -1.0, -1.0, -1.0, -1.0, -1.0, -1.0, -1.0, -1.0, -1.0, -1.0, -1.0, -1.0, -1.0, -1.0, -1.0]"
2025-05-07 20:44:52.387100,-0.156875,0.0599849,-0.000211766,2.55351,1.92291,0.7,0.0,-1,942.478,58.226,42.0,-1.0,"[-1.0, -1.0, -1.0, -1.0, -1.0, -1.0, -1.0, -1.0, -1.0, -1.0, -1.0, -1.0, -1.0, -1.0, -1.0, -1.0, -1.0, -1.0, -1.0]"
2025-05-07 20:44:52.404659,-0.126166,0.0761033,-0.000183492,2.55347,1.9228,0.7,0.0,-1,942.478,58.246,42.0,-1.0,"[-1.0, -1.0, -1.0, -1.0, -1.0, -1.0, -1.0, -1.0, -1.0, -1.0, -1.0, -1.0, -1.0, -1.0, -1.0, -1.0, -1.0, -1.0, -1.0]"
2025-05-07 20:44:52.427126,-0.169675,0.0626024,-0.000204577,2.55353,1.92253,0.7,0.0,-1,942.478,58.266,42.0,-1.0,"[-1.0, -1.0, -1.0, -1.0, -1.0, -1.0, -1.0, -1.0, -1.0, -1.0, -1.0, -1.0, -1.0, -1.0, -1.0, -1.0, -1.0, -1.0, -1.0]"
2025-05-07 20:44:52.445442,-0.177674,0.0624515,-0.000199041,2.55351,1.92243,0.7,0.0,-1,942.478,58.286,42.0,-1.0,"[-1.0, -1.0, -1.0, -1.0, -1.0, -1.0, -1.0, -1.0, -1.0, -1.0, -1.0, -1.0, -1.0, -1.0, -1.0, -1.0, -1.0, -1.0, -1.0]"
2025-05-07 20:44:52.464910,-0.158041,0.0611596,-0.000231061,2.55353,1.92215,0.7,0.0,-1,942.478,58.306,42.0,-1.0,"[-1.0, -1.0, -1.0, -1.0, -1.0, -1.0, -1.0, -1.0, -1.0, -1.0, -1.0, -1.0, -1.0, -1.0, -1.0, -1.0, -1.0, -1.0, -1.0]"
2025-05-07 20:44:52.484591,-0.174869,0.0592333,-0.000203253,2.55351,1.92205,0.7,0.0,-1,942.478,58.326,42.0,-1.0,"[-1.0, -1.0, -1.0, -1.0, -1.0, -1.0, -1.0, -1.0, -1.0, -1.0, -1.0, -1.0, -1.0, -1.0, -1.0, -1.0, -1.0, -1.0, -1.0]"
2025-05-07 20:44:52.506364,-0.177137,0.0581663,-0.000213738,2.55356,1.92179,0.7,0.0,-1,942.478,58.346,42.0,-1.0,"[-1.0, -1.0, -1.0, -1.0, -1.0, -1.0, -1.0, -1.0, -1.0, -1.0, -1.0, -1.0, -1.0, -1.0, -1.0, -1.0, -1.0, -1.0, -1.0]"
2025-05-07 20:44:52.525133,-0.177651,0.061559,-0.000189924,2.55353,1.92169,0.7,0.0,-1,942.478,58.366,42.0,-1.0,"[-1.0, -1.0, -1.0, -1.0, -1.0, -1.0, -1.0, -1.0, -1.0, -1.0, -1.0, -1.0, -1.0, -1.0, -1.0, -1.0, -1.0, -1.0, -1.0]"
2025-05-07 20:44:52.544584,-0.157726,0.0607997,-0.0002096,2.55356,1.92141,0.7,0.0,-1,942.478,58.386,42.0,-1.0,"[-1.0, -1.0, -1.0, -1.0, -1.0, -1.0, -1.0, -1.0, -1.0, -1.0, -1.0, -1.0, -1.0, -1.0, -1.0, -1.0, -1.0, -1.0, -1.0]"
2025-05-07 20:44:52.566774,-0.174602,0.0588258,-0.000196326,2.55353,1.92131,0.7,0.0,-1,942.478,58.406,42.0,-1.0,"[-1.0, -1.0, -1.0, -1.0, -1.0, -1.0, -1.0, -1.0, -1.0, -1.0, -1.0, -1.0, -1.0, -1.0, -1.0, -1.0, -1.0, -1.0, -1.0]"
2025-05-07 20:44:52.586386,-0.156519,0.0597771,-0.000215773,2.55356,1.92103,0.42156519000000003,0.0,-1,942.478,58.426,42.0,1.0,"[-1.0, -1.0, -1.0, -1.0, -1.0, -1.0, -1.0, -1.0, -1.0, -1.0, -1.0, -1.0, -1.0, -1.0, -1.0, -1.0, -1.0, -1.0, -1.0]"
2025-05-07 20:44:52.606408,-0.11371,0.0849216,-0.000201186,2.55353,1.92092,0.4211371,0.0,-1,942.478,58.446,42.0,1.0,"[-1.0, -1.0, -1.0, -1.0, -1.0, -1.0, -1.0, -1.0, -1.0, -1.0, -1.0, -1.0, -1.0, -1.0, -1.0, -1.0, -1.0, -1.0, -1.0]"
2025-05-07 20:44:52.625763,-0.157118,0.0575291,-0.000202013,2.55358,1.92065,0.42157118,0.0,-1,942.478,58.466,42.0,1.0,"[-1.0, -1.0, -1.0, -1.0, -1.0, -1.0, -1.0, -1.0, -1.0, -1.0, -1.0, -1.0, -1.0, -1.0, -1.0, -1.0, -1.0, -1.0, -1.0]"
2025-05-07 20:44:52.645690,-0.173208,0.0581728,-0.000204457,2.55356,1.92056,0.42173208,0.0,-1,942.478,58.486,42.0,1.0,"[-1.0, -1.0, -1.0, -1.0, -1.0, -1.0, -1.0, -1.0, -1.0, -1.0, -1.0, -1.0, -1.0, -1.0, -1.0, -1.0, -1.0, -1.0, -1.0]"
2025-05-07 20:44:52.667972,-0.156037,0.0590697,-0.000210333,2.55358,1.92029,0.42156036999999996,0.0,-1,942.478,58.506,42.0,1.0,"[-1.0, -1.0, -1.0, -1.0, -1.0, -1.0, -1.0, -1.0, -1.0, -1.0, -1.0, -1.0, -1.0, -1.0, -1.0, -1.0, -1.0, -1.0, -1.0]"
2025-05-07 20:44:52.686175,-0.173454,0.0575573,-0.000198289,2.55356,1.9202,0.42173454,0.0,-1,942.478,58.526,42.0,1.0,"[-1.0, -1.0, -1.0, -1.0, -1.0, -1.0, -1.0, -1.0, -1.0, -1.0, -1.0, -1.0, -1.0, -1.0, -1.0, -1.0, -1.0, -1.0, -1.0]"
2025-05-07 20:44:52.707154,-0.176526,0.0571529,-0.000217795,2.5536,1.91993,0.42176526000000003,0.0,-1,942.478,58.546,42.0,1.0,"[-1.0, -1.0, -1.0, -1.0, -1.0, -1.0, -1.0, -1.0, -1.0, -1.0, -1.0, -1.0, -1.0, -1.0, -1.0, -1.0, -1.0, -1.0, -1.0]"
2025-05-07 20:44:52.726343,-0.176829,0.0605346,-0.000179636,2.55358,1.91984,0.42176829,0.0,-1,942.478,58.566,42.0,1.0,"[-1.0, -1.0, -1.0, -1.0, -1.0, -1.0, -1.0, -1.0, -1.0, -1.0, -1.0, -1.0, -1.0, -1.0, -1.0, -1.0, -1.0, -1.0, -1.0]"
2025-05-07 20:44:52.746876,-0.157154,0.060125,-0.000207661,2.5536,1.91956,0.42157153999999997,0.0,-1,942.478,58.586,42.0,1.0,"[-1.0, -1.0, -1.0, -1.0, -1.0, -1.0, -1.0, -1.0, -1.0, -1.0, -1.0, -1.0, -1.0, -1.0, -1.0, -1.0, -1.0, -1.0, -1.0]"
2025-05-07 20:44:52.765295,-0.173904,0.0579709,-0.00019295,2.55358,1.91946,0.42173904,0.0,-1,942.478,58.606,42.0,1.0,"[-1.0, -1.0, -1.0, -1.0, -1.0, -1.0, -1.0, -1.0, -1.0, -1.0, -1.0, -1.0, -1.0, -1.0, -1.0, -1.0, -1.0, -1.0, -1.0]"
2025-05-07 20:44:52.786420,-0.155895,0.059285,-0.000208596,2.5536,1.91919,0.42155895,0.0,-1,942.478,58.626,42.0,1.0,"[-1.0, -1.0, -1.0, -1.0, -1.0, -1.0, -1.0, -1.0, -1.0, -1.0, -1.0, -1.0, -1.0, -1.0, -1.0, -1.0, -1.0, -1.0, -1.0]"
2025-05-07 20:44:52.807199,-0.13032,0.078644,-0.000203144,2.5536,1.91908,0.4213032,0.0,-1,942.478,58.646,42.0,1.0,"[-1.0, -1.0, -1.0, -1.0, -1.0, -1.0, -1.0, -1.0, -1.0, -1.0, -1.0, -1.0, -1.0, -1.0, -1.0, -1.0, -1.0, -1.0, -1.0]"
2025-05-07 20:44:52.828994,-0.156303,0.0573977,-0.000224925,2.55362,1.91882,0.42156303,0.0,-1,942.478,58.666,42.0,1.0,"[-1.0, -1.0, -1.0, -1.0, -1.0, -1.0, -1.0, -1.0, -1.0, -1.0, -1.0, -1.0, -1.0, -1.0, -1.0, -1.0, -1.0, -1.0, -1.0]"
2025-05-07 20:44:52.846965,-0.172366,0.0584039,-0.000202006,2.5536,1.91874,0.42172365999999994,0.0,-1,942.478,58.686,42.0,1.0,"[-1.0, -1.0, -1.0, -1.0, -1.0, -1.0, -1.0, -1.0, -1.0, -1.0, -1.0, -1.0, -1.0, -1.0, -1.0, -1.0, -1.0, -1.0, -1.0]"
2025-05-07 20:44:52.867545,-0.155653,0.0590946,-0.000204404,2.55362,1.91846,0.42155653,0.0,-1,942.478,58.706,42.0,1.0,"[-1.0, -1.0, -1.0, -1.0, -1.0, -1.0, -1.0, -1.0, -1.0, -1.0, -1.0, -1.0, -1.0, -1.0, -1.0, -1.0, -1.0, -1.0, -1.0]"
2025-05-07 20:44:52.885101,-0.119552,0.0766872,-0.00018727,2.55358,1.91836,0.42119552,0.0,-1,942.478,58.726,42.0,1.0,"[-1.0, -1.0, -1.0, -1.0, -1.0, -1.0, -1.0, -1.0, -1.0, -1.0, -1.0, -1.0, -1.0, -1.0, -1.0, -1.0, -1.0, -1.0, -1.0]"
2025-05-07 20:44:52.908427,-0.166615,0.0606446,-0.000217214,2.55364,1.9181,0.42166615,0.0,-1,942.478,58.746,42.0,1.0,"[-1.0, -1.0, -1.0, -1.0, -1.0, -1.0, -1.0, -1.0, -1.0, -1.0, -1.0, -1.0, -1.0, -1.0, -1.0, -1.0, -1.0, -1.0, -1.0]"
2025-05-07 20:44:52.926358,-0.175386,0.0605913,-0.000191137,2.55362,1.91801,0.42175386000000004,0.0,-1,942.478,58.766,42.0,1.0,"[-1.0, -1.0, -1.0, -1.0, -1.0, -1.0, -1.0, -1.0, -1.0, -1.0, -1.0, -1.0, -1.0, -1.0, -1.0, -1.0, -1.0, -1.0, -1.0]"
2025-05-07 20:44:52.944629,-0.156603,0.0598051,-0.000222518,2.55364,1.91773,0.42156603,0.0,-1,942.478,58.786,42.0,1.0,"[-1.0, -1.0, -1.0, -1.0, -1.0, -1.0, -1.0, -1.0, -1.0, -1.0, -1.0, -1.0, -1.0, -1.0, -1.0, -1.0, -1.0, -1.0, -1.0]"
2025-05-07 20:44:52.965492,-0.173428,0.057623,-0.000211562,2.55362,1.91764,0.42173428,0.0,-1,942.478,58.806,42.0,1.0,"[-1.0, -1.0, -1.0, -1.0, -1.0, -1.0, -1.0, -1.0, -1.0, -1.0, -1.0, -1.0, -1.0, -1.0, -1.0, -1.0, -1.0, -1.0, -1.0]"
2025-05-07 20:44:52.986025,-0.176395,0.057039,-0.000205749,2.55367,1.91737,0.42176395,0.0,-1,942.478,58.826,42.0,1.0,"[-1.0, -1.0, -1.0, -1.0, -1.0, -1.0, -1.0, -1.0, -1.0, -1.0, -1.0, -1.0, -1.0, -1.0, -1.0, -1.0, -1.0, -1.0, -1.0]"
2025-05-07 20:44:53.005092,-0.128808,0.0546458,-0.000126859,2.55362,1.91737,0.42128808,0.0,-1,942.478,58.846,42.0,1.0,"[-1.0, -1.0, -1.0, -1.0, -1.0, -1.0, -1.0, -1.0, -1.0, -1.0, -1.0, -1.0, -1.0, -1.0, -1.0, -1.0, -1.0, -1.0, -1.0]"
2025-05-07 20:44:53.026943,-0.195947,0.0695886,0.000171718,2.55367,1.91724,0.42195946999999995,0.0,-1,942.478,58.866,42.0,1.0,"[-1.0, -1.0, -1.0, -1.0, -1.0, -1.0, -1.0, -1.0, -1.0, -1.0, -1.0, -1.0, -1.0, -1.0, -1.0, -1.0, -1.0, -1.0, -1.0]"
2025-05-07 20:44:53.044888,-0.0702048,0.0362643,0.000584155,2.55362,1.91718,0.420702048,0.0,-1,942.478,58.886,42.0,1.0,"[-1.0, -1.0, -1.0, -1.0, -1.0, -1.0, -1.0, -1.0, -1.0, -1.0, -1.0, -1.0, -1.0, -1.0, -1.0, -1.0, -1.0, -1.0, -1.0]"
2025-05-07 20:44:53.066001,-0.105656,0.00894424,0.000953471,2.55364,1.91707,0.42105656,0.0,-1,942.478,58.906,42.0,1.0,"[-1.0, -1.0, -1.0, -1.0, -1.0, -1.0, -1.0, -1.0, -1.0, -1.0, -1.0, -1.0, -1.0, -1.0, -1.0, -1.0, -1.0, -1.0, -1.0]"
2025-05-07 20:44:53.084786,-0.0448502,0.057525,0.00119568,2.55362,1.91701,0.420448502,0.0,-1,942.478,58.926,42.0,1.0,"[-1.0, -1.0, -1.0, -1.0, -1.0, -1.0, -1.0, -1.0, -1.0, -1.0, -1.0, -1.0, -1.0, -1.0, -1.0, -1.0, -1.0, -1.0, -1.0]"
2025-05-07 20:44:53.108426,-0.0518636,0.00299955,0.0011517,2.55362,1.91696,0.42051863599999995,0.0,-1,942.478,58.946,42.0,1.0,"[-1.0, -1.0, -1.0, -1.0, -1.0, -1.0, -1.0, -1.0, -1.0, -1.0, -1.0, -1.0, -1.0, -1.0, -1.0, -1.0, -1.0, -1.0, -1.0]"
2025-05-07 20:44:53.129022,-0.0417909,0.0282747,0.00106574,2.55362,1.91694,0.42041790900000003,0.0,-1,942.478,58.966,42.0,1.0,"[-1.0, -1.0, -1.0, -1.0, -1.0, -1.0, -1.0, -1.0, -1.0, -1.0, -1.0, -1.0, -1.0, -1.0, -1.0, -1.0, -1.0, -1.0, -1.0]"
2025-05-07 20:44:53.145200,-0.0492247,0.0233187,0.000985008,2.55364,1.91707,0.42049224700000004,0.0,-1,942.478,58.986,42.0,1.0,"[-1.0, -1.0, -1.0, -1.0, -1.0, -1.0, -1.0, -1.0, -1.0, -1.0, -1.0, -1.0, -1.0, -1.0, -1.0, -1.0, -1.0, -1.0, -1.0]"
2025-05-07 20:44:53.167893,-0.0767338,0.0366329,0.000772719,2.55362,1.91718,0.420767338,0.0,-1,942.478,59.006,42.0,1.0,"[-1.0, -1.0, -1.0, -1.0, -1.0, -1.0, -1.0, -1.0, -1.0, -1.0, -1.0, -1.0, -1.0, -1.0, -1.0, -1.0, -1.0, -1.0, -1.0]"
2025-05-07 20:44:53.186634,-0.06064,0.0354023,0.000390292,2.55362,1.91717,0.4206064,0.0,-1,942.478,59.026,42.0,1.0,"[-1.0, -1.0, -1.0, -1.0, -1.0, -1.0, -1.0, -1.0, -1.0, -1.0, -1.0, -1.0, -1.0, -1.0, -1.0, -1.0, -1.0, -1.0, -1.0]"
2025-05-07 20:44:53.207965,-0.0552713,0.0180278,0.000133336,2.55362,1.91715,0.420552713,0.0,-1,942.478,59.046,42.0,1.0,"[-1.0, -1.0, -1.0, -1.0, -1.0, -1.0, -1.0, -1.0, -1.0, -1.0, -1.0, -1.0, -1.0, -1.0, -1.0, -1.0, -1.0, -1.0, -1.0]"
2025-05-07 20:44:53.226028,-0.0781426,0.0226381,-3.50894e-05,2.55362,1.91724,0.420781426,0.0,-1,942.478,59.066,42.0,1.0,"[-1.0, -1.0, -1.0, -1.0, -1.0, -1.0, -1.0, -1.0, -1.0, -1.0, -1.0, -1.0, -1.0, -1.0, -1.0, -1.0, -1.0, -1.0, -1.0]"
2025-05-07 20:44:53.247461,-0.158139,0.0323505,-0.000220997,2.55364,1.91722,0.42158139,0.0,-1,942.478,59.086,42.0,1.0,"[-1.0, -1.0, -1.0, -1.0, -1.0, -1.0, -1.0, -1.0, -1.0, -1.0, -1.0, -1.0, -1.0, -1.0, -1.0, -1.0, -1.0, -1.0, -1.0]"
2025-05-07 20:44:53.267410,-0.10616,0.00556683,-0.000324084,2.55364,1.9172,0.42106160000000004,0.0,-1,942.478,59.106,42.0,1.0,"[-1.0, -1.0, -1.0, -1.0, -1.0, -1.0, -1.0, -1.0, -1.0, -1.0, -1.0, -1.0, -1.0, -1.0, -1.0, -1.0, -1.0, -1.0, -1.0]"
2025-05-07 20:44:53.288161,-0.0662282,0.0132384,-0.000245311,2.55362,1.9173,0.420662282,0.0,-1,942.478,59.126,42.0,1.0,"[-1.0, -1.0, -1.0, -1.0, -1.0, -1.0, -1.0, -1.0, -1.0, -1.0, -1.0, -1.0, -1.0, -1.0, -1.0, -1.0, -1.0, -1.0, -1.0]"
2025-05-07 20:44:53.305539,-0.138542,0.0127676,-0.000240606,2.55367,1.91728,0.42138542,0.0,-1,942.478,59.146,42.0,1.0,"[-1.0, -1.0, -1.0, -1.0, -1.0, -1.0, -1.0, -1.0, -1.0, -1.0, -1.0, -1.0, -1.0, -1.0, -1.0, -1.0, -1.0, -1.0, -1.0]"
2025-05-07 20:44:53.327984,-0.0704079,0.0361851,-0.000228598,2.55362,1.91719,0.420704079,0.0,-1,942.478,59.166,42.0,1.0,"[-1.0, -1.0, -1.0, -1.0, -1.0, -1.0, -1.0, -1.0, -1.0, -1.0, -1.0, -1.0, -1.0, -1.0, -1.0, -1.0, -1.0, -1.0, -1.0]"
2025-05-07 20:44:53.345438,-0.067298,0.0170686,-0.000202053,2.55362,1.91726,0.42067298000000003,0.0,-1,942.478,59.186,42.0,1.0,"[-1.0, -1.0, -1.0, -1.0, -1.0, -1.0, -1.0, -1.0, -1.0, -1.0, -1.0, -1.0, -1.0, -1.0, -1.0, -1.0, -1.0, -1.0, -1.0]"
2025-05-07 20:44:53.367530,-0.0585045,0.0543811,-0.000178937,2.55362,1.91737,0.420585045,0.0,-1,942.478,59.206,42.0,1.0,"[-1.0, -1.0, -1.0, -1.0, -1.0, -1.0, -1.0, -1.0, -1.0, -1.0, -1.0, -1.0, -1.0, -1.0, -1.0, -1.0, -1.0, -1.0, -1.0]"
2025-05-07 20:44:53.384931,-0.157169,0.024231,-0.000233493,2.55367,1.91734,0.42157169000000005,0.0,-1,942.478,59.226,42.0,1.0,"[-1.0, -1.0, -1.0, -1.0, -1.0, -1.0, -1.0, -1.0, -1.0, -1.0, -1.0, -1.0, -1.0, -1.0, -1.0, -1.0, -1.0, -1.0, -1.0]"
2025-05-07 20:44:53.406736,-0.0660619,0.0230072,-0.000144038,2.55362,1.9175,0.420660619,0.0,-1,942.478,59.246,42.0,1.0,"[-1.0, -1.0, -1.0, -1.0, -1.0, -1.0, -1.0, -1.0, -1.0, -1.0, -1.0, -1.0, -1.0, -1.0, -1.0, -1.0, -1.0, -1.0, -1.0]"
2025-05-07 20:44:53.425380,-0.0465605,0.0469119,-0.000186239,2.5536,1.91759,0.42046560499999996,0.0,-1,942.478,59.266,42.0,1.0,"[-1.0, -1.0, -1.0, -1.0, -1.0, -1.0, -1.0, -1.0, -1.0, -1.0, -1.0, -1.0, -1.0, -1.0, -1.0, -1.0, -1.0, -1.0, -1.0]"
2025-05-07 20:44:53.444611,-0.116419,0.0466812,-0.000177035,2.5536,1.91757,0.42116419,0.0,-1,942.478,59.286,42.0,1.0,"[-1.0, -1.0, -1.0, -1.0, -1.0, -1.0, -1.0, -1.0, -1.0, -1.0, -1.0, -1.0, -1.0, -1.0, -1.0, -1.0, -1.0, -1.0, -1.0]"
2025-05-07 20:44:53.467592,-0.14741,-0.00197206,-0.000150794,2.55364,1.91764,0.4214741,0.0,-1,942.478,59.306,42.0,1.0,"[-1.0, -1.0, -1.0, -1.0, -1.0, -1.0, -1.0, -1.0, -1.0, -1.0, -1.0, -1.0, -1.0, -1.0, -1.0, -1.0, -1.0, -1.0, -1.0]"
2025-05-07 20:44:53.486833,-0.081799,0.0387181,-0.000148994,2.5536,1.91785,0.42081799,0.0,-1,942.478,59.326,42.0,1.0,"[-1.0, -1.0, -1.0, -1.0, -1.0, -1.0, -1.0, -1.0, -1.0, -1.0, -1.0, -1.0, -1.0, -1.0, -1.0, -1.0, -1.0, -1.0, -1.0]"
2025-05-07 20:44:53.506746,-0.0843304,0.0517015,-0.00019738,2.5536,1.91787,0.420843304,0.0,-1,942.478,59.346,42.0,1.0,"[-1.0, -1.0, -1.0, -1.0, -1.0, -1.0, -1.0, -1.0, -1.0, -1.0, -1.0, -1.0, -1.0, -1.0, -1.0, -1.0, -1.0, -1.0, -1.0]"
2025-05-07 20:44:53.525880,-0.0713415,0.0140176,-0.000148176,2.5536,1.91794,0.42071341500000003,0.0,-1,942.478,59.366,42.0,1.0,"[-1.0, -1.0, -1.0, -1.0, -1.0, -1.0, -1.0, -1.0, -1.0, -1.0, -1.0, -1.0, -1.0, -1.0, -1.0, -1.0, -1.0, -1.0, -1.0]"
2025-05-07 20:44:53.547370,-0.151641,0.0164162,-0.000144254,2.55364,1.91809,0.42151640999999995,0.0,-1,942.478,59.386,42.0,1.0,"[-1.0, -1.0, -1.0, -1.0, -1.0, -1.0, -1.0, -1.0, -1.0, -1.0, -1.0, -1.0, -1.0, -1.0, -1.0, -1.0, -1.0, -1.0, -1.0]"
2025-05-07 20:44:53.565562,-0.0885443,0.070799,-0.000170297,2.5536,1.9181,0.420885443,0.0,-1,942.478,59.406,42.0,1.0,"[-1.0, -1.0, -1.0, -1.0, -1.0, -1.0, -1.0, -1.0, -1.0, -1.0, -1.0, -1.0, -1.0, -1.0, -1.0, -1.0, -1.0, -1.0, -1.0]"
2025-05-07 20:44:53.587108,-0.0704728,0.0289004,-0.000217023,2.5536,1.91815,0.420704728,0.0,-1,942.478,59.426,42.0,1.0,"[-1.0, -1.0, -1.0, -1.0, -1.0, -1.0, -1.0, -1.0, -1.0, -1.0, -1.0, -1.0, -1.0, -1.0, -1.0, -1.0, -1.0, -1.0, -1.0]"
2025-05-07 20:44:53.604609,-0.107791,0.0193642,-9.19939e-05,2.5536,1.91833,0.42107791,0.0,-1,942.478,59.446,42.0,1.0,"[-1.0, -1.0, -1.0, -1.0, -1.0, -1.0, -1.0, -1.0, -1.0, -1.0, -1.0, -1.0, -1.0, -1.0, -1.0, -1.0, -1.0, -1.0, -1.0]"
2025-05-07 20:44:53.625812,-0.141504,0.053312,-0.000151811,2.55364,1.91839,0.42141503999999996,0.0,-1,942.478,59.466,42.0,1.0,"[-1.0, -1.0, -1.0, -1.0, -1.0, -1.0, -1.0, -1.0, -1.0, -1.0, -1.0, -1.0, -1.0, -1.0, -1.0, -1.0, -1.0, -1.0, -1.0]"
2025-05-07 20:44:53.646552,-0.0740974,0.0436185,-0.000198915,2.5536,1.91837,0.420740974,0.0,-1,942.478,59.486,42.0,1.0,"[-1.0, -1.0, -1.0, -1.0, -1.0, -1.0, -1.0, -1.0, -1.0, -1.0, -1.0, -1.0, -1.0, -1.0, -1.0, -1.0, -1.0, -1.0, -1.0]"
2025-05-07 20:44:53.665508,-0.0592633,0.0248864,-0.000168317,2.55358,1.91847,0.420592633,0.0,-1,942.478,59.506,42.0,1.0,"[-1.0, -1.0, -1.0, -1.0, -1.0, -1.0, -1.0, -1.0, -1.0, -1.0, -1.0, -1.0, -1.0, -1.0, -1.0, -1.0, -1.0, -1.0, -1.0]"
2025-05-07 20:44:53.686876,-0.0820335,0.0484625,-0.000165518,2.55358,1.91858,0.420820335,0.0,-1,942.478,59.526,42.0,1.0,"[-1.0, -1.0, -1.0, -1.0, -1.0, -1.0, -1.0, -1.0, -1.0, -1.0, -1.0, -1.0, -1.0, -1.0, -1.0, -1.0, -1.0, -1.0, -1.0]"
2025-05-07 20:44:53.705431,-0.132602,0.0346546,-0.000221505,2.55362,1.91855,0.42132601999999997,0.0,-1,942.478,59.546,42.0,1.0,"[-1.0, -1.0, -1.0, -1.0, -1.0, -1.0, -1.0, -1.0, -1.0, -1.0, -1.0, -1.0, -1.0, -1.0, -1.0, -1.0, -1.0, -1.0, -1.0]"
2025-05-07 20:44:53.727085,-0.0648465,0.023758,-0.000149165,2.55358,1.9187,0.420648465,0.0,-1,942.478,59.566,42.0,1.0,"[-1.0, -1.0, -1.0, -1.0, -1.0, -1.0, -1.0, -1.0, -1.0, -1.0, -1.0, -1.0, -1.0, -1.0, -1.0, -1.0, -1.0, -1.0, -1.0]"
2025-05-07 20:44:53.746021,-0.0822619,0.0343262,-0.000195243,2.5536,1.91879,0.420822619,0.0,-1,942.478,59.586,42.0,1.0,"[-1.0, -1.0, -1.0, -1.0, -1.0, -1.0, -1.0, -1.0, -1.0, -1.0, -1.0, -1.0, -1.0, -1.0, -1.0, -1.0, -1.0, -1.0, -1.0]"
2025-05-07 20:44:53.768112,-0.123455,0.045366,-0.000172083,2.55358,1.91877,0.42123455,0.0,-1,942.478,59.606,42.0,1.0,"[-1.0, -1.0, -1.0, -1.0, -1.0, -1.0, -1.0, -1.0, -1.0, -1.0, -1.0, -1.0, -1.0, -1.0, -1.0, -1.0, -1.0, -1.0, -1.0]"
2025-05-07 20:44:53.787531,-0.149093,-0.00179853,-0.00014589,2.55362,1.91884,0.42149093,0.0,-1,942.478,59.626,42.0,1.0,"[-1.0, -1.0, -1.0, -1.0, -1.0, -1.0, -1.0, -1.0, -1.0, -1.0, -1.0, -1.0, -1.0, -1.0, -1.0, -1.0, -1.0, -1.0, -1.0]"
2025-05-07 20:44:53.808157,-0.0821795,0.0394615,-0.000164923,2.55358,1.91906,0.420821795,0.0,-1,942.478,59.646,42.0,1.0,"[-1.0, -1.0, -1.0, -1.0, -1.0, -1.0, -1.0, -1.0, -1.0, -1.0, -1.0, -1.0, -1.0, -1.0, -1.0, -1.0, -1.0, -1.0, -1.0]"
2025-05-07 20:44:53.826250,-0.084465,0.0516933,-0.000229479,2.55358,1.91908,0.42084465000000004,0.0,-1,942.478,59.666,42.0,1.0,"[-1.0, -1.0, -1.0, -1.0, -1.0, -1.0, -1.0, -1.0, -1.0, -1.0, -1.0, -1.0, -1.0, -1.0, -1.0, -1.0, -1.0, -1.0, -1.0]"
2025-05-07 20:44:53.848928,-0.0714812,0.0137875,-0.000153408,2.55358,1.91914,0.420714812,0.0,-1,942.478,59.686,42.0,1.0,"[-1.0, -1.0, -1.0, -1.0, -1.0, -1.0, -1.0, -1.0, -1.0, -1.0, -1.0, -1.0, -1.0, -1.0, -1.0, -1.0, -1.0, -1.0, -1.0]"
2025-05-07 20:44:53.869229,-0.0616007,0.0494338,-0.000161762,2.55358,1.9193,0.420616007,0.0,-1,942.478,59.706,42.0,1.0,"[-1.0, -1.0, -1.0, -1.0, -1.0, -1.0, -1.0, -1.0, -1.0, -1.0, -1.0, -1.0, -1.0, -1.0, -1.0, -1.0, -1.0, -1.0, -1.0]"
2025-05-07 20:44:53.889754,-0.132813,0.0567657,-0.000181817,2.55356,1.91929,0.42132812999999997,0.0,-1,942.478,59.726,42.0,1.0,"[-1.0, -1.0, -1.0, -1.0, -1.0, -1.0, -1.0, -1.0, -1.0, -1.0, -1.0, -1.0, -1.0, -1.0, -1.0, -1.0, -1.0, -1.0, -1.0]"
2025-05-07 20:44:53.908534,-0.100801,0.0165108,-0.000210264,2.55358,1.91935,0.42100801,0.0,-1,942.478,59.746,42.0,1.0,"[-1.0, -1.0, -1.0, -1.0, -1.0, -1.0, -1.0, -1.0, -1.0, -1.0, -1.0, -1.0, -1.0, -1.0, -1.0, -1.0, -1.0, -1.0, -1.0]"
2025-05-07 20:44:53.925549,-0.104477,0.0209502,-0.000112045,2.55356,1.91954,0.42104477,0.0,-1,942.478,59.766,42.0,1.0,"[-1.0, -1.0, -1.0, -1.0, -1.0, -1.0, -1.0, -1.0, -1.0, -1.0, -1.0, -1.0, -1.0, -1.0, -1.0, -1.0, -1.0, -1.0, -1.0]"
2025-05-07 20:44:53.947528,-0.167487,0.0456761,-0.000176836,2.5536,1.9196,0.42167487000000003,0.0,-1,942.478,59.786,42.0,1.0,"[-1.0, -1.0, -1.0, -1.0, -1.0, -1.0, -1.0, -1.0, -1.0, -1.0, -1.0, -1.0, -1.0, -1.0, -1.0, -1.0, -1.0, -1.0, -1.0]"
2025-05-07 20:44:53.966182,-0.068776,0.0459935,-0.000197165,2.55356,1.91957,0.42068776,0.0,-1,942.478,59.806,42.0,1.0,"[-1.0, -1.0, -1.0, -1.0, -1.0, -1.0, -1.0, -1.0, -1.0, -1.0, -1.0, -1.0, -1.0, -1.0, -1.0, -1.0, -1.0, -1.0, -1.0]"
2025-05-07 20:44:53.986523,-0.0676356,0.0235196,-0.000151848,2.55356,1.91967,0.42067635600000003,0.0,-1,942.478,59.826,42.0,1.0,"[-1.0, -1.0, -1.0, -1.0, -1.0, -1.0, -1.0, -1.0, -1.0, -1.0, -1.0, -1.0, -1.0, -1.0, -1.0, -1.0, -1.0, -1.0, -1.0]"
2025-05-07 20:44:54.006054,-0.0586411,0.056736,-0.000154964,2.55356,1.91979,0.42058641100000005,0.0,-1,942.478,59.846,42.0,1.0,"[-1.0, -1.0, -1.0, -1.0, -1.0, -1.0, -1.0, -1.0, -1.0, -1.0, -1.0, -1.0, -1.0, -1.0, -1.0, -1.0, -1.0, -1.0, -1.0]"
2025-05-07 20:44:54.025437,-0.157458,0.0247858,-0.000227678,2.5536,1.91976,0.42157458,0.0,-1,942.478,59.866,42.0,1.0,"[-1.0, -1.0, -1.0, -1.0, -1.0, -1.0, -1.0, -1.0, -1.0, -1.0, -1.0, -1.0, -1.0, -1.0, -1.0, -1.0, -1.0, -1.0, -1.0]"
2025-05-07 20:44:54.047184,-0.0664737,0.0234712,-0.000149006,2.55356,1.91993,0.420664737,0.0,-1,942.478,59.886,42.0,1.0,"[-1.0, -1.0, -1.0, -1.0, -1.0, -1.0, -1.0, -1.0, -1.0, -1.0, -1.0, -1.0, -1.0, -1.0, -1.0, -1.0, -1.0, -1.0, -1.0]"
2025-05-07 20:44:54.066293,-0.0826259,0.0342187,-0.000197661,2.55358,1.92002,0.420826259,0.0,-1,942.478,59.906,42.0,1.0,"[-1.0, -1.0, -1.0, -1.0, -1.0, -1.0, -1.0, -1.0, -1.0, -1.0, -1.0, -1.0, -1.0, -1.0, -1.0, -1.0, -1.0, -1.0, -1.0]"
2025-05-07 20:44:54.086146,-0.123555,0.0459586,-0.000178719,2.55356,1.92,0.42123555,0.0,-1,942.478,59.926,42.0,1.0,"[-1.0, -1.0, -1.0, -1.0, -1.0, -1.0, -1.0, -1.0, -1.0, -1.0, -1.0, -1.0, -1.0, -1.0, -1.0, -1.0, -1.0, -1.0, -1.0]"
2025-05-07 20:44:54.106381,-0.149424,-0.0016424,-0.00015723,2.5536,1.92007,0.42149424,0.0,-1,942.478,59.946,42.0,1.0,"[-1.0, -1.0, -1.0, -1.0, -1.0, -1.0, -1.0, -1.0, -1.0, -1.0, -1.0, -1.0, -1.0, -1.0, -1.0, -1.0, -1.0, -1.0, -1.0]"
2025-05-07 20:44:54.125329,-0.0688086,0.052787,-0.00016239,2.55353,1.92029,0.42068808599999996,0.0,-1,942.478,59.966,42.0,1.0,"[-1.0, -1.0, -1.0, -1.0, -1.0, -1.0, -1.0, -1.0, -1.0, -1.0, -1.0, -1.0, -1.0, -1.0, -1.0, -1.0, -1.0, -1.0, -1.0]"
2025-05-07 20:44:54.146096,-0.0869838,0.0514559,-0.000238832,2.55353,1.92031,0.420869838,0.0,-1,942.478,59.986,42.0,1.0,"[-1.0, -1.0, -1.0, -1.0, -1.0, -1.0, -1.0, -1.0, -1.0, -1.0, -1.0, -1.0, -1.0, -1.0, -1.0, -1.0, -1.0, -1.0, -1.0]"
2025-05-07 20:44:54.166430,-0.0728882,0.0117649,-0.000154537,2.55353,1.92038,0.420728882,0.0,-1,942.478,60.006,42.0,1.0,"[-1.0, -1.0, -1.0, -1.0, -1.0, -1.0, -1.0, -1.0, -1.0, -1.0, -1.0, -1.0, -1.0, -1.0, -1.0, -1.0, -1.0, -1.0, -1.0]"
2025-05-07 20:44:54.187253,-0.152098,0.0159049,-0.000163938,2.55358,1.92053,0.42152098000000005,0.0,-1,942.478,60.026,42.0,1.0,"[-1.0, -1.0, -1.0, -1.0, -1.0, -1.0, -1.0, -1.0, -1.0, -1.0, -1.0, -1.0, -1.0, -1.0, -1.0, -1.0, -1.0, -1.0, -1.0]"
2025-05-07 20:44:54.205127,-0.0887655,0.071436,-0.000184212,2.55353,1.92054,0.420887655,0.0,-1,942.478,60.046,42.0,1.0,"[-1.0, -1.0, -1.0, -1.0, -1.0, -1.0, -1.0, -1.0, -1.0, -1.0, -1.0, -1.0, -1.0, -1.0, -1.0, -1.0, -1.0, -1.0, -1.0]"
2025-05-07 20:44:54.229917,-0.0709554,0.0292297,-0.000221194,2.55353,1.92059,0.42070955400000004,0.0,-1,942.478,60.066,42.0,1.0,"[-1.0, -1.0, -1.0, -1.0, -1.0, -1.0, -1.0, -1.0, -1.0, -1.0, -1.0, -1.0, -1.0, -1.0, -1.0, -1.0, -1.0, -1.0, -1.0]"
2025-05-07 20:44:54.245228,-0.10814,0.0198625,-0.000107847,2.55353,1.92078,0.4210814,0.0,-1,942.478,60.086,42.0,1.0,"[-1.0, -1.0, -1.0, -1.0, -1.0, -1.0, -1.0, -1.0, -1.0, -1.0, -1.0, -1.0, -1.0, -1.0, -1.0, -1.0, -1.0, -1.0, -1.0]"
2025-05-07 20:44:54.268353,-0.1416,0.053788,-0.000167133,2.55358,1.92084,0.42141599999999996,0.0,-1,942.478,60.106,42.0,1.0,"[-1.0, -1.0, -1.0, -1.0, -1.0, -1.0, -1.0, -1.0, -1.0, -1.0, -1.0, -1.0, -1.0, -1.0, -1.0, -1.0, -1.0, -1.0, -1.0]"
2025-05-07 20:44:54.286479,-0.0744817,0.0438057,-0.000201133,2.55353,1.92081,0.420744817,0.0,-1,942.478,60.126,42.0,1.0,"[-1.0, -1.0, -1.0, -1.0, -1.0, -1.0, -1.0, -1.0, -1.0, -1.0, -1.0, -1.0, -1.0, -1.0, -1.0, -1.0, -1.0, -1.0, -1.0]"
2025-05-07 20:44:54.307817,-0.0691345,0.0224049,-0.000162398,2.55353,1.92092,0.420691345,0.0,-1,942.478,60.146,42.0,1.0,"[-1.0, -1.0, -1.0, -1.0, -1.0, -1.0, -1.0, -1.0, -1.0, -1.0, -1.0, -1.0, -1.0, -1.0, -1.0, -1.0, -1.0, -1.0, -1.0]"
2025-05-07 20:44:54.327297,-0.0639444,0.0555676,-0.000159442,2.55351,1.92104,0.420639444,0.0,-1,942.478,60.166,42.0,1.0,"[-1.0, -1.0, -1.0, -1.0, -1.0, -1.0, -1.0, -1.0, -1.0, -1.0, -1.0, -1.0, -1.0, -1.0, -1.0, -1.0, -1.0, -1.0, -1.0]"
2025-05-07 20:44:54.347214,-0.158884,0.0250871,-0.000237143,2.55356,1.92101,0.42158884,0.0,-1,942.478,60.186,42.0,1.0,"[-1.0, -1.0, -1.0, -1.0, -1.0, -1.0, -1.0, -1.0, -1.0, -1.0, -1.0, -1.0, -1.0, -1.0, -1.0, -1.0, -1.0, -1.0, -1.0]"
2025-05-07 20:44:54.368294,-0.101509,0.0139016,-0.000135576,2.55351,1.92118,0.42101509,0.0,-1,942.478,60.206,42.0,1.0,"[-1.0, -1.0, -1.0, -1.0, -1.0, -1.0, -1.0, -1.0, -1.0, -1.0, -1.0, -1.0, -1.0, -1.0, -1.0, -1.0, -1.0, -1.0, -1.0]"
2025-05-07 20:44:54.386863,-0.081439,0.0372789,-0.000182925,2.55351,1.92128,0.42081439000000004,0.0,-1,942.478,60.226,42.0,1.0,"[-1.0, -1.0, -1.0, -1.0, -1.0, -1.0, -1.0, -1.0, -1.0, -1.0, -1.0, -1.0, -1.0, -1.0, -1.0, -1.0, -1.0, -1.0, -1.0]"
2025-05-07 20:44:54.406763,-0.0982958,0.0542711,-0.000167763,2.55351,1.92127,0.420982958,0.0,-1,942.478,60.246,42.0,1.0,"[-1.0, -1.0, -1.0, -1.0, -1.0, -1.0, -1.0, -1.0, -1.0, -1.0, -1.0, -1.0, -1.0, -1.0, -1.0, -1.0, -1.0, -1.0, -1.0]"
2025-05-07 20:44:54.427640,-0.1435,-0.00051137,-0.000160863,2.55356,1.92133,0.421435,0.0,-1,942.478,60.266,42.0,1.0,"[-1.0, -1.0, -1.0, -1.0, -1.0, -1.0, -1.0, -1.0, -1.0, -1.0, -1.0, -1.0, -1.0, -1.0, -1.0, -1.0, -1.0, -1.0, -1.0]"
2025-05-07 20:44:54.448652,-0.0818706,0.0400627,-0.000171338,2.55351,1.92153,0.42081870600000004,0.0,-1,942.478,60.286,42.0,1.0,"[-1.0, -1.0, -1.0, -1.0, -1.0, -1.0, -1.0, -1.0, -1.0, -1.0, -1.0, -1.0, -1.0, -1.0, -1.0, -1.0, -1.0, -1.0, -1.0]"
2025-05-07 20:44:54.466035,-0.0842584,0.0514152,-0.00021814,2.55351,1.92155,0.420842584,0.0,-1,942.478,60.306,42.0,1.0,"[-1.0, -1.0, -1.0, -1.0, -1.0, -1.0, -1.0, -1.0, -1.0, -1.0, -1.0, -1.0, -1.0, -1.0, -1.0, -1.0, -1.0, -1.0, -1.0]"
2025-05-07 20:44:54.484514,-0.0717041,0.0137628,-0.000160405,2.55351,1.92162,0.42071704099999996,0.0,-1,942.478,60.326,42.0,1.0,"[-1.0, -1.0, -1.0, -1.0, -1.0, -1.0, -1.0, -1.0, -1.0, -1.0, -1.0, -1.0, -1.0, -1.0, -1.0, -1.0, -1.0, -1.0, -1.0]"
2025-05-07 20:44:54.506183,-0.152167,0.0167012,-0.000163635,2.55356,1.92178,0.42152166999999996,0.0,-1,942.478,60.346,42.0,1.0,"[-1.0, -1.0, -1.0, -1.0, -1.0, -1.0, -1.0, -1.0, -1.0, -1.0, -1.0, -1.0, -1.0, -1.0, -1.0, -1.0, -1.0, -1.0, -1.0]"
2025-05-07 20:44:54.525816,-0.0888093,0.0718163,-0.000192165,2.55351,1.92179,0.420888093,0.0,-1,942.478,60.366,42.0,1.0,"[-1.0, -1.0, -1.0, -1.0, -1.0, -1.0, -1.0, -1.0, -1.0, -1.0, -1.0, -1.0, -1.0, -1.0, -1.0, -1.0, -1.0, -1.0, -1.0]"
2025-05-07 20:44:54.546607,-0.0710899,0.0291524,-0.000225499,2.55351,1.92184,0.42071089899999997,0.0,-1,942.478,60.386,42.0,1.0,"[-1.0, -1.0, -1.0, -1.0, -1.0, -1.0, -1.0, -1.0, -1.0, -1.0, -1.0, -1.0, -1.0, -1.0, -1.0, -1.0, -1.0, -1.0, -1.0]"
2025-05-07 20:44:54.564967,-0.108284,0.0197158,-9.93722e-05,2.55351,1.92203,0.42108283999999996,0.0,-1,942.478,60.406,42.0,1.0,"[-1.0, -1.0, -1.0, -1.0, -1.0, -1.0, -1.0, -1.0, -1.0, -1.0, -1.0, -1.0, -1.0, -1.0, -1.0, -1.0, -1.0, -1.0, -1.0]"
2025-05-07 20:44:54.585925,-0.131136,0.0580517,-0.000170541,2.55349,1.92207,0.7,0.0,-1,942.478,60.426,42.0,-1.0,"[-1.0, -1.0, -1.0, -1.0, -1.0, -1.0, -1.0, -1.0, -1.0, -1.0, -1.0, -1.0, -1.0, -1.0, -1.0, -1.0, -1.0, -1.0, -1.0]"
2025-05-07 20:44:54.604755,-0.0726518,0.0433045,-0.000190072,2.55349,1.92205,0.7,0.0,-1,942.478,60.446,42.0,-1.0,"[-1.0, -1.0, -1.0, -1.0, -1.0, -1.0, -1.0, -1.0, -1.0, -1.0, -1.0, -1.0, -1.0, -1.0, -1.0, -1.0, -1.0, -1.0, -1.0]"
2025-05-07 20:44:54.625477,-0.0685323,0.0213245,-0.000154015,2.55349,1.92216,0.7,0.0,-1,942.478,60.466,42.0,-1.0,"[-1.0, -1.0, -1.0, -1.0, -1.0, -1.0, -1.0, -1.0, -1.0, -1.0, -1.0, -1.0, -1.0, -1.0, -1.0, -1.0, -1.0, -1.0, -1.0]"
2025-05-07 20:44:54.644765,-0.0588464,0.0567821,-0.000163157,2.55349,1.92228,0.7,0.0,-1,942.478,60.486,42.0,-1.0,"[-1.0, -1.0, -1.0, -1.0, -1.0, -1.0, -1.0, -1.0, -1.0, -1.0, -1.0, -1.0, -1.0, -1.0, -1.0, -1.0, -1.0, -1.0, -1.0]"
2025-05-07 20:44:54.665568,-0.157626,0.0260772,-0.000251655,2.55353,1.92225,0.7,0.0,-1,942.478,60.506,42.0,-1.0,"[-1.0, -1.0, -1.0, -1.0, -1.0, -1.0, -1.0, -1.0, -1.0, -1.0, -1.0, -1.0, -1.0, -1.0, -1.0, -1.0, -1.0, -1.0, -1.0]"
2025-05-07 20:44:54.685969,-0.0671188,0.0245757,-0.000150631,2.55349,1.92241,0.7,0.0,-1,942.478,60.526,42.0,-1.0,"[-1.0, -1.0, -1.0, -1.0, -1.0, -1.0, -1.0, -1.0, -1.0, -1.0, -1.0, -1.0, -1.0, -1.0, -1.0, -1.0, -1.0, -1.0, -1.0]"
2025-05-07 20:44:54.704671,-0.0826534,0.0346097,-0.00019734,2.55351,1.92251,0.7,0.0,-1,942.478,60.546,42.0,-1.0,"[-1.0, -1.0, -1.0, -1.0, -1.0, -1.0, -1.0, -1.0, -1.0, -1.0, -1.0, -1.0, -1.0, -1.0, -1.0, -1.0, -1.0, -1.0, -1.0]"
2025-05-07 20:44:54.726315,-0.123534,0.0461566,-0.000183851,2.55349,1.92249,0.7,0.0,-1,942.478,60.566,42.0,-1.0,"[-1.0, -1.0, -1.0, -1.0, -1.0, -1.0, -1.0, -1.0, -1.0, -1.0, -1.0, -1.0, -1.0, -1.0, -1.0, -1.0, -1.0, -1.0, -1.0]"
2025-05-07 20:44:54.745023,-0.149838,-0.00169334,-0.000153621,2.55353,1.92256,0.7,0.0,-1,942.478,60.586,42.0,-1.0,"[-1.0, -1.0, -1.0, -1.0, -1.0, -1.0, -1.0, -1.0, -1.0, -1.0, -1.0, -1.0, -1.0, -1.0, -1.0, -1.0, -1.0, -1.0, -1.0]"
2025-05-07 20:44:54.766189,-0.0821551,0.0400131,-0.000152273,2.55349,1.92277,0.7,0.0,-1,942.478,60.606,42.0,-1.0,"[-1.0, -1.0, -1.0, -1.0, -1.0, -1.0, -1.0, -1.0, -1.0, -1.0, -1.0, -1.0, -1.0, -1.0, -1.0, -1.0, -1.0, -1.0, -1.0]"
2025-05-07 20:44:54.785714,-0.0844409,0.052064,-0.000201325,2.55349,1.92279,0.7,0.0,-1,942.478,60.626,42.0,-1.0,"[-1.0, -1.0, -1.0, -1.0, -1.0, -1.0, -1.0, -1.0, -1.0, -1.0, -1.0, -1.0, -1.0, -1.0, -1.0, -1.0, -1.0, -1.0, -1.0]"
2025-05-07 20:44:54.805090,-0.0720815,0.0137002,-0.000155615,2.55349,1.92286,0.7,0.0,-1,942.478,60.646,42.0,-1.0,"[-1.0, -1.0, -1.0, -1.0, -1.0, -1.0, -1.0, -1.0, -1.0, -1.0, -1.0, -1.0, -1.0, -1.0, -1.0, -1.0, -1.0, -1.0, -1.0]"
2025-05-07 20:44:54.825652,-0.103893,0.0401269,-0.000159475,2.55349,1.92302,0.7,0.0,-1,942.478,60.666,42.0,-1.0,"[-1.0, -1.0, -1.0, -1.0, -1.0, -1.0, -1.0, -1.0, -1.0, -1.0, -1.0, -1.0, -1.0, -1.0, -1.0, -1.0, -1.0, -1.0, -1.0]"
2025-05-07 20:44:54.847630,-0.0914272,0.0719508,-0.00019236,2.55347,1.92303,0.7,0.0,-1,942.478,60.686,42.0,-1.0,"[-1.0, -1.0, -1.0, -1.0, -1.0, -1.0, -1.0, -1.0, -1.0, -1.0, -1.0, -1.0, -1.0, -1.0, -1.0, -1.0, -1.0, -1.0, -1.0]"
2025-05-07 20:44:54.866389,-0.0718819,0.0290028,-0.000234648,2.55347,1.92308,0.7,0.0,-1,942.478,60.706,42.0,-1.0,"[-1.0, -1.0, -1.0, -1.0, -1.0, -1.0, -1.0, -1.0, -1.0, -1.0, -1.0, -1.0, -1.0, -1.0, -1.0, -1.0, -1.0, -1.0, -1.0]"
2025-05-07 20:44:54.885591,-0.108474,0.0188198,-0.00010464,2.55347,1.92327,0.7,0.0,-1,942.478,60.726,42.0,-1.0,"[-1.0, -1.0, -1.0, -1.0, -1.0, -1.0, -1.0, -1.0, -1.0, -1.0, -1.0, -1.0, -1.0, -1.0, -1.0, -1.0, -1.0, -1.0, -1.0]"
2025-05-07 20:44:54.905749,-0.141205,0.0536414,-0.000177654,2.55351,1.92333,0.7,0.0,-1,942.478,60.746,42.0,-1.0,"[-1.0, -1.0, -1.0, -1.0, -1.0, -1.0, -1.0, -1.0, -1.0, -1.0, -1.0, -1.0, -1.0, -1.0, -1.0, -1.0, -1.0, -1.0, -1.0]"
2025-05-07 20:44:54.926215,-0.074881,0.0440203,-0.000196926,2.55347,1.9233,0.7,0.0,-1,942.478,60.766,42.0,-1.0,"[-1.0, -1.0, -1.0, -1.0, -1.0, -1.0, -1.0, -1.0, -1.0, -1.0, -1.0, -1.0, -1.0, -1.0, -1.0, -1.0, -1.0, -1.0, -1.0]"
2025-05-07 20:44:54.947078,-0.0694802,0.0221205,-0.000150767,2.55347,1.9234,0.7,0.0,-1,942.478,60.786,42.0,-1.0,"[-1.0, -1.0, -1.0, -1.0, -1.0, -1.0, -1.0, -1.0, -1.0, -1.0, -1.0, -1.0, -1.0, -1.0, -1.0, -1.0, -1.0, -1.0, -1.0]"
2025-05-07 20:44:54.965159,-0.0589183,0.0571688,-0.000144845,2.55347,1.92352,0.7,0.0,-1,942.478,60.806,42.0,-1.0,"[-1.0, -1.0, -1.0, -1.0, -1.0, -1.0, -1.0, -1.0, -1.0, -1.0, -1.0, -1.0, -1.0, -1.0, -1.0, -1.0, -1.0, -1.0, -1.0]"
2025-05-07 20:44:54.986291,-0.157568,0.025475,-0.000239078,2.55351,1.92349,0.7,0.0,-1,942.478,60.826,42.0,-1.0,"[-1.0, -1.0, -1.0, -1.0, -1.0, -1.0, -1.0, -1.0, -1.0, -1.0, -1.0, -1.0, -1.0, -1.0, -1.0, -1.0, -1.0, -1.0, -1.0]"
2025-05-07 20:44:55.009197,-0.08645,0.0468113,-0.000203218,2.55347,1.92373,0.7,0.0,-1,942.478,60.846,42.0,-1.0,"[-1.0, -1.0, -1.0, -1.0, -1.0, -1.0, -1.0, -1.0, -1.0, -1.0, -1.0, -1.0, -1.0, -1.0, -1.0, -1.0, -1.0, -1.0, -1.0]"
2025-05-07 20:44:55.026786,-0.135174,0.0434277,-0.000414719,2.55351,1.92375,0.7,0.0,-1,942.478,60.866,42.0,-1.0,"[-1.0, -1.0, -1.0, -1.0, -1.0, -1.0, -1.0, -1.0, -1.0, -1.0, -1.0, -1.0, -1.0, -1.0, -1.0, -1.0, -1.0, -1.0, -1.0]"
2025-05-07 20:44:55.045935,-0.0930019,0.0505251,-0.000669604,2.55347,1.92373,0.7,0.0,-1,942.478,60.886,42.0,-1.0,"[-1.0, -1.0, -1.0, -1.0, -1.0, -1.0, -1.0, -1.0, -1.0, -1.0, -1.0, -1.0, -1.0, -1.0, -1.0, -1.0, -1.0, -1.0, -1.0]"
2025-05-07 20:44:55.065145,-0.14084,0.045863,-0.000886749,2.55351,1.92366,0.7,0.0,-1,942.478,60.906,42.0,-1.0,"[-1.0, -1.0, -1.0, -1.0, -1.0, -1.0, -1.0, -1.0, -1.0, -1.0, -1.0, -1.0, -1.0, -1.0, -1.0, -1.0, -1.0, -1.0, -1.0]"
2025-05-07 20:44:55.085027,-0.103049,0.0699451,-0.00102806,2.55347,1.9236,0.7,0.0,-1,942.478,60.926,42.0,-1.0,"[-1.0, -1.0, -1.0, -1.0, -1.0, -1.0, -1.0, -1.0, -1.0, -1.0, -1.0, -1.0, -1.0, -1.0, -1.0, -1.0, -1.0, -1.0, -1.0]"
2025-05-07 20:44:55.107821,-0.149145,0.0612339,-0.0010556,2.55349,1.92346,0.7,0.0,-1,942.478,60.946,42.0,-1.0,"[-1.0, -1.0, -1.0, -1.0, -1.0, -1.0, -1.0, -1.0, -1.0, -1.0, -1.0, -1.0, -1.0, -1.0, -1.0, -1.0, -1.0, -1.0, -1.0]"
2025-05-07 20:44:55.128580,-0.118456,0.0869964,-0.00102419,2.55347,1.92337,0.7,0.0,-1,942.478,60.966,42.0,-1.0,"[-1.0, -1.0, -1.0, -1.0, -1.0, -1.0, -1.0, -1.0, -1.0, -1.0, -1.0, -1.0, -1.0, -1.0, -1.0, -1.0, -1.0, -1.0, -1.0]"
2025-05-07 20:44:55.146319,-0.157562,0.0660764,-0.000945679,2.55351,1.92319,0.7,0.0,-1,942.478,60.986,42.0,-1.0,"[-1.0, -1.0, -1.0, -1.0, -1.0, -1.0, -1.0, -1.0, -1.0, -1.0, -1.0, -1.0, -1.0, -1.0, -1.0, -1.0, -1.0, -1.0, -1.0]"
2025-05-07 20:44:55.167409,-0.113653,0.0875734,-0.000726334,2.55347,1.92308,0.7,0.0,-1,942.478,61.006,42.0,-1.0,"[-1.0, -1.0, -1.0, -1.0, -1.0, -1.0, -1.0, -1.0, -1.0, -1.0, -1.0, -1.0, -1.0, -1.0, -1.0, -1.0, -1.0, -1.0, -1.0]"
2025-05-07 20:44:55.192065,-0.156971,0.0672481,-0.000541893,2.55351,1.9229,0.7,0.0,-1,942.478,61.026,42.0,-1.0,"[-1.0, -1.0, -1.0, -1.0, -1.0, -1.0, -1.0, -1.0, -1.0, -1.0, -1.0, -1.0, -1.0, -1.0, -1.0, -1.0, -1.0, -1.0, -1.0]"
2025-05-07 20:44:55.208814,-0.125036,0.0904378,-0.000349726,2.55349,1.92278,0.7,0.0,-1,942.478,61.046,42.0,-1.0,"[-1.0, -1.0, -1.0, -1.0, -1.0, -1.0, -1.0, -1.0, -1.0, -1.0, -1.0, -1.0, -1.0, -1.0, -1.0, -1.0, -1.0, -1.0, -1.0]"
2025-05-07 20:44:55.228333,-0.157677,0.0691144,-0.000161704,2.55353,1.92259,0.7,0.0,-1,942.478,61.066,42.0,-1.0,"[-1.0, -1.0, -1.0, -1.0, -1.0, -1.0, -1.0, -1.0, -1.0, -1.0, -1.0, -1.0, -1.0, -1.0, -1.0, -1.0, -1.0, -1.0, -1.0]"
2025-05-07 20:44:55.246674,-0.11517,0.0881152,-8.56165e-05,2.55349,1.92246,0.7,0.0,-1,942.478,61.086,42.0,-1.0,"[-1.0, -1.0, -1.0, -1.0, -1.0, -1.0, -1.0, -1.0, -1.0, -1.0, -1.0, -1.0, -1.0, -1.0, -1.0, -1.0, -1.0, -1.0, -1.0]"
2025-05-07 20:44:55.267217,-0.156521,0.0682281,-2.2594e-05,2.55353,1.92228,0.7,0.0,-1,942.478,61.106,42.0,-1.0,"[-1.0, -1.0, -1.0, -1.0, -1.0, -1.0, -1.0, -1.0, -1.0, -1.0, -1.0, -1.0, -1.0, -1.0, -1.0, -1.0, -1.0, -1.0, -1.0]"
2025-05-07 20:44:55.285662,-0.114547,0.0893615,6.46669e-05,2.55349,1.92216,0.7,0.0,-1,942.478,61.126,42.0,-1.0,"[-1.0, -1.0, -1.0, -1.0, -1.0, -1.0, -1.0, -1.0, -1.0, -1.0, -1.0, -1.0, -1.0, -1.0, -1.0, -1.0, -1.0, -1.0, -1.0]"
2025-05-07 20:44:55.307866,-0.156904,0.0686259,0.000133733,2.55353,1.92198,0.7,0.0,-1,942.478,61.146,42.0,-1.0,"[-1.0, -1.0, -1.0, -1.0, -1.0, -1.0, -1.0, -1.0, -1.0, -1.0, -1.0, -1.0, -1.0, -1.0, -1.0, -1.0, -1.0, -1.0, -1.0]"
2025-05-07 20:44:55.328310,-0.125833,0.0914967,0.000204882,2.55351,1.92186,0.7,0.0,-1,942.478,61.166,42.0,-1.0,"[-1.0, -1.0, -1.0, -1.0, -1.0, -1.0, -1.0, -1.0, -1.0, -1.0, -1.0, -1.0, -1.0, -1.0, -1.0, -1.0, -1.0, -1.0, -1.0]"
2025-05-07 20:44:55.345955,-0.157964,0.069983,0.000182199,2.55356,1.92167,0.7,0.0,-1,942.478,61.186,42.0,-1.0,"[-1.0, -1.0, -1.0, -1.0, -1.0, -1.0, -1.0, -1.0, -1.0, -1.0, -1.0, -1.0, -1.0, -1.0, -1.0, -1.0, -1.0, -1.0, -1.0]"
2025-05-07 20:44:55.366770,-0.115677,0.0891798,0.000194399,2.55351,1.92154,0.7,0.0,-1,942.478,61.206,42.0,-1.0,"[-1.0, -1.0, -1.0, -1.0, -1.0, -1.0, -1.0, -1.0, -1.0, -1.0, -1.0, -1.0, -1.0, -1.0, -1.0, -1.0, -1.0, -1.0, -1.0]"
2025-05-07 20:44:55.385843,-0.156529,0.0684834,0.000194224,2.55356,1.92135,0.7,0.0,-1,942.478,61.226,42.0,-1.0,"[-1.0, -1.0, -1.0, -1.0, -1.0, -1.0, -1.0, -1.0, -1.0, -1.0, -1.0, -1.0, -1.0, -1.0, -1.0, -1.0, -1.0, -1.0, -1.0]"
2025-05-07 20:44:55.407719,-0.114801,0.0893876,0.000181171,2.55351,1.92123,0.7,0.0,-1,942.478,61.246,42.0,-1.0,"[-1.0, -1.0, -1.0, -1.0, -1.0, -1.0, -1.0, -1.0, -1.0, -1.0, -1.0, -1.0, -1.0, -1.0, -1.0, -1.0, -1.0, -1.0, -1.0]"
2025-05-07 20:44:55.426355,-0.156665,0.0686093,0.000147652,2.55356,1.92105,0.7,0.0,-1,942.478,61.266,42.0,-1.0,"[-1.0, -1.0, -1.0, -1.0, -1.0, -1.0, -1.0, -1.0, -1.0, -1.0, -1.0, -1.0, -1.0, -1.0, -1.0, -1.0, -1.0, -1.0, -1.0]"
2025-05-07 20:44:55.444487,-0.125961,0.0912073,0.000123642,2.55353,1.92092,0.7,0.0,-1,942.478,61.286,42.0,-1.0,"[-1.0, -1.0, -1.0, -1.0, -1.0, -1.0, -1.0, -1.0, -1.0, -1.0, -1.0, -1.0, -1.0, -1.0, -1.0, -1.0, -1.0, -1.0, -1.0]"
2025-05-07 20:44:55.468100,-0.158282,0.0699535,7.84862e-05,2.55358,1.92073,0.7,0.0,-1,942.478,61.306,42.0,-1.0,"[-1.0, -1.0, -1.0, -1.0, -1.0, -1.0, -1.0, -1.0, -1.0, -1.0, -1.0, -1.0, -1.0, -1.0, -1.0, -1.0, -1.0, -1.0, -1.0]"
2025-05-07 20:44:55.485145,-0.115664,0.0893421,2.51304e-05,2.55353,1.9206,0.7,0.0,-1,942.478,61.326,42.0,-1.0,"[-1.0, -1.0, -1.0, -1.0, -1.0, -1.0, -1.0, -1.0, -1.0, -1.0, -1.0, -1.0, -1.0, -1.0, -1.0, -1.0, -1.0, -1.0, -1.0]"
2025-05-07 20:44:55.507045,-0.156869,0.0685889,-5.18906e-05,2.55358,1.92042,0.7,0.0,-1,942.478,61.346,42.0,-1.0,"[-1.0, -1.0, -1.0, -1.0, -1.0, -1.0, -1.0, -1.0, -1.0, -1.0, -1.0, -1.0, -1.0, -1.0, -1.0, -1.0, -1.0, -1.0, -1.0]"
2025-05-07 20:44:55.528186,-0.114859,0.0895627,-0.000113539,2.55353,1.9203,0.7,0.0,-1,942.478,61.366,42.0,-1.0,"[-1.0, -1.0, -1.0, -1.0, -1.0, -1.0, -1.0, -1.0, -1.0, -1.0, -1.0, -1.0, -1.0, -1.0, -1.0, -1.0, -1.0, -1.0, -1.0]"
2025-05-07 20:44:55.547530,-0.156926,0.0687172,-0.000211535,2.55358,1.92011,0.7,0.0,-1,942.478,61.386,42.0,-1.0,"[-1.0, -1.0, -1.0, -1.0, -1.0, -1.0, -1.0, -1.0, -1.0, -1.0, -1.0, -1.0, -1.0, -1.0, -1.0, -1.0, -1.0, -1.0, -1.0]"
2025-05-07 20:44:55.568806,-0.122073,0.0937978,-0.000168184,2.55356,1.92,0.7,0.0,-1,942.478,61.406,42.0,-1.0,"[-1.0, -1.0, -1.0, -1.0, -1.0, -1.0, -1.0, -1.0, -1.0, -1.0, -1.0, -1.0, -1.0, -1.0, -1.0, -1.0, -1.0, -1.0, -1.0]"
2025-05-07 20:44:55.585667,-0.157891,0.0696508,-0.000206849,2.5536,1.91981,0.7,0.0,-1,942.478,61.426,42.0,-1.0,"[-1.0, -1.0, -1.0, -1.0, -1.0, -1.0, -1.0, -1.0, -1.0, -1.0, -1.0, -1.0, -1.0, -1.0, -1.0, -1.0, -1.0, -1.0, -1.0]"
2025-05-07 20:44:55.608176,-0.115649,0.088971,-0.000185276,2.55356,1.91968,0.7,0.0,-1,942.478,61.446,42.0,-1.0,"[-1.0, -1.0, -1.0, -1.0, -1.0, -1.0, -1.0, -1.0, -1.0, -1.0, -1.0, -1.0, -1.0, -1.0, -1.0, -1.0, -1.0, -1.0, -1.0]"
2025-05-07 20:44:55.625389,-0.1567,0.0686894,-0.000178009,2.5536,1.91949,0.7,0.0,-1,942.478,61.466,42.0,-1.0,"[-1.0, -1.0, -1.0, -1.0, -1.0, -1.0, -1.0, -1.0, -1.0, -1.0, -1.0, -1.0, -1.0, -1.0, -1.0, -1.0, -1.0, -1.0, -1.0]"
2025-05-07 20:44:55.644772,-0.115021,0.0894868,-0.000181315,2.55356,1.91937,0.7,0.0,-1,942.478,61.486,42.0,-1.0,"[-1.0, -1.0, -1.0, -1.0, -1.0, -1.0, -1.0, -1.0, -1.0, -1.0, -1.0, -1.0, -1.0, -1.0, -1.0, -1.0, -1.0, -1.0, -1.0]"
2025-05-07 20:44:55.665960,-0.171341,0.0654836,-0.000203521,2.55362,1.91919,0.7,0.0,-1,942.478,61.506,42.0,-1.0,"[-1.0, -1.0, -1.0, -1.0, -1.0, -1.0, -1.0, -1.0, -1.0, -1.0, -1.0, -1.0, -1.0, -1.0, -1.0, -1.0, -1.0, -1.0, -1.0]"
2025-05-07 20:44:55.684613,-0.116257,0.0908926,-0.000180314,2.55358,1.91907,0.7,0.0,-1,942.478,61.526,42.0,-1.0,"[-1.0, -1.0, -1.0, -1.0, -1.0, -1.0, -1.0, -1.0, -1.0, -1.0, -1.0, -1.0, -1.0, -1.0, -1.0, -1.0, -1.0, -1.0, -1.0]"
2025-05-07 20:44:55.708494,-0.157711,0.0688107,-0.000190448,2.55362,1.91888,0.7,0.0,-1,942.478,61.546,42.0,-1.0,"[-1.0, -1.0, -1.0, -1.0, -1.0, -1.0, -1.0, -1.0, -1.0, -1.0, -1.0, -1.0, -1.0, -1.0, -1.0, -1.0, -1.0, -1.0, -1.0]"
2025-05-07 20:44:55.724920,-0.11503,0.0897686,-0.000189508,2.55358,1.91877,0.7,0.0,-1,942.478,61.566,42.0,-1.0,"[-1.0, -1.0, -1.0, -1.0, -1.0, -1.0, -1.0, -1.0, -1.0, -1.0, -1.0, -1.0, -1.0, -1.0, -1.0, -1.0, -1.0, -1.0, -1.0]"
2025-05-07 20:44:55.746015,-0.156647,0.0685246,-0.000186839,2.55362,1.91859,0.7,0.0,-1,942.478,61.586,42.0,-1.0,"[-1.0, -1.0, -1.0, -1.0, -1.0, -1.0, -1.0, -1.0, -1.0, -1.0, -1.0, -1.0, -1.0, -1.0, -1.0, -1.0, -1.0, -1.0, -1.0]"
2025-05-07 20:44:55.765785,-0.114929,0.0890015,-0.000174787,2.55358,1.91846,0.7,0.0,-1,942.478,61.606,42.0,-1.0,"[-1.0, -1.0, -1.0, -1.0, -1.0, -1.0, -1.0, -1.0, -1.0, -1.0, -1.0, -1.0, -1.0, -1.0, -1.0, -1.0, -1.0, -1.0, -1.0]"
2025-05-07 20:44:55.785431,-0.160279,0.0718671,-0.000183523,2.55364,1.91828,0.7,0.0,-1,942.478,61.626,42.0,-1.0,"[-1.0, -1.0, -1.0, -1.0, -1.0, -1.0, -1.0, -1.0, -1.0, -1.0, -1.0, -1.0, -1.0, -1.0, -1.0, -1.0, -1.0, -1.0, -1.0]"
2025-05-07 20:44:55.806787,-0.115867,0.0907992,-0.000176632,2.5536,1.91816,0.7,0.0,-1,942.478,61.646,42.0,-1.0,"[-1.0, -1.0, -1.0, -1.0, -1.0, -1.0, -1.0, -1.0, -1.0, -1.0, -1.0, -1.0, -1.0, -1.0, -1.0, -1.0, -1.0, -1.0, -1.0]"
2025-05-07 20:44:55.830237,-0.157257,0.0688346,-0.000177053,2.55364,1.91798,0.7,0.0,-1,942.478,61.666,42.0,-1.0,"[-1.0, -1.0, -1.0, -1.0, -1.0, -1.0, -1.0, -1.0, -1.0, -1.0, -1.0, -1.0, -1.0, -1.0, -1.0, -1.0, -1.0, -1.0, -1.0]"
2025-05-07 20:44:55.847490,-0.115131,0.089374,-0.000158638,2.5536,1.91786,0.7,0.0,-1,942.478,61.686,42.0,-1.0,"[-1.0, -1.0, -1.0, -1.0, -1.0, -1.0, -1.0, -1.0, -1.0, -1.0, -1.0, -1.0, -1.0, -1.0, -1.0, -1.0, -1.0, -1.0, -1.0]"
2025-05-07 20:44:55.867044,-0.15686,0.0687584,-0.000192133,2.55364,1.91768,0.7,0.0,-1,942.478,61.706,42.0,-1.0,"[-1.0, -1.0, -1.0, -1.0, -1.0, -1.0, -1.0, -1.0, -1.0, -1.0, -1.0, -1.0, -1.0, -1.0, -1.0, -1.0, -1.0, -1.0, -1.0]"
2025-05-07 20:44:55.886869,-0.114994,0.0894054,-0.000178998,2.5536,1.91756,0.7,0.0,-1,942.478,61.726,42.0,-1.0,"[-1.0, -1.0, -1.0, -1.0, -1.0, -1.0, -1.0, -1.0, -1.0, -1.0, -1.0, -1.0, -1.0, -1.0, -1.0, -1.0, -1.0, -1.0, -1.0]"
2025-05-07 20:44:55.907158,-0.162808,0.0719983,-0.000181468,2.55367,1.91738,0.7,0.0,-1,942.478,61.746,42.0,-1.0,"[-1.0, -1.0, -1.0, -1.0, -1.0, -1.0, -1.0, -1.0, -1.0, -1.0, -1.0, -1.0, -1.0, -1.0, -1.0, -1.0, -1.0, -1.0, -1.0]"
2025-05-07 20:44:55.925812,-0.116916,0.0901531,-0.000177694,2.55362,1.91725,0.7,0.0,-1,942.478,61.766,42.0,-1.0,"[-1.0, -1.0, -1.0, -1.0, -1.0, -1.0, -1.0, -1.0, -1.0, -1.0, -1.0, -1.0, -1.0, -1.0, -1.0, -1.0, -1.0, -1.0, -1.0]"
2025-05-07 20:44:55.944760,-0.157161,0.0687658,-0.000183682,2.55367,1.91706,0.7,0.0,-1,942.478,61.786,42.0,-1.0,"[-1.0, -1.0, -1.0, -1.0, -1.0, -1.0, -1.0, -1.0, -1.0, -1.0, -1.0, -1.0, -1.0, -1.0, -1.0, -1.0, -1.0, -1.0, -1.0]"
2025-05-07 20:44:55.965405,-0.115116,0.089023,-0.000164028,2.55362,1.91694,0.7,0.0,-1,942.478,61.806,42.0,-1.0,"[-1.0, -1.0, -1.0, -1.0, -1.0, -1.0, -1.0, -1.0, -1.0, -1.0, -1.0, -1.0, -1.0, -1.0, -1.0, -1.0, -1.0, -1.0, -1.0]"
2025-05-07 20:44:55.986478,-0.156724,0.0687107,-0.000183772,2.55367,1.91676,0.7,0.0,-1,942.478,61.826,42.0,-1.0,"[-1.0, -1.0, -1.0, -1.0, -1.0, -1.0, -1.0, -1.0, -1.0, -1.0, -1.0, -1.0, -1.0, -1.0, -1.0, -1.0, -1.0, -1.0, -1.0]"
2025-05-07 20:44:56.005974,-0.126108,0.0905568,-0.000171089,2.55364,1.91663,0.7,0.0,-1,942.478,61.846,42.0,-1.0,"[-1.0, -1.0, -1.0, -1.0, -1.0, -1.0, -1.0, -1.0, -1.0, -1.0, -1.0, -1.0, -1.0, -1.0, -1.0, -1.0, -1.0, -1.0, -1.0]"
2025-05-07 20:44:56.026107,-0.157942,0.0698924,-0.00020056,2.55369,1.91644,0.7,0.0,-1,942.478,61.866,42.0,-1.0,"[-1.0, -1.0, -1.0, -1.0, -1.0, -1.0, -1.0, -1.0, -1.0, -1.0, -1.0, -1.0, -1.0, -1.0, -1.0, -1.0, -1.0, -1.0, -1.0]"
2025-05-07 20:44:56.045123,-0.115894,0.0883819,-0.000174616,2.55364,1.91631,0.7,0.0,-1,942.478,61.886,42.0,-1.0,"[-1.0, -1.0, -1.0, -1.0, -1.0, -1.0, -1.0, -1.0, -1.0, -1.0, -1.0, -1.0, -1.0, -1.0, -1.0, -1.0, -1.0, -1.0, -1.0]"
2025-05-07 20:44:56.066376,-0.156384,0.0684914,-0.000188904,2.55369,1.91613,0.7,0.0,-1,942.478,61.906,42.0,-1.0,"[-1.0, -1.0, -1.0, -1.0, -1.0, -1.0, -1.0, -1.0, -1.0, -1.0, -1.0, -1.0, -1.0, -1.0, -1.0, -1.0, -1.0, -1.0, -1.0]"
2025-05-07 20:44:56.086371,-0.115042,0.0884529,-0.00018211,2.55364,1.91601,0.7,0.0,-1,942.478,61.926,42.0,-1.0,"[-1.0, -1.0, -1.0, -1.0, -1.0, -1.0, -1.0, -1.0, -1.0, -1.0, -1.0, -1.0, -1.0, -1.0, -1.0, -1.0, -1.0, -1.0, -1.0]"
2025-05-07 20:44:56.106384,-0.156632,0.0687064,-0.000172374,2.55369,1.91583,0.7,0.0,-1,942.478,61.946,42.0,-1.0,"[-1.0, -1.0, -1.0, -1.0, -1.0, -1.0, -1.0, -1.0, -1.0, -1.0, -1.0, -1.0, -1.0, -1.0, -1.0, -1.0, -1.0, -1.0, -1.0]"
2025-05-07 20:44:56.127071,-0.122236,0.0927986,-0.00017329,2.55367,1.91571,0.7,0.0,-1,942.478,61.966,42.0,-1.0,"[-1.0, -1.0, -1.0, -1.0, -1.0, -1.0, -1.0, -1.0, -1.0, -1.0, -1.0, -1.0, -1.0, -1.0, -1.0, -1.0, -1.0, -1.0, -1.0]"
2025-05-07 20:44:56.144951,-0.157589,0.0693267,-0.000191295,2.55371,1.91553,0.7,0.0,-1,942.478,61.986,42.0,-1.0,"[-1.0, -1.0, -1.0, -1.0, -1.0, -1.0, -1.0, -1.0, -1.0, -1.0, -1.0, -1.0, -1.0, -1.0, -1.0, -1.0, -1.0, -1.0, -1.0]"
2025-05-07 20:44:56.166035,-0.115747,0.0879665,-0.000179989,2.55367,1.9154,0.7,0.0,-1,942.478,62.006,42.0,-1.0,"[-1.0, -1.0, -1.0, -1.0, -1.0, -1.0, -1.0, -1.0, -1.0, -1.0, -1.0, -1.0, -1.0, -1.0, -1.0, -1.0, -1.0, -1.0, -1.0]"
2025-05-07 20:44:56.185750,-0.156366,0.068529,-0.000186284,2.55371,1.91521,0.7,0.0,-1,942.478,62.026,42.0,-1.0,"[-1.0, -1.0, -1.0, -1.0, -1.0, -1.0, -1.0, -1.0, -1.0, -1.0, -1.0, -1.0, -1.0, -1.0, -1.0, -1.0, -1.0, -1.0, -1.0]"
2025-05-07 20:44:56.206056,-0.115057,0.0883171,-0.000178891,2.55367,1.91509,0.7,0.0,-1,942.478,62.046,42.0,-1.0,"[-1.0, -1.0, -1.0, -1.0, -1.0, -1.0, -1.0, -1.0, -1.0, -1.0, -1.0, -1.0, -1.0, -1.0, -1.0, -1.0, -1.0, -1.0, -1.0]"
2025-05-07 20:44:56.226256,-0.160113,0.0717762,-0.000195235,2.55373,1.91491,0.7,0.0,-1,942.478,62.066,42.0,-1.0,"[-1.0, -1.0, -1.0, -1.0, -1.0, -1.0, -1.0, -1.0, -1.0, -1.0, -1.0, -1.0, -1.0, -1.0, -1.0, -1.0, -1.0, -1.0, -1.0]"
2025-05-07 20:44:56.246188,-0.115956,0.0899317,-0.00018606,2.55369,1.91479,0.7,0.0,-1,942.478,62.086,42.0,-1.0,"[-1.0, -1.0, -1.0, -1.0, -1.0, -1.0, -1.0, -1.0, -1.0, -1.0, -1.0, -1.0, -1.0, -1.0, -1.0, -1.0, -1.0, -1.0, -1.0]"
2025-05-07 20:44:56.264249,-0.157218,0.0688917,-0.000193454,2.55373,1.91461,0.7,0.0,-1,942.478,62.106,42.0,-1.0,"[-1.0, -1.0, -1.0, -1.0, -1.0, -1.0, -1.0, -1.0, -1.0, -1.0, -1.0, -1.0, -1.0, -1.0, -1.0, -1.0, -1.0, -1.0, -1.0]"
2025-05-07 20:44:56.284947,-0.115197,0.0888948,-0.000175332,2.55369,1.9145,0.7,0.0,-1,942.478,62.126,42.0,-1.0,"[-1.0, -1.0, -1.0, -1.0, -1.0, -1.0, -1.0, -1.0, -1.0, -1.0, -1.0, -1.0, -1.0, -1.0, -1.0, -1.0, -1.0, -1.0, -1.0]"
2025-05-07 20:44:56.306172,-0.156253,0.0685543,-0.000191235,2.55373,1.91432,0.7,0.0,-1,942.478,62.146,42.0,-1.0,"[-1.0, -1.0, -1.0, -1.0, -1.0, -1.0, -1.0, -1.0, -1.0, -1.0, -1.0, -1.0, -1.0, -1.0, -1.0, -1.0, -1.0, -1.0, -1.0]"
2025-05-07 20:44:56.326016,-0.154949,0.079301,-0.000166527,2.55373,1.91419,0.7,0.0,-1,942.478,62.166,42.0,-1.0,"[-1.0, -1.0, -1.0, -1.0, -1.0, -1.0, -1.0, -1.0, -1.0, -1.0, -1.0, -1.0, -1.0, -1.0, -1.0, -1.0, -1.0, -1.0, -1.0]"
2025-05-07 20:44:56.345298,-0.166639,0.0790513,-0.000199669,2.55376,1.91399,0.7,0.0,-1,942.478,62.186,42.0,-1.0,"[-1.0, -1.0, -1.0, -1.0, -1.0, -1.0, -1.0, -1.0, -1.0, -1.0, -1.0, -1.0, -1.0, -1.0, -1.0, -1.0, -1.0, -1.0, -1.0]"
2025-05-07 20:44:56.366305,-0.115958,0.0881303,-0.000168784,2.55371,1.91386,0.7,0.0,-1,942.478,62.206,42.0,-1.0,"[-1.0, -1.0, -1.0, -1.0, -1.0, -1.0, -1.0, -1.0, -1.0, -1.0, -1.0, -1.0, -1.0, -1.0, -1.0, -1.0, -1.0, -1.0, -1.0]"
2025-05-07 20:44:56.385927,-0.148756,0.0742254,-0.000173034,2.55373,1.91371,0.7,0.0,-1,942.478,62.226,42.0,-1.0,"[-1.0, -1.0, -1.0, -1.0, -1.0, -1.0, -1.0, -1.0, -1.0, -1.0, -1.0, -1.0, -1.0, -1.0, -1.0, -1.0, -1.0, -1.0, -1.0]"
2025-05-07 20:44:56.407330,-0.124152,0.0929335,-0.000126086,2.55371,1.91363,0.7,0.0,-1,942.478,62.246,42.0,-1.0,"[-1.0, -1.0, -1.0, -1.0, -1.0, -1.0, -1.0, -1.0, -1.0, -1.0, -1.0, -1.0, -1.0, -1.0, -1.0, -1.0, -1.0, -1.0, -1.0]"
2025-05-07 20:44:56.426171,-0.155714,0.0669561,-0.000131578,2.55376,1.91344,0.7,0.0,-1,942.478,62.266,42.0,-1.0,"[-1.0, -1.0, -1.0, -1.0, -1.0, -1.0, -1.0, -1.0, -1.0, -1.0, -1.0, -1.0, -1.0, -1.0, -1.0, -1.0, -1.0, -1.0, -1.0]"
2025-05-07 20:44:56.445081,-0.12299,0.0909036,-0.000129193,2.55373,1.91332,0.7,0.0,-1,942.478,62.286,42.0,-1.0,"[-1.0, -1.0, -1.0, -1.0, -1.0, -1.0, -1.0, -1.0, -1.0, -1.0, -1.0, -1.0, -1.0, -1.0, -1.0, -1.0, -1.0, -1.0, -1.0]"
2025-05-07 20:44:56.466878,-0.157922,0.0689911,-0.00017404,2.55378,1.91313,0.7,0.0,-1,942.478,62.306,42.0,-1.0,"[-1.0, -1.0, -1.0, -1.0, -1.0, -1.0, -1.0, -1.0, -1.0, -1.0, -1.0, -1.0, -1.0, -1.0, -1.0, -1.0, -1.0, -1.0, -1.0]"
2025-05-07 20:44:56.484514,-0.115632,0.088048,-0.000169644,2.55373,1.913,0.7,0.0,-1,942.478,62.326,42.0,-1.0,"[-1.0, -1.0, -1.0, -1.0, -1.0, -1.0, -1.0, -1.0, -1.0, -1.0, -1.0, -1.0, -1.0, -1.0, -1.0, -1.0, -1.0, -1.0, -1.0]"
2025-05-07 20:44:56.505595,-0.156383,0.0685044,-0.000191198,2.55378,1.91282,0.7,0.0,-1,942.478,62.346,42.0,-1.0,"[-1.0, -1.0, -1.0, -1.0, -1.0, -1.0, -1.0, -1.0, -1.0, -1.0, -1.0, -1.0, -1.0, -1.0, -1.0, -1.0, -1.0, -1.0, -1.0]"
2025-05-07 20:44:56.524612,-0.115097,0.0878227,-0.000175182,2.55373,1.9127,0.7,0.0,-1,942.478,62.366,42.0,-1.0,"[-1.0, -1.0, -1.0, -1.0, -1.0, -1.0, -1.0, -1.0, -1.0, -1.0, -1.0, -1.0, -1.0, -1.0, -1.0, -1.0, -1.0, -1.0, -1.0]"
2025-05-07 20:44:56.545787,-0.160001,0.0717147,-0.000212003,2.5538,1.91252,0.7,0.0,-1,942.478,62.386,42.0,-1.0,"[-1.0, -1.0, -1.0, -1.0, -1.0, -1.0, -1.0, -1.0, -1.0, -1.0, -1.0, -1.0, -1.0, -1.0, -1.0, -1.0, -1.0, -1.0, -1.0]"
2025-05-07 20:44:56.564280,-0.115982,0.089294,-0.000167949,2.55376,1.91241,0.7,0.0,-1,942.478,62.406,42.0,-1.0,"[-1.0, -1.0, -1.0, -1.0, -1.0, -1.0, -1.0, -1.0, -1.0, -1.0, -1.0, -1.0, -1.0, -1.0, -1.0, -1.0, -1.0, -1.0, -1.0]"
2025-05-07 20:44:56.584372,-0.156954,0.0688178,-0.000188975,2.5538,1.91223,0.42156953999999996,0.0,-1,942.478,62.426,42.0,1.0,"[-1.0, -1.0, -1.0, -1.0, -1.0, -1.0, -1.0, -1.0, -1.0, -1.0, -1.0, -1.0, -1.0, -1.0, -1.0, -1.0, -1.0, -1.0, -1.0]"
2025-05-07 20:44:56.604877,-0.115242,0.0881535,-0.000173792,2.55376,1.91211,0.42115242,0.0,-1,942.478,62.446,42.0,1.0,"[-1.0, -1.0, -1.0, -1.0, -1.0, -1.0, -1.0, -1.0, -1.0, -1.0, -1.0, -1.0, -1.0, -1.0, -1.0, -1.0, -1.0, -1.0, -1.0]"
2025-05-07 20:44:56.624631,-0.156288,0.068428,-0.000174334,2.5538,1.91193,0.42156288000000003,0.0,-1,942.478,62.466,42.0,1.0,"[-1.0, -1.0, -1.0, -1.0, -1.0, -1.0, -1.0, -1.0, -1.0, -1.0, -1.0, -1.0, -1.0, -1.0, -1.0, -1.0, -1.0, -1.0, -1.0]"
2025-05-07 20:44:56.645432,-0.126151,0.0891876,-0.00016708,2.55378,1.91181,0.42126151,0.0,-1,942.478,62.486,42.0,1.0,"[-1.0, -1.0, -1.0, -1.0, -1.0, -1.0, -1.0, -1.0, -1.0, -1.0, -1.0, -1.0, -1.0, -1.0, -1.0, -1.0, -1.0, -1.0, -1.0]"
2025-05-07 20:44:56.664377,-0.157673,0.06943,-0.000179958,2.55382,1.91162,0.42157673,0.0,-1,942.478,62.506,42.0,1.0,"[-1.0, -1.0, -1.0, -1.0, -1.0, -1.0, -1.0, -1.0, -1.0, -1.0, -1.0, -1.0, -1.0, -1.0, -1.0, -1.0, -1.0, -1.0, -1.0]"
2025-05-07 20:44:56.685052,-0.115944,0.0871383,-0.000171039,2.55378,1.91149,0.42115944,0.0,-1,942.478,62.526,42.0,1.0,"[-1.0, -1.0, -1.0, -1.0, -1.0, -1.0, -1.0, -1.0, -1.0, -1.0, -1.0, -1.0, -1.0, -1.0, -1.0, -1.0, -1.0, -1.0, -1.0]"
2025-05-07 20:44:56.707152,-0.155993,0.0683269,-0.000195174,2.55382,1.91131,0.42155993,0.0,-1,942.478,62.546,42.0,1.0,"[-1.0, -1.0, -1.0, -1.0, -1.0, -1.0, -1.0, -1.0, -1.0, -1.0, -1.0, -1.0, -1.0, -1.0, -1.0, -1.0, -1.0, -1.0, -1.0]"
2025-05-07 20:44:56.724585,-0.11509,0.0870503,-0.000178661,2.55378,1.91119,0.4211509,0.0,-1,942.478,62.566,42.0,1.0,"[-1.0, -1.0, -1.0, -1.0, -1.0, -1.0, -1.0, -1.0, -1.0, -1.0, -1.0, -1.0, -1.0, -1.0, -1.0, -1.0, -1.0, -1.0, -1.0]"
2025-05-07 20:44:56.745685,-0.159738,0.0715312,-0.000185508,2.55384,1.91102,0.42159737999999997,0.0,-1,942.478,62.586,42.0,1.0,"[-1.0, -1.0, -1.0, -1.0, -1.0, -1.0, -1.0, -1.0, -1.0, -1.0, -1.0, -1.0, -1.0, -1.0, -1.0, -1.0, -1.0, -1.0, -1.0]"
2025-05-07 20:44:56.766022,-0.116031,0.0888084,-0.000177451,2.5538,1.9109,0.42116031,0.0,-1,942.478,62.606,42.0,1.0,"[-1.0, -1.0, -1.0, -1.0, -1.0, -1.0, -1.0, -1.0, -1.0, -1.0, -1.0, -1.0, -1.0, -1.0, -1.0, -1.0, -1.0, -1.0, -1.0]"
2025-05-07 20:44:56.786391,-0.156887,0.0688669,-0.000179079,2.55384,1.91072,0.42156887,0.0,-1,942.478,62.626,42.0,1.0,"[-1.0, -1.0, -1.0, -1.0, -1.0, -1.0, -1.0, -1.0, -1.0, -1.0, -1.0, -1.0, -1.0, -1.0, -1.0, -1.0, -1.0, -1.0, -1.0]"
2025-05-07 20:44:56.808084,-0.115295,0.0879301,-0.000172811,2.5538,1.9106,0.42115295,0.0,-1,942.478,62.646,42.0,1.0,"[-1.0, -1.0, -1.0, -1.0, -1.0, -1.0, -1.0, -1.0, -1.0, -1.0, -1.0, -1.0, -1.0, -1.0, -1.0, -1.0, -1.0, -1.0, -1.0]"
2025-05-07 20:44:56.828937,-0.155986,0.0683955,-0.000191421,2.55384,1.91043,0.42155986,0.0,-1,942.478,62.666,42.0,1.0,"[-1.0, -1.0, -1.0, -1.0, -1.0, -1.0, -1.0, -1.0, -1.0, -1.0, -1.0, -1.0, -1.0, -1.0, -1.0, -1.0, -1.0, -1.0, -1.0]"
2025-05-07 20:44:56.846629,-0.154546,0.0786085,-0.000171761,2.55384,1.9103,0.42154546000000004,0.0,-1,942.478,62.686,42.0,1.0,"[-1.0, -1.0, -1.0, -1.0, -1.0, -1.0, -1.0, -1.0, -1.0, -1.0, -1.0, -1.0, -1.0, -1.0, -1.0, -1.0, -1.0, -1.0, -1.0]"
2025-05-07 20:44:56.866396,-0.165763,0.0796563,-0.000205988,2.55387,1.9101,0.42165763,0.0,-1,942.478,62.706,42.0,1.0,"[-1.0, -1.0, -1.0, -1.0, -1.0, -1.0, -1.0, -1.0, -1.0, -1.0, -1.0, -1.0, -1.0, -1.0, -1.0, -1.0, -1.0, -1.0, -1.0]"
2025-05-07 20:44:56.885393,-0.115776,0.0873018,-0.000197331,2.55382,1.90999,0.42115776,0.0,-1,942.478,62.726,42.0,1.0,"[-1.0, -1.0, -1.0, -1.0, -1.0, -1.0, -1.0, -1.0, -1.0, -1.0, -1.0, -1.0, -1.0, -1.0, -1.0, -1.0, -1.0, -1.0, -1.0]"
2025-05-07 20:44:56.907541,-0.148483,0.0729185,-0.000193106,2.55384,1.90983,0.42148483,0.0,-1,942.478,62.746,42.0,1.0,"[-1.0, -1.0, -1.0, -1.0, -1.0, -1.0, -1.0, -1.0, -1.0, -1.0, -1.0, -1.0, -1.0, -1.0, -1.0, -1.0, -1.0, -1.0, -1.0]"
2025-05-07 20:44:56.929677,-0.124255,0.0897137,-0.000154217,2.55382,1.90974,0.42124255,0.0,-1,942.478,62.766,42.0,1.0,"[-1.0, -1.0, -1.0, -1.0, -1.0, -1.0, -1.0, -1.0, -1.0, -1.0, -1.0, -1.0, -1.0, -1.0, -1.0, -1.0, -1.0, -1.0, -1.0]"
2025-05-07 20:44:56.945698,-0.169625,0.0637056,-0.000171661,2.55389,1.90955,0.42169625000000005,0.0,-1,942.478,62.786,42.0,1.0,"[-1.0, -1.0, -1.0, -1.0, -1.0, -1.0, -1.0, -1.0, -1.0, -1.0, -1.0, -1.0, -1.0, -1.0, -1.0, -1.0, -1.0, -1.0, -1.0]"
2025-05-07 20:44:56.964467,-0.116886,0.0861234,-0.000169071,2.55384,1.90942,0.42116886000000003,0.0,-1,942.478,62.806,42.0,1.0,"[-1.0, -1.0, -1.0, -1.0, -1.0, -1.0, -1.0, -1.0, -1.0, -1.0, -1.0, -1.0, -1.0, -1.0, -1.0, -1.0, -1.0, -1.0, -1.0]"
2025-05-07 20:44:56.988641,-0.155779,0.0678644,-0.000192539,2.55389,1.90924,0.42155779000000004,0.0,-1,942.478,62.826,42.0,1.0,"[-1.0, -1.0, -1.0, -1.0, -1.0, -1.0, -1.0, -1.0, -1.0, -1.0, -1.0, -1.0, -1.0, -1.0, -1.0, -1.0, -1.0, -1.0, -1.0]"
2025-05-07 20:44:57.006734,-0.0797465,0.0639521,-0.000174782,2.55384,1.90908,0.420797465,0.0,-1,942.478,62.846,42.0,1.0,"[-1.0, -1.0, -1.0, -1.0, -1.0, -1.0, -1.0, -1.0, -1.0, -1.0, -1.0, -1.0, -1.0, -1.0, -1.0, -1.0, -1.0, -1.0, -1.0]"
2025-05-07 20:44:57.025800,-0.0718162,0.0525997,6.69621e-05,2.55384,1.90892,0.420718162,0.0,-1,942.478,62.866,42.0,1.0,"[-1.0, -1.0, -1.0, -1.0, -1.0, -1.0, -1.0, -1.0, -1.0, -1.0, -1.0, -1.0, -1.0, -1.0, -1.0, -1.0, -1.0, -1.0, -1.0]"
2025-05-07 20:44:57.045999,-0.0881105,0.0635016,0.000493912,2.55384,1.90897,0.420881105,0.0,-1,942.478,62.886,42.0,1.0,"[-1.0, -1.0, -1.0, -1.0, -1.0, -1.0, -1.0, -1.0, -1.0, -1.0, -1.0, -1.0, -1.0, -1.0, -1.0, -1.0, -1.0, -1.0, -1.0]"
2025-05-07 20:44:57.065672,-0.0751861,0.0415891,0.000867859,2.55384,1.90898,0.42075186100000006,0.0,-1,942.478,62.906,42.0,1.0,"[-1.0, -1.0, -1.0, -1.0, -1.0, -1.0, -1.0, -1.0, -1.0, -1.0, -1.0, -1.0, -1.0, -1.0, -1.0, -1.0, -1.0, -1.0, -1.0]"
2025-05-07 20:44:57.086254,-0.111751,0.0228251,0.00119792,2.55384,1.90911,0.42111751,0.0,-1,942.478,62.926,42.0,1.0,"[-1.0, -1.0, -1.0, -1.0, -1.0, -1.0, -1.0, -1.0, -1.0, -1.0, -1.0, -1.0, -1.0, -1.0, -1.0, -1.0, -1.0, -1.0, -1.0]"
2025-05-07 20:44:57.106898,-0.140775,0.046576,0.00123006,2.55389,1.90914,0.42140774999999997,0.0,-1,942.478,62.946,42.0,1.0,"[-1.0, -1.0, -1.0, -1.0, -1.0, -1.0, -1.0, -1.0, -1.0, -1.0, -1.0, -1.0, -1.0, -1.0, -1.0, -1.0, -1.0, -1.0, -1.0]"
2025-05-07 20:44:57.127141,-0.0733181,0.0451913,0.00107741,2.55384,1.90911,0.420733181,0.0,-1,942.478,62.966,42.0,1.0,"[-1.0, -1.0, -1.0, -1.0, -1.0, -1.0, -1.0, -1.0, -1.0, -1.0, -1.0, -1.0, -1.0, -1.0, -1.0, -1.0, -1.0, -1.0, -1.0]"
2025-05-07 20:44:57.147228,-0.0680109,0.0235408,0.000979002,2.55384,1.90921,0.42068010899999997,0.0,-1,942.478,62.986,42.0,1.0,"[-1.0, -1.0, -1.0, -1.0, -1.0, -1.0, -1.0, -1.0, -1.0, -1.0, -1.0, -1.0, -1.0, -1.0, -1.0, -1.0, -1.0, -1.0, -1.0]"
2025-05-07 20:44:57.166015,-0.0586097,0.0531073,0.000708709,2.55384,1.90933,0.420586097,0.0,-1,942.478,63.006,42.0,1.0,"[-1.0, -1.0, -1.0, -1.0, -1.0, -1.0, -1.0, -1.0, -1.0, -1.0, -1.0, -1.0, -1.0, -1.0, -1.0, -1.0, -1.0, -1.0, -1.0]"
2025-05-07 20:44:57.187379,-0.157122,0.0254864,0.000313898,2.55389,1.9093,0.42157122,0.0,-1,942.478,63.026,42.0,1.0,"[-1.0, -1.0, -1.0, -1.0, -1.0, -1.0, -1.0, -1.0, -1.0, -1.0, -1.0, -1.0, -1.0, -1.0, -1.0, -1.0, -1.0, -1.0, -1.0]"
2025-05-07 20:44:57.204787,-0.0653827,0.0241073,0.000130005,2.55384,1.90946,0.420653827,0.0,-1,942.478,63.046,42.0,1.0,"[-1.0, -1.0, -1.0, -1.0, -1.0, -1.0, -1.0, -1.0, -1.0, -1.0, -1.0, -1.0, -1.0, -1.0, -1.0, -1.0, -1.0, -1.0, -1.0]"
2025-05-07 20:44:57.226793,-0.0826529,0.0332551,-0.000137766,2.55387,1.90955,0.420826529,0.0,-1,942.478,63.066,42.0,1.0,"[-1.0, -1.0, -1.0, -1.0, -1.0, -1.0, -1.0, -1.0, -1.0, -1.0, -1.0, -1.0, -1.0, -1.0, -1.0, -1.0, -1.0, -1.0, -1.0]"
2025-05-07 20:44:57.246732,-0.123679,0.0450865,-0.000251246,2.55384,1.90953,0.42123679,0.0,-1,942.478,63.086,42.0,1.0,"[-1.0, -1.0, -1.0, -1.0, -1.0, -1.0, -1.0, -1.0, -1.0, -1.0, -1.0, -1.0, -1.0, -1.0, -1.0, -1.0, -1.0, -1.0, -1.0]"
2025-05-07 20:44:57.267365,-0.117192,0.00821741,-0.000286291,2.55384,1.9096,0.42117192000000003,0.0,-1,942.478,63.106,42.0,1.0,"[-1.0, -1.0, -1.0, -1.0, -1.0, -1.0, -1.0, -1.0, -1.0, -1.0, -1.0, -1.0, -1.0, -1.0, -1.0, -1.0, -1.0, -1.0, -1.0]"
2025-05-07 20:44:57.287158,-0.0824641,0.0376292,-0.000242736,2.55382,1.9098,0.42082464100000005,0.0,-1,942.478,63.126,42.0,1.0,"[-1.0, -1.0, -1.0, -1.0, -1.0, -1.0, -1.0, -1.0, -1.0, -1.0, -1.0, -1.0, -1.0, -1.0, -1.0, -1.0, -1.0, -1.0, -1.0]"
2025-05-07 20:44:57.304688,-0.0847376,0.0505948,-0.000239484,2.55382,1.90982,0.420847376,0.0,-1,942.478,63.146,42.0,1.0,"[-1.0, -1.0, -1.0, -1.0, -1.0, -1.0, -1.0, -1.0, -1.0, -1.0, -1.0, -1.0, -1.0, -1.0, -1.0, -1.0, -1.0, -1.0, -1.0]"
2025-05-07 20:44:57.327611,-0.0700581,0.0136002,-0.000179376,2.55382,1.90989,0.42070058099999996,0.0,-1,942.478,63.166,42.0,1.0,"[-1.0, -1.0, -1.0, -1.0, -1.0, -1.0, -1.0, -1.0, -1.0, -1.0, -1.0, -1.0, -1.0, -1.0, -1.0, -1.0, -1.0, -1.0, -1.0]"
2025-05-07 20:44:57.347391,-0.150613,0.0166784,-0.000228457,2.55387,1.91005,0.42150613,0.0,-1,942.478,63.186,42.0,1.0,"[-1.0, -1.0, -1.0, -1.0, -1.0, -1.0, -1.0, -1.0, -1.0, -1.0, -1.0, -1.0, -1.0, -1.0, -1.0, -1.0, -1.0, -1.0, -1.0]"
2025-05-07 20:44:57.368438,-0.0892833,0.0708474,-0.00020739,2.55382,1.91005,0.42089283299999997,0.0,-1,942.478,63.206,42.0,1.0,"[-1.0, -1.0, -1.0, -1.0, -1.0, -1.0, -1.0, -1.0, -1.0, -1.0, -1.0, -1.0, -1.0, -1.0, -1.0, -1.0, -1.0, -1.0, -1.0]"
2025-05-07 20:44:57.387267,-0.0694433,0.0288862,-0.000223329,2.55382,1.9101,0.42069443300000003,0.0,-1,942.478,63.226,42.0,1.0,"[-1.0, -1.0, -1.0, -1.0, -1.0, -1.0, -1.0, -1.0, -1.0, -1.0, -1.0, -1.0, -1.0, -1.0, -1.0, -1.0, -1.0, -1.0, -1.0]"
2025-05-07 20:44:57.409182,-0.106832,0.019465,-0.000113158,2.55382,1.91029,0.42106832,0.0,-1,942.478,63.246,42.0,1.0,"[-1.0, -1.0, -1.0, -1.0, -1.0, -1.0, -1.0, -1.0, -1.0, -1.0, -1.0, -1.0, -1.0, -1.0, -1.0, -1.0, -1.0, -1.0, -1.0]"
2025-05-07 20:44:57.429062,-0.142576,0.0530818,-0.000175989,2.55387,1.91035,0.42142576,0.0,-1,942.478,63.266,42.0,1.0,"[-1.0, -1.0, -1.0, -1.0, -1.0, -1.0, -1.0, -1.0, -1.0, -1.0, -1.0, -1.0, -1.0, -1.0, -1.0, -1.0, -1.0, -1.0, -1.0]"
2025-05-07 20:44:57.446146,-0.0729865,0.0432867,-0.00020615,2.55382,1.91032,0.420729865,0.0,-1,942.478,63.286,42.0,1.0,"[-1.0, -1.0, -1.0, -1.0, -1.0, -1.0, -1.0, -1.0, -1.0, -1.0, -1.0, -1.0, -1.0, -1.0, -1.0, -1.0, -1.0, -1.0, -1.0]"
2025-05-07 20:44:57.466175,-0.02416,0.0369348,-0.000156468,2.55382,1.91043,0.4202416,0.0,-1,942.478,63.306,42.0,1.0,"[-1.0, -1.0, -1.0, -1.0, -1.0, -1.0, -1.0, -1.0, -1.0, -1.0, -1.0, -1.0, -1.0, -1.0, -1.0, -1.0, -1.0, -1.0, -1.0]"
2025-05-07 20:44:57.490705,-0.0710043,0.0534734,-0.000159577,2.5538,1.91054,0.420710043,0.0,-1,942.478,63.326,42.0,1.0,"[-1.0, -1.0, -1.0, -1.0, -1.0, -1.0, -1.0, -1.0, -1.0, -1.0, -1.0, -1.0, -1.0, -1.0, -1.0, -1.0, -1.0, -1.0, -1.0]"
2025-05-07 20:44:57.508072,-0.131187,0.0354409,-0.000224151,2.55384,1.91051,0.42131187,0.0,-1,942.478,63.346,42.0,1.0,"[-1.0, -1.0, -1.0, -1.0, -1.0, -1.0, -1.0, -1.0, -1.0, -1.0, -1.0, -1.0, -1.0, -1.0, -1.0, -1.0, -1.0, -1.0, -1.0]"
2025-05-07 20:44:57.527491,-0.0636843,0.022656,-0.0001375,2.5538,1.91065,0.420636843,0.0,-1,942.478,63.366,42.0,1.0,"[-1.0, -1.0, -1.0, -1.0, -1.0, -1.0, -1.0, -1.0, -1.0, -1.0, -1.0, -1.0, -1.0, -1.0, -1.0, -1.0, -1.0, -1.0, -1.0]"
2025-05-07 20:44:57.545517,-0.0823774,0.0333331,-0.000191967,2.55382,1.91074,0.420823774,0.0,-1,942.478,63.386,42.0,1.0,"[-1.0, -1.0, -1.0, -1.0, -1.0, -1.0, -1.0, -1.0, -1.0, -1.0, -1.0, -1.0, -1.0, -1.0, -1.0, -1.0, -1.0, -1.0, -1.0]"
2025-05-07 20:44:57.564782,-0.123498,0.0447163,-0.000173109,2.5538,1.91072,0.42123498,0.0,-1,942.478,63.406,42.0,1.0,"[-1.0, -1.0, -1.0, -1.0, -1.0, -1.0, -1.0, -1.0, -1.0, -1.0, -1.0, -1.0, -1.0, -1.0, -1.0, -1.0, -1.0, -1.0, -1.0]"
2025-05-07 20:44:57.584756,-0.147855,-0.0016802,-0.000141004,2.55384,1.9108,0.42147855,0.0,-1,942.478,63.426,42.0,1.0,"[-1.0, -1.0, -1.0, -1.0, -1.0, -1.0, -1.0, -1.0, -1.0, -1.0, -1.0, -1.0, -1.0, -1.0, -1.0, -1.0, -1.0, -1.0, -1.0]"
2025-05-07 20:44:57.604894,-0.0822592,0.0385447,-0.000144417,2.5538,1.91101,0.42082259200000005,0.0,-1,942.478,63.446,42.0,1.0,"[-1.0, -1.0, -1.0, -1.0, -1.0, -1.0, -1.0, -1.0, -1.0, -1.0, -1.0, -1.0, -1.0, -1.0, -1.0, -1.0, -1.0, -1.0, -1.0]"
2025-05-07 20:44:57.625876,-0.0845886,0.0509157,-0.000211911,2.5538,1.91103,0.42084588599999995,0.0,-1,942.478,63.466,42.0,1.0,"[-1.0, -1.0, -1.0, -1.0, -1.0, -1.0, -1.0, -1.0, -1.0, -1.0, -1.0, -1.0, -1.0, -1.0, -1.0, -1.0, -1.0, -1.0, -1.0]"
2025-05-07 20:44:57.645576,-0.070398,0.0134515,-0.000162828,2.5538,1.91109,0.42070398,0.0,-1,942.478,63.486,42.0,1.0,"[-1.0, -1.0, -1.0, -1.0, -1.0, -1.0, -1.0, -1.0, -1.0, -1.0, -1.0, -1.0, -1.0, -1.0, -1.0, -1.0, -1.0, -1.0, -1.0]"
2025-05-07 20:44:57.664572,-0.10216,0.0395294,-0.000168868,2.5538,1.91125,0.4210216,0.0,-1,942.478,63.506,42.0,1.0,"[-1.0, -1.0, -1.0, -1.0, -1.0, -1.0, -1.0, -1.0, -1.0, -1.0, -1.0, -1.0, -1.0, -1.0, -1.0, -1.0, -1.0, -1.0, -1.0]"
2025-05-07 20:44:57.688896,-0.0913617,0.0709306,-0.000202489,2.55378,1.91126,0.420913617,0.0,-1,942.478,63.526,42.0,1.0,"[-1.0, -1.0, -1.0, -1.0, -1.0, -1.0, -1.0, -1.0, -1.0, -1.0, -1.0, -1.0, -1.0, -1.0, -1.0, -1.0, -1.0, -1.0, -1.0]"
2025-05-07 20:44:57.705185,-0.0700938,0.0286409,-0.0002072,2.55378,1.91131,0.420700938,0.0,-1,942.478,63.546,42.0,1.0,"[-1.0, -1.0, -1.0, -1.0, -1.0, -1.0, -1.0, -1.0, -1.0, -1.0, -1.0, -1.0, -1.0, -1.0, -1.0, -1.0, -1.0, -1.0, -1.0]"
2025-05-07 20:44:57.728553,-0.106965,0.0185541,-0.000114776,2.55378,1.9115,0.42106965,0.0,-1,942.478,63.566,42.0,1.0,"[-1.0, -1.0, -1.0, -1.0, -1.0, -1.0, -1.0, -1.0, -1.0, -1.0, -1.0, -1.0, -1.0, -1.0, -1.0, -1.0, -1.0, -1.0, -1.0]"
2025-05-07 20:44:57.746618,-0.142108,0.0526798,-0.000170455,2.55382,1.91155,0.42142108,0.0,-1,942.478,63.586,42.0,1.0,"[-1.0, -1.0, -1.0, -1.0, -1.0, -1.0, -1.0, -1.0, -1.0, -1.0, -1.0, -1.0, -1.0, -1.0, -1.0, -1.0, -1.0, -1.0, -1.0]"
2025-05-07 20:44:57.766738,-0.0731453,0.043315,-0.000195924,2.55378,1.91152,0.420731453,0.0,-1,942.478,63.606,42.0,1.0,"[-1.0, -1.0, -1.0, -1.0, -1.0, -1.0, -1.0, -1.0, -1.0, -1.0, -1.0, -1.0, -1.0, -1.0, -1.0, -1.0, -1.0, -1.0, -1.0]"
2025-05-07 20:44:57.785621,-0.0678492,0.0214226,-0.000149881,2.55378,1.91163,0.42067849199999996,0.0,-1,942.478,63.626,42.0,1.0,"[-1.0, -1.0, -1.0, -1.0, -1.0, -1.0, -1.0, -1.0, -1.0, -1.0, -1.0, -1.0, -1.0, -1.0, -1.0, -1.0, -1.0, -1.0, -1.0]"
2025-05-07 20:44:57.809915,-0.0595952,0.0557698,-0.000130698,2.55378,1.91175,0.420595952,0.0,-1,942.478,63.646,42.0,1.0,"[-1.0, -1.0, -1.0, -1.0, -1.0, -1.0, -1.0, -1.0, -1.0, -1.0, -1.0, -1.0, -1.0, -1.0, -1.0, -1.0, -1.0, -1.0, -1.0]"
2025-05-07 20:44:57.826632,-0.157757,0.0248754,-0.000224327,2.55382,1.91172,0.42157756999999996,0.0,-1,942.478,63.666,42.0,1.0,"[-1.0, -1.0, -1.0, -1.0, -1.0, -1.0, -1.0, -1.0, -1.0, -1.0, -1.0, -1.0, -1.0, -1.0, -1.0, -1.0, -1.0, -1.0, -1.0]"
2025-05-07 20:44:57.845660,-0.0654868,0.0234289,-0.000135381,2.55378,1.91188,0.420654868,0.0,-1,942.478,63.686,42.0,1.0,"[-1.0, -1.0, -1.0, -1.0, -1.0, -1.0, -1.0, -1.0, -1.0, -1.0, -1.0, -1.0, -1.0, -1.0, -1.0, -1.0, -1.0, -1.0, -1.0]"
2025-05-07 20:44:57.865671,-0.0461444,0.0465423,-0.000187607,2.55376,1.91197,0.420461444,0.0,-1,942.478,63.706,42.0,1.0,"[-1.0, -1.0, -1.0, -1.0, -1.0, -1.0, -1.0, -1.0, -1.0, -1.0, -1.0, -1.0, -1.0, -1.0, -1.0, -1.0, -1.0, -1.0, -1.0]"
2025-05-07 20:44:57.888314,-0.119248,0.0480464,-0.000177791,2.55376,1.91193,0.42119248,0.0,-1,942.478,63.726,42.0,1.0,"[-1.0, -1.0, -1.0, -1.0, -1.0, -1.0, -1.0, -1.0, -1.0, -1.0, -1.0, -1.0, -1.0, -1.0, -1.0, -1.0, -1.0, -1.0, -1.0]"
2025-05-07 20:44:57.908628,-0.147265,-0.00130761,-0.000168254,2.5538,1.912,0.42147264999999995,0.0,-1,942.478,63.746,42.0,1.0,"[-1.0, -1.0, -1.0, -1.0, -1.0, -1.0, -1.0, -1.0, -1.0, -1.0, -1.0, -1.0, -1.0, -1.0, -1.0, -1.0, -1.0, -1.0, -1.0]"
2025-05-07 20:44:57.925292,-0.0822852,0.0389491,-0.000169149,2.55376,1.91221,0.420822852,0.0,-1,942.478,63.766,42.0,1.0,"[-1.0, -1.0, -1.0, -1.0, -1.0, -1.0, -1.0, -1.0, -1.0, -1.0, -1.0, -1.0, -1.0, -1.0, -1.0, -1.0, -1.0, -1.0, -1.0]"
2025-05-07 20:44:57.946173,-0.0844385,0.0506819,-0.000226615,2.55376,1.91223,0.420844385,0.0,-1,942.478,63.786,42.0,1.0,"[-1.0, -1.0, -1.0, -1.0, -1.0, -1.0, -1.0, -1.0, -1.0, -1.0, -1.0, -1.0, -1.0, -1.0, -1.0, -1.0, -1.0, -1.0, -1.0]"
2025-05-07 20:44:57.967355,-0.0705005,0.0132075,-0.000158555,2.55376,1.9123,0.420705005,0.0,-1,942.478,63.806,42.0,1.0,"[-1.0, -1.0, -1.0, -1.0, -1.0, -1.0, -1.0, -1.0, -1.0, -1.0, -1.0, -1.0, -1.0, -1.0, -1.0, -1.0, -1.0, -1.0, -1.0]"
2025-05-07 20:44:57.987990,-0.15097,0.0164842,-0.000160392,2.5538,1.91245,0.4215097,0.0,-1,942.478,63.826,42.0,1.0,"[-1.0, -1.0, -1.0, -1.0, -1.0, -1.0, -1.0, -1.0, -1.0, -1.0, -1.0, -1.0, -1.0, -1.0, -1.0, -1.0, -1.0, -1.0, -1.0]"
2025-05-07 20:44:58.005147,-0.0890009,0.0707763,-0.000184956,2.55376,1.91246,0.420890009,0.0,-1,942.478,63.846,42.0,1.0,"[-1.0, -1.0, -1.0, -1.0, -1.0, -1.0, -1.0, -1.0, -1.0, -1.0, -1.0, -1.0, -1.0, -1.0, -1.0, -1.0, -1.0, -1.0, -1.0]"
2025-05-07 20:44:58.028886,-0.0697537,0.0288462,-0.000217771,2.55376,1.91251,0.420697537,0.0,-1,942.478,63.866,42.0,1.0,"[-1.0, -1.0, -1.0, -1.0, -1.0, -1.0, -1.0, -1.0, -1.0, -1.0, -1.0, -1.0, -1.0, -1.0, -1.0, -1.0, -1.0, -1.0, -1.0]"
2025-05-07 20:44:58.045446,-0.107101,0.0194747,-0.000103317,2.55376,1.9127,0.42107101,0.0,-1,942.478,63.886,42.0,1.0,"[-1.0, -1.0, -1.0, -1.0, -1.0, -1.0, -1.0, -1.0, -1.0, -1.0, -1.0, -1.0, -1.0, -1.0, -1.0, -1.0, -1.0, -1.0, -1.0]"
2025-05-07 20:44:58.132595,-0.13062,0.0578863,-0.00014887,2.55373,1.91275,0.4213062,0.0,-1,942.478,63.906,42.0,1.0,"[-1.0, -1.0, -1.0, -1.0, -1.0, -1.0, -1.0, -1.0, -1.0, -1.0, -1.0, -1.0, -1.0, -1.0, -1.0, -1.0, -1.0, -1.0, -1.0]"
2025-05-07 20:44:58.134601,-0.103123,0.0307923,-0.000196213,2.55376,1.91272,0.42103123,0.0,-1,942.478,63.926,42.0,1.0,"[-1.0, -1.0, -1.0, -1.0, -1.0, -1.0, -1.0, -1.0, -1.0, -1.0, -1.0, -1.0, -1.0, -1.0, -1.0, -1.0, -1.0, -1.0, -1.0]"
2025-05-07 20:44:58.136725,-0.0641846,0.0207257,-0.000144068,2.55373,1.91282,0.420641846,0.0,-1,942.478,63.946,42.0,1.0,"[-1.0, -1.0, -1.0, -1.0, -1.0, -1.0, -1.0, -1.0, -1.0, -1.0, -1.0, -1.0, -1.0, -1.0, -1.0, -1.0, -1.0, -1.0, -1.0]"
2025-05-07 20:44:58.139320,-0.058711,0.0553555,-0.000141337,2.55373,1.91293,0.42058711000000004,0.0,-1,942.478,63.966,42.0,1.0,"[-1.0, -1.0, -1.0, -1.0, -1.0, -1.0, -1.0, -1.0, -1.0, -1.0, -1.0, -1.0, -1.0, -1.0, -1.0, -1.0, -1.0, -1.0, -1.0]"
2025-05-07 20:44:58.148208,-0.157403,0.0252545,-0.000247174,2.55378,1.91291,0.42157403000000004,0.0,-1,942.478,63.986,42.0,1.0,"[-1.0, -1.0, -1.0, -1.0, -1.0, -1.0, -1.0, -1.0, -1.0, -1.0, -1.0, -1.0, -1.0, -1.0, -1.0, -1.0, -1.0, -1.0, -1.0]"
2025-05-07 20:44:58.166925,-0.111155,0.00796256,-0.000152273,2.55373,1.91308,0.42111154999999995,0.0,-1,942.478,64.008,42.0,1.0,"[-1.0, -1.0, -1.0, -1.0, -1.0, -1.0, -1.0, -1.0, -1.0, -1.0, -1.0, -1.0, -1.0, -1.0, -1.0, -1.0, -1.0, -1.0, -1.0]"
2025-05-07 20:44:58.189000,-0.0596942,0.0561026,-0.000168452,2.55373,1.91317,0.42059694200000003,0.0,-1,942.478,64.03,42.0,1.0,"[-1.0, -1.0, -1.0, -1.0, -1.0, -1.0, -1.0, -1.0, -1.0, -1.0, -1.0, -1.0, -1.0, -1.0, -1.0, -1.0, -1.0, -1.0, -1.0]"
2025-05-07 20:44:58.210780,-0.0437,0.0552869,-0.000223229,2.55376,1.91318,0.420437,0.0,-1,942.478,64.052,42.0,1.0,"[-1.0, -1.0, -1.0, -1.0, -1.0, -1.0, -1.0, -1.0, -1.0, -1.0, -1.0, -1.0, -1.0, -1.0, -1.0, -1.0, -1.0, -1.0, -1.0]"
2025-05-07 20:44:58.234648,-0.0680939,0.0219765,-0.000147718,2.55373,1.91331,0.42068093900000003,0.0,-1,942.478,64.074,42.0,1.0,"[-1.0, -1.0, -1.0, -1.0, -1.0, -1.0, -1.0, -1.0, -1.0, -1.0, -1.0, -1.0, -1.0, -1.0, -1.0, -1.0, -1.0, -1.0, -1.0]"
2025-05-07 20:44:58.257656,-0.143349,0.0379166,-0.000115773,2.55376,1.91348,0.42143349,0.0,-1,942.478,64.096,42.0,1.0,"[-1.0, -1.0, -1.0, -1.0, -1.0, -1.0, -1.0, -1.0, -1.0, -1.0, -1.0, -1.0, -1.0, -1.0, -1.0, -1.0, -1.0, -1.0, -1.0]"
2025-05-07 20:44:58.277288,-0.107205,0.0307592,-0.00018352,2.55373,1.91344,0.42107205000000003,0.0,-1,942.478,64.118,42.0,1.0,"[-1.0, -1.0, -1.0, -1.0, -1.0, -1.0, -1.0, -1.0, -1.0, -1.0, -1.0, -1.0, -1.0, -1.0, -1.0, -1.0, -1.0, -1.0, -1.0]"
2025-05-07 20:44:58.300525,-0.0207935,0.0385074,-0.000159473,2.55371,1.91357,0.42020793500000003,0.0,-1,942.478,64.14,42.0,1.0,"[-1.0, -1.0, -1.0, -1.0, -1.0, -1.0, -1.0, -1.0, -1.0, -1.0, -1.0, -1.0, -1.0, -1.0, -1.0, -1.0, -1.0, -1.0, -1.0]"
2025-05-07 20:44:58.321791,-0.143051,0.0548985,-0.00018852,2.55376,1.91373,0.42143051,0.0,-1,942.478,64.162,42.0,1.0,"[-1.0, -1.0, -1.0, -1.0, -1.0, -1.0, -1.0, -1.0, -1.0, -1.0, -1.0, -1.0, -1.0, -1.0, -1.0, -1.0, -1.0, -1.0, -1.0]"
2025-05-07 20:44:58.343201,-0.116414,0.0227801,-0.000205157,2.55371,1.91371,0.42116413999999996,0.0,-1,942.478,64.184,42.0,1.0,"[-1.0, -1.0, -1.0, -1.0, -1.0, -1.0, -1.0, -1.0, -1.0, -1.0, -1.0, -1.0, -1.0, -1.0, -1.0, -1.0, -1.0, -1.0, -1.0]"
2025-05-07 20:44:58.366161,-0.107288,0.0199797,-0.000102726,2.55371,1.91392,0.42107288,0.0,-1,942.478,64.206,42.0,1.0,"[-1.0, -1.0, -1.0, -1.0, -1.0, -1.0, -1.0, -1.0, -1.0, -1.0, -1.0, -1.0, -1.0, -1.0, -1.0, -1.0, -1.0, -1.0, -1.0]"
2025-05-07 20:44:58.388165,-0.0466206,0.0885911,-0.000176622,2.55373,1.91394,0.42046620599999995,0.0,-1,942.478,64.228,42.0,1.0,"[-1.0, -1.0, -1.0, -1.0, -1.0, -1.0, -1.0, -1.0, -1.0, -1.0, -1.0, -1.0, -1.0, -1.0, -1.0, -1.0, -1.0, -1.0, -1.0]"
2025-05-07 20:44:58.409253,-0.0698635,0.0287812,-0.000221911,2.55371,1.91398,0.420698635,0.0,-1,942.478,64.25,42.0,1.0,"[-1.0, -1.0, -1.0, -1.0, -1.0, -1.0, -1.0, -1.0, -1.0, -1.0, -1.0, -1.0, -1.0, -1.0, -1.0, -1.0, -1.0, -1.0, -1.0]"
2025-05-07 20:44:58.430757,-0.192907,0.00192532,-8.71061e-05,2.55373,1.91421,0.42192906999999996,0.0,-1,942.478,64.272,42.0,1.0,"[-1.0, -1.0, -1.0, -1.0, -1.0, -1.0, -1.0, -1.0, -1.0, -1.0, -1.0, -1.0, -1.0, -1.0, -1.0, -1.0, -1.0, -1.0, -1.0]"
2025-05-07 20:44:58.452996,-0.0888263,0.0707138,-0.000166795,2.55371,1.91418,0.420888263,0.0,-1,942.478,64.294,42.0,1.0,"[-1.0, -1.0, -1.0, -1.0, -1.0, -1.0, -1.0, -1.0, -1.0, -1.0, -1.0, -1.0, -1.0, -1.0, -1.0, -1.0, -1.0, -1.0, -1.0]"
2025-05-07 20:44:58.475580,-0.0257551,0.0353933,-0.000194605,2.55371,1.91425,0.42025755099999995,0.0,-1,942.478,64.316,42.0,1.0,"[-1.0, -1.0, -1.0, -1.0, -1.0, -1.0, -1.0, -1.0, -1.0, -1.0, -1.0, -1.0, -1.0, -1.0, -1.0, -1.0, -1.0, -1.0, -1.0]"
2025-05-07 20:44:58.497965,-0.106774,0.037109,-0.000164746,2.55371,1.91441,0.42106774,0.0,-1,942.478,64.338,42.0,1.0,"[-1.0, -1.0, -1.0, -1.0, -1.0, -1.0, -1.0, -1.0, -1.0, -1.0, -1.0, -1.0, -1.0, -1.0, -1.0, -1.0, -1.0, -1.0, -1.0]"
2025-05-07 20:44:58.520032,-0.133653,0.0474123,-0.000208132,2.55371,1.91444,0.42133653000000004,0.0,-1,942.478,64.36,42.0,1.0,"[-1.0, -1.0, -1.0, -1.0, -1.0, -1.0, -1.0, -1.0, -1.0, -1.0, -1.0, -1.0, -1.0, -1.0, -1.0, -1.0, -1.0, -1.0, -1.0]"
2025-05-07 20:44:58.540949,-0.0649718,0.0127434,-0.000160279,2.55369,1.91448,0.420649718,0.0,-1,942.478,64.382,42.0,1.0,"[-1.0, -1.0, -1.0, -1.0, -1.0, -1.0, -1.0, -1.0, -1.0, -1.0, -1.0, -1.0, -1.0, -1.0, -1.0, -1.0, -1.0, -1.0, -1.0]"
2025-05-07 20:44:58.563416,-0.0475158,0.0509155,-0.000181901,2.55371,1.91459,0.420475158,0.0,-1,942.478,64.404,42.0,1.0,"[-1.0, -1.0, -1.0, -1.0, -1.0, -1.0, -1.0, -1.0, -1.0, -1.0, -1.0, -1.0, -1.0, -1.0, -1.0, -1.0, -1.0, -1.0, -1.0]"
2025-05-07 20:44:58.584394,-0.0839919,0.0501343,-0.000231897,2.55369,1.91465,0.420839919,0.0,-1,942.478,64.426,42.0,1.0,"[-1.0, -1.0, -1.0, -1.0, -1.0, -1.0, -1.0, -1.0, -1.0, -1.0, -1.0, -1.0, -1.0, -1.0, -1.0, -1.0, -1.0, -1.0, -1.0]"
2025-05-07 20:44:58.608334,-0.154756,-0.008737,-0.000130742,2.55371,1.9147,0.42154756,0.0,-1,942.478,64.448,42.0,1.0,"[-1.0, -1.0, -1.0, -1.0, -1.0, -1.0, -1.0, -1.0, -1.0, -1.0, -1.0, -1.0, -1.0, -1.0, -1.0, -1.0, -1.0, -1.0, -1.0]"
2025-05-07 20:44:58.629922,-0.0821382,0.0387794,-0.00015488,2.55369,1.91488,0.7,0.0,-1,942.478,64.47,42.0,-1.0,"[-1.0, -1.0, -1.0, -1.0, -1.0, -1.0, -1.0, -1.0, -1.0, -1.0, -1.0, -1.0, -1.0, -1.0, -1.0, -1.0, -1.0, -1.0, -1.0]"
2025-05-07 20:44:58.652515,-0.0398184,0.060454,-0.000211901,2.55369,1.91486,0.7,0.0,-1,942.478,64.492,42.0,-1.0,"[-1.0, -1.0, -1.0, -1.0, -1.0, -1.0, -1.0, -1.0, -1.0, -1.0, -1.0, -1.0, -1.0, -1.0, -1.0, -1.0, -1.0, -1.0, -1.0]"
2025-05-07 20:44:58.672943,-0.148534,-0.00108041,-0.000152883,2.55373,1.91492,0.7,0.0,-1,942.478,64.514,42.0,-1.0,"[-1.0, -1.0, -1.0, -1.0, -1.0, -1.0, -1.0, -1.0, -1.0, -1.0, -1.0, -1.0, -1.0, -1.0, -1.0, -1.0, -1.0, -1.0, -1.0]"
2025-05-07 20:44:58.696172,-0.0899027,0.0347233,-0.000173547,2.55367,1.91515,0.7,0.0,-1,942.478,64.536,42.0,-1.0,"[-1.0, -1.0, -1.0, -1.0, -1.0, -1.0, -1.0, -1.0, -1.0, -1.0, -1.0, -1.0, -1.0, -1.0, -1.0, -1.0, -1.0, -1.0, -1.0]"
2025-05-07 20:44:58.717370,-0.115886,0.0460756,-0.000175583,2.55367,1.91508,0.7,0.0,-1,942.478,64.558,42.0,-1.0,"[-1.0, -1.0, -1.0, -1.0, -1.0, -1.0, -1.0, -1.0, -1.0, -1.0, -1.0, -1.0, -1.0, -1.0, -1.0, -1.0, -1.0, -1.0, -1.0]"
2025-05-07 20:44:58.738543,-0.0381067,0.0309175,-0.000158941,2.55369,1.91519,0.7,0.0,-1,942.478,64.58,42.0,-1.0,"[-1.0, -1.0, -1.0, -1.0, -1.0, -1.0, -1.0, -1.0, -1.0, -1.0, -1.0, -1.0, -1.0, -1.0, -1.0, -1.0, -1.0, -1.0, -1.0]"
2025-05-07 20:44:58.761767,-0.0823819,0.0332405,-0.000183919,2.55369,1.91535,0.7,0.0,-1,942.478,64.602,42.0,-1.0,"[-1.0, -1.0, -1.0, -1.0, -1.0, -1.0, -1.0, -1.0, -1.0, -1.0, -1.0, -1.0, -1.0, -1.0, -1.0, -1.0, -1.0, -1.0, -1.0]"
2025-05-07 20:44:58.782824,-0.205734,0.0250886,-0.000187725,2.55369,1.91532,0.7,0.0,-1,942.478,64.624,42.0,-1.0,"[-1.0, -1.0, -1.0, -1.0, -1.0, -1.0, -1.0, -1.0, -1.0, -1.0, -1.0, -1.0, -1.0, -1.0, -1.0, -1.0, -1.0, -1.0, -1.0]"
2025-05-07 20:44:58.805829,-0.0660282,0.023301,-0.000135028,2.55367,1.91549,0.7,0.0,-1,942.478,64.646,42.0,-1.0,"[-1.0, -1.0, -1.0, -1.0, -1.0, -1.0, -1.0, -1.0, -1.0, -1.0, -1.0, -1.0, -1.0, -1.0, -1.0, -1.0, -1.0, -1.0, -1.0]"
2025-05-07 20:44:58.826456,-0.0152863,0.0646966,-0.000188805,2.55367,1.91555,0.7,0.0,-1,942.478,64.668,42.0,-1.0,"[-1.0, -1.0, -1.0, -1.0, -1.0, -1.0, -1.0, -1.0, -1.0, -1.0, -1.0, -1.0, -1.0, -1.0, -1.0, -1.0, -1.0, -1.0, -1.0]"
2025-05-07 20:44:58.850376,-0.157761,0.0254423,-0.000224767,2.55371,1.91557,0.7,0.0,-1,942.478,64.69,42.0,-1.0,"[-1.0, -1.0, -1.0, -1.0, -1.0, -1.0, -1.0, -1.0, -1.0, -1.0, -1.0, -1.0, -1.0, -1.0, -1.0, -1.0, -1.0, -1.0, -1.0]"
2025-05-07 20:44:58.873806,-0.111552,0.00905208,-0.000163169,2.55367,1.91576,0.7,0.0,-1,942.478,64.712,42.0,-1.0,"[-1.0, -1.0, -1.0, -1.0, -1.0, -1.0, -1.0, -1.0, -1.0, -1.0, -1.0, -1.0, -1.0, -1.0, -1.0, -1.0, -1.0, -1.0, -1.0]"
2025-05-07 20:44:58.892784,-0.0599409,0.0569273,-0.000174028,2.55367,1.91585,0.7,0.0,-1,942.478,64.734,42.0,-1.0,"[-1.0, -1.0, -1.0, -1.0, -1.0, -1.0, -1.0, -1.0, -1.0, -1.0, -1.0, -1.0, -1.0, -1.0, -1.0, -1.0, -1.0, -1.0, -1.0]"
2025-05-07 20:44:58.916166,-0.111432,0.0312606,-0.000234364,2.55369,1.91585,0.7,0.0,-1,942.478,64.756,42.0,-1.0,"[-1.0, -1.0, -1.0, -1.0, -1.0, -1.0, -1.0, -1.0, -1.0, -1.0, -1.0, -1.0, -1.0, -1.0, -1.0, -1.0, -1.0, -1.0, -1.0]"
2025-05-07 20:44:58.937071,-0.064884,0.0241842,-0.00016416,2.55364,1.91598,0.7,0.0,-1,942.478,64.778,42.0,-1.0,"[-1.0, -1.0, -1.0, -1.0, -1.0, -1.0, -1.0, -1.0, -1.0, -1.0, -1.0, -1.0, -1.0, -1.0, -1.0, -1.0, -1.0, -1.0, -1.0]"
2025-05-07 20:44:58.958856,-0.14364,0.0396215,-0.000146675,2.55367,1.91616,0.7,0.0,-1,942.478,64.8,42.0,-1.0,"[-1.0, -1.0, -1.0, -1.0, -1.0, -1.0, -1.0, -1.0, -1.0, -1.0, -1.0, -1.0, -1.0, -1.0, -1.0, -1.0, -1.0, -1.0, -1.0]"
2025-05-07 20:44:58.983403,-0.0740201,0.0439778,-0.000194119,2.55364,1.91613,0.7,0.0,-1,942.478,64.822,42.0,-1.0,"[-1.0, -1.0, -1.0, -1.0, -1.0, -1.0, -1.0, -1.0, -1.0, -1.0, -1.0, -1.0, -1.0, -1.0, -1.0, -1.0, -1.0, -1.0, -1.0]"
2025-05-07 20:44:59.003494,-0.0236648,0.0370493,-0.000149332,2.55364,1.91627,0.7,0.0,-1,942.478,64.844,42.0,-1.0,"[-1.0, -1.0, -1.0, -1.0, -1.0, -1.0, -1.0, -1.0, -1.0, -1.0, -1.0, -1.0, -1.0, -1.0, -1.0, -1.0, -1.0, -1.0, -1.0]"
2025-05-07 20:44:59.026527,-0.141627,0.0533179,-0.000179925,2.55369,1.91641,0.7,0.0,-1,942.478,64.866,42.0,-1.0,"[-1.0, -1.0, -1.0, -1.0, -1.0, -1.0, -1.0, -1.0, -1.0, -1.0, -1.0, -1.0, -1.0, -1.0, -1.0, -1.0, -1.0, -1.0, -1.0]"
2025-05-07 20:44:59.047776,-0.116656,0.022591,-0.00019837,2.55364,1.91639,0.7,0.0,-1,942.478,64.888,42.0,-1.0,"[-1.0, -1.0, -1.0, -1.0, -1.0, -1.0, -1.0, -1.0, -1.0, -1.0, -1.0, -1.0, -1.0, -1.0, -1.0, -1.0, -1.0, -1.0, -1.0]"
2025-05-07 20:44:59.069368,-0.107509,0.0193276,-8.61646e-05,2.55364,1.91659,0.7,0.0,-1,942.478,64.91,42.0,-1.0,"[-1.0, -1.0, -1.0, -1.0, -1.0, -1.0, -1.0, -1.0, -1.0, -1.0, -1.0, -1.0, -1.0, -1.0, -1.0, -1.0, -1.0, -1.0, -1.0]"
2025-05-07 20:44:59.091175,-0.0677433,0.0593314,-0.00023134,2.55364,1.91657,0.7,0.0,-1,942.478,64.932,42.0,-1.0,"[-1.0, -1.0, -1.0, -1.0, -1.0, -1.0, -1.0, -1.0, -1.0, -1.0, -1.0, -1.0, -1.0, -1.0, -1.0, -1.0, -1.0, -1.0, -1.0]"
2025-05-07 20:44:59.115734,-0.133398,0.0417798,-0.000443475,2.55369,1.91664,0.7,0.0,-1,942.478,64.954,42.0,-1.0,"[-1.0, -1.0, -1.0, -1.0, -1.0, -1.0, -1.0, -1.0, -1.0, -1.0, -1.0, -1.0, -1.0, -1.0, -1.0, -1.0, -1.0, -1.0, -1.0]"
2025-05-07 20:44:59.135062,-0.151399,0.036793,-0.000718192,2.55367,1.9166,0.7,0.0,-1,942.478,64.976,42.0,-1.0,"[-1.0, -1.0, -1.0, -1.0, -1.0, -1.0, -1.0, -1.0, -1.0, -1.0, -1.0, -1.0, -1.0, -1.0, -1.0, -1.0, -1.0, -1.0, -1.0]"
2025-05-07 20:44:59.160256,-0.0868739,0.0708951,-0.000931638,2.55364,1.91656,0.7,0.0,-1,942.478,64.998,42.0,-1.0,"[-1.0, -1.0, -1.0, -1.0, -1.0, -1.0, -1.0, -1.0, -1.0, -1.0, -1.0, -1.0, -1.0, -1.0, -1.0, -1.0, -1.0, -1.0, -1.0]"
2025-05-07 20:44:59.182140,-0.0698326,0.0386374,-0.00108309,2.55364,1.91646,0.7,0.0,-1,942.478,65.02,42.0,-1.0,"[-1.0, -1.0, -1.0, -1.0, -1.0, -1.0, -1.0, -1.0, -1.0, -1.0, -1.0, -1.0, -1.0, -1.0, -1.0, -1.0, -1.0, -1.0, -1.0]"
2025-05-07 20:44:59.201128,-0.172047,0.0761827,-0.00105996,2.55369,1.91633,0.7,0.0,-1,942.478,65.042,42.0,-1.0,"[-1.0, -1.0, -1.0, -1.0, -1.0, -1.0, -1.0, -1.0, -1.0, -1.0, -1.0, -1.0, -1.0, -1.0, -1.0, -1.0, -1.0, -1.0, -1.0]"
2025-05-07 20:44:59.224977,-0.205384,0.0666733,-0.000984748,2.55369,1.91618,0.7,0.0,-1,942.478,65.064,42.0,-1.0,"[-1.0, -1.0, -1.0, -1.0, -1.0, -1.0, -1.0, -1.0, -1.0, -1.0, -1.0, -1.0, -1.0, -1.0, -1.0, -1.0, -1.0, -1.0, -1.0]"
2025-05-07 20:44:59.246377,-0.103891,0.0946104,-0.000794711,2.55364,1.91602,0.7,0.0,-1,942.478,65.086,42.0,-1.0,"[-1.0, -1.0, -1.0, -1.0, -1.0, -1.0, -1.0, -1.0, -1.0, -1.0, -1.0, -1.0, -1.0, -1.0, -1.0, -1.0, -1.0, -1.0, -1.0]"
2025-05-07 20:44:59.266586,-0.0285923,0.0661476,-0.000579284,2.55364,1.91585,0.7,0.0,-1,942.478,65.108,42.0,-1.0,"[-1.0, -1.0, -1.0, -1.0, -1.0, -1.0, -1.0, -1.0, -1.0, -1.0, -1.0, -1.0, -1.0, -1.0, -1.0, -1.0, -1.0, -1.0, -1.0]"
2025-05-07 20:44:59.292796,-0.161937,0.0702267,-0.000352877,2.55371,1.91572,0.7,0.0,-1,942.478,65.13,42.0,-1.0,"[-1.0, -1.0, -1.0, -1.0, -1.0, -1.0, -1.0, -1.0, -1.0, -1.0, -1.0, -1.0, -1.0, -1.0, -1.0, -1.0, -1.0, -1.0, -1.0]"
2025-05-07 20:44:59.311024,-0.201032,0.0992734,-0.000150061,2.55369,1.91558,0.7,0.0,-1,942.478,65.152,42.0,-1.0,"[-1.0, -1.0, -1.0, -1.0, -1.0, -1.0, -1.0, -1.0, -1.0, -1.0, -1.0, -1.0, -1.0, -1.0, -1.0, -1.0, -1.0, -1.0, -1.0]"
2025-05-07 20:44:59.334241,-0.109902,0.0771952,-7.91123e-05,2.55367,1.9154,0.7,0.0,-1,942.478,65.174,42.0,-1.0,"[-1.0, -1.0, -1.0, -1.0, -1.0, -1.0, -1.0, -1.0, -1.0, -1.0, -1.0, -1.0, -1.0, -1.0, -1.0, -1.0, -1.0, -1.0, -1.0]"
2025-05-07 20:44:59.356758,-0.064954,0.0720664,-4.57612e-05,2.55369,1.91519,0.7,0.0,-1,942.478,65.196,42.0,-1.0,"[-1.0, -1.0, -1.0, -1.0, -1.0, -1.0, -1.0, -1.0, -1.0, -1.0, -1.0, -1.0, -1.0, -1.0, -1.0, -1.0, -1.0, -1.0, -1.0]"
2025-05-07 20:44:59.378451,-0.121215,0.0541014,4.85222e-05,2.55369,1.91502,0.7,0.0,-1,942.478,65.218,42.0,-1.0,"[-1.0, -1.0, -1.0, -1.0, -1.0, -1.0, -1.0, -1.0, -1.0, -1.0, -1.0, -1.0, -1.0, -1.0, -1.0, -1.0, -1.0, -1.0, -1.0]"
2025-05-07 20:44:59.400076,-0.171898,0.114996,0.000147849,2.55371,1.9149,0.7,0.0,-1,942.478,65.24,42.0,-1.0,"[-1.0, -1.0, -1.0, -1.0, -1.0, -1.0, -1.0, -1.0, -1.0, -1.0, -1.0, -1.0, -1.0, -1.0, -1.0, -1.0, -1.0, -1.0, -1.0]"
2025-05-07 20:44:59.436561,-0.164943,0.0671002,0.000160167,2.55371,1.91475,0.7,0.0,-1,942.478,65.262,42.0,-1.0,"[-1.0, -1.0, -1.0, -1.0, -1.0, -1.0, -1.0, -1.0, -1.0, -1.0, -1.0, -1.0, -1.0, -1.0, -1.0, -1.0, -1.0, -1.0, -1.0]"
2025-05-07 20:44:59.445003,-0.0707091,0.0834856,0.000138061,2.55371,1.91456,0.7,0.0,-1,942.478,65.284,42.0,-1.0,"[-1.0, -1.0, -1.0, -1.0, -1.0, -1.0, -1.0, -1.0, -1.0, -1.0, -1.0, -1.0, -1.0, -1.0, -1.0, -1.0, -1.0, -1.0, -1.0]"
2025-05-07 20:44:59.468698,-0.105932,0.0671132,0.000179218,2.55371,1.91434,0.7,0.0,-1,942.478,65.306,42.0,-1.0,"[-1.0, -1.0, -1.0, -1.0, -1.0, -1.0, -1.0, -1.0, -1.0, -1.0, -1.0, -1.0, -1.0, -1.0, -1.0, -1.0, -1.0, -1.0, -1.0]"
2025-05-07 20:44:59.488475,-0.155095,0.0995248,0.000193324,2.55371,1.9142,0.7,0.0,-1,942.478,65.328,42.0,-1.0,"[-1.0, -1.0, -1.0, -1.0, -1.0, -1.0, -1.0, -1.0, -1.0, -1.0, -1.0, -1.0, -1.0, -1.0, -1.0, -1.0, -1.0, -1.0, -1.0]"
2025-05-07 20:44:59.511345,-0.122576,0.0903291,0.000178672,2.55371,1.91407,0.7,0.0,-1,942.478,65.35,42.0,-1.0,"[-1.0, -1.0, -1.0, -1.0, -1.0, -1.0, -1.0, -1.0, -1.0, -1.0, -1.0, -1.0, -1.0, -1.0, -1.0, -1.0, -1.0, -1.0, -1.0]"
2025-05-07 20:44:59.534821,-0.096269,0.0642717,0.00014877,2.55373,1.9139,0.7,0.0,-1,942.478,65.372,42.0,-1.0,"[-1.0, -1.0, -1.0, -1.0, -1.0, -1.0, -1.0, -1.0, -1.0, -1.0, -1.0, -1.0, -1.0, -1.0, -1.0, -1.0, -1.0, -1.0, -1.0]"
2025-05-07 20:44:59.557830,-0.157201,0.0742974,6.33827e-05,2.55376,1.91368,0.7,0.0,-1,942.478,65.394,42.0,-1.0,"[-1.0, -1.0, -1.0, -1.0, -1.0, -1.0, -1.0, -1.0, -1.0, -1.0, -1.0, -1.0, -1.0, -1.0, -1.0, -1.0, -1.0, -1.0, -1.0]"
2025-05-07 20:44:59.577084,-0.159564,0.0775363,5.09225e-05,2.55373,1.9135,0.7,0.0,-1,942.478,65.416,42.0,-1.0,"[-1.0, -1.0, -1.0, -1.0, -1.0, -1.0, -1.0, -1.0, -1.0, -1.0, -1.0, -1.0, -1.0, -1.0, -1.0, -1.0, -1.0, -1.0, -1.0]"
2025-05-07 20:44:59.599866,-0.121838,0.0878459,-5.40685e-05,2.55373,1.91337,0.7,0.0,-1,942.478,65.438,42.0,-1.0,"[-1.0, -1.0, -1.0, -1.0, -1.0, -1.0, -1.0, -1.0, -1.0, -1.0, -1.0, -1.0, -1.0, -1.0, -1.0, -1.0, -1.0, -1.0, -1.0]"
2025-05-07 20:44:59.622289,-0.0798391,0.0558458,-0.000150045,2.55373,1.91321,0.7,0.0,-1,942.478,65.46,42.0,-1.0,"[-1.0, -1.0, -1.0, -1.0, -1.0, -1.0, -1.0, -1.0, -1.0, -1.0, -1.0, -1.0, -1.0, -1.0, -1.0, -1.0, -1.0, -1.0, -1.0]"
2025-05-07 20:44:59.640925,-0.179311,0.082841,-0.000224237,2.55378,1.91304,0.7,0.0,-1,942.478,65.482,42.0,-1.0,"[-1.0, -1.0, -1.0, -1.0, -1.0, -1.0, -1.0, -1.0, -1.0, -1.0, -1.0, -1.0, -1.0, -1.0, -1.0, -1.0, -1.0, -1.0, -1.0]"
2025-05-07 20:44:59.667026,-0.207941,0.0713096,-0.000214031,2.55378,1.91286,0.7,0.0,-1,942.478,65.504,42.0,-1.0,"[-1.0, -1.0, -1.0, -1.0, -1.0, -1.0, -1.0, -1.0, -1.0, -1.0, -1.0, -1.0, -1.0, -1.0, -1.0, -1.0, -1.0, -1.0, -1.0]"
2025-05-07 20:44:59.688960,-0.105442,0.0963068,-0.000189057,2.55373,1.91269,0.7,0.0,-1,942.478,65.526,42.0,-1.0,"[-1.0, -1.0, -1.0, -1.0, -1.0, -1.0, -1.0, -1.0, -1.0, -1.0, -1.0, -1.0, -1.0, -1.0, -1.0, -1.0, -1.0, -1.0, -1.0]"
2025-05-07 20:44:59.711083,-0.0790505,0.0589685,-0.000211623,2.55378,1.91251,0.7,0.0,-1,942.478,65.548,42.0,-1.0,"[-1.0, -1.0, -1.0, -1.0, -1.0, -1.0, -1.0, -1.0, -1.0, -1.0, -1.0, -1.0, -1.0, -1.0, -1.0, -1.0, -1.0, -1.0, -1.0]"
2025-05-07 20:44:59.730635,-0.159368,0.0697533,-0.000180768,2.5538,1.91237,0.7,0.0,-1,942.478,65.57,42.0,-1.0,"[-1.0, -1.0, -1.0, -1.0, -1.0, -1.0, -1.0, -1.0, -1.0, -1.0, -1.0, -1.0, -1.0, -1.0, -1.0, -1.0, -1.0, -1.0, -1.0]"
2025-05-07 20:44:59.758670,-0.20126,0.099559,-0.000198364,2.55378,1.91222,0.7,0.0,-1,942.478,65.592,42.0,-1.0,"[-1.0, -1.0, -1.0, -1.0, -1.0, -1.0, -1.0, -1.0, -1.0, -1.0, -1.0, -1.0, -1.0, -1.0, -1.0, -1.0, -1.0, -1.0, -1.0]"
2025-05-07 20:44:59.776456,-0.10947,0.0774066,-0.000191464,2.55376,1.91203,0.7,0.0,-1,942.478,65.614,42.0,-1.0,"[-1.0, -1.0, -1.0, -1.0, -1.0, -1.0, -1.0, -1.0, -1.0, -1.0, -1.0, -1.0, -1.0, -1.0, -1.0, -1.0, -1.0, -1.0, -1.0]"
2025-05-07 20:44:59.795003,-0.0653149,0.0720005,-0.000202299,2.55378,1.91182,0.7,0.0,-1,942.478,65.636,42.0,-1.0,"[-1.0, -1.0, -1.0, -1.0, -1.0, -1.0, -1.0, -1.0, -1.0, -1.0, -1.0, -1.0, -1.0, -1.0, -1.0, -1.0, -1.0, -1.0, -1.0]"
2025-05-07 20:44:59.818779,-0.12274,0.0566906,-0.000220271,2.5538,1.91165,0.7,0.0,-1,942.478,65.658,42.0,-1.0,"[-1.0, -1.0, -1.0, -1.0, -1.0, -1.0, -1.0, -1.0, -1.0, -1.0, -1.0, -1.0, -1.0, -1.0, -1.0, -1.0, -1.0, -1.0, -1.0]"
2025-05-07 20:44:59.839448,-0.18277,0.107514,-0.000150537,2.5538,1.91156,0.7,0.0,-1,942.478,65.68,42.0,-1.0,"[-1.0, -1.0, -1.0, -1.0, -1.0, -1.0, -1.0, -1.0, -1.0, -1.0, -1.0, -1.0, -1.0, -1.0, -1.0, -1.0, -1.0, -1.0, -1.0]"
2025-05-07 20:44:59.862100,-0.161243,0.064688,-0.000180498,2.5538,1.91141,0.7,0.0,-1,942.478,65.702,42.0,-1.0,"[-1.0, -1.0, -1.0, -1.0, -1.0, -1.0, -1.0, -1.0, -1.0, -1.0, -1.0, -1.0, -1.0, -1.0, -1.0, -1.0, -1.0, -1.0, -1.0]"
2025-05-07 20:44:59.885304,-0.0716922,0.0794594,-0.000195512,2.5538,1.91121,0.7,0.0,-1,942.478,65.724,42.0,-1.0,"[-1.0, -1.0, -1.0, -1.0, -1.0, -1.0, -1.0, -1.0, -1.0, -1.0, -1.0, -1.0, -1.0, -1.0, -1.0, -1.0, -1.0, -1.0, -1.0]"
2025-05-07 20:44:59.909767,-0.112471,0.0723441,-0.000253158,2.55382,1.91098,0.7,0.0,-1,942.478,65.746,42.0,-1.0,"[-1.0, -1.0, -1.0, -1.0, -1.0, -1.0, -1.0, -1.0, -1.0, -1.0, -1.0, -1.0, -1.0, -1.0, -1.0, -1.0, -1.0, -1.0, -1.0]"
2025-05-07 20:44:59.927184,-0.158258,0.100726,-0.000182181,2.55382,1.91086,0.7,0.0,-1,942.478,65.768,42.0,-1.0,"[-1.0, -1.0, -1.0, -1.0, -1.0, -1.0, -1.0, -1.0, -1.0, -1.0, -1.0, -1.0, -1.0, -1.0, -1.0, -1.0, -1.0, -1.0, -1.0]"
2025-05-07 20:44:59.950563,-0.115993,0.0870703,-0.000172297,2.5538,1.91072,0.7,0.0,-1,942.478,65.79,42.0,-1.0,"[-1.0, -1.0, -1.0, -1.0, -1.0, -1.0, -1.0, -1.0, -1.0, -1.0, -1.0, -1.0, -1.0, -1.0, -1.0, -1.0, -1.0, -1.0, -1.0]"
2025-05-07 20:44:59.975555,-0.0946779,0.0632795,-0.000185003,2.55382,1.91056,0.7,0.0,-1,942.478,65.812,42.0,-1.0,"[-1.0, -1.0, -1.0, -1.0, -1.0, -1.0, -1.0, -1.0, -1.0, -1.0, -1.0, -1.0, -1.0, -1.0, -1.0, -1.0, -1.0, -1.0, -1.0]"
2025-05-07 20:44:59.993669,-0.156831,0.0731672,-0.000208025,2.55384,1.91034,0.7,0.0,-1,942.478,65.834,42.0,-1.0,"[-1.0, -1.0, -1.0, -1.0, -1.0, -1.0, -1.0, -1.0, -1.0, -1.0, -1.0, -1.0, -1.0, -1.0, -1.0, -1.0, -1.0, -1.0, -1.0]"
2025-05-07 20:45:00.018739,-0.160991,0.0800174,-0.000180655,2.55384,1.91017,0.7,0.0,-1,942.478,65.856,42.0,-1.0,"[-1.0, -1.0, -1.0, -1.0, -1.0, -1.0, -1.0, -1.0, -1.0, -1.0, -1.0, -1.0, -1.0, -1.0, -1.0, -1.0, -1.0, -1.0, -1.0]"
2025-05-07 20:45:00.038727,-0.0979007,0.0951059,-0.000176647,2.55382,1.91004,0.7,0.0,-1,942.478,65.878,42.0,-1.0,"[-1.0, -1.0, -1.0, -1.0, -1.0, -1.0, -1.0, -1.0, -1.0, -1.0, -1.0, -1.0, -1.0, -1.0, -1.0, -1.0, -1.0, -1.0, -1.0]"
2025-05-07 20:45:00.058969,-0.0764732,0.0529458,-0.000198026,2.55382,1.90988,0.7,0.0,-1,942.478,65.9,42.0,-1.0,"[-1.0, -1.0, -1.0, -1.0, -1.0, -1.0, -1.0, -1.0, -1.0, -1.0, -1.0, -1.0, -1.0, -1.0, -1.0, -1.0, -1.0, -1.0, -1.0]"
2025-05-07 20:45:00.083205,-0.178373,0.0817826,-0.000194446,2.55387,1.90974,0.7,0.0,-1,942.478,65.922,42.0,-1.0,"[-1.0, -1.0, -1.0, -1.0, -1.0, -1.0, -1.0, -1.0, -1.0, -1.0, -1.0, -1.0, -1.0, -1.0, -1.0, -1.0, -1.0, -1.0, -1.0]"
2025-05-07 20:45:00.104842,-0.247897,0.0584575,-0.000214064,2.55389,1.90955,0.7,0.0,-1,942.478,65.944,42.0,-1.0,"[-1.0, -1.0, -1.0, -1.0, -1.0, -1.0, -1.0, -1.0, -1.0, -1.0, -1.0, -1.0, -1.0, -1.0, -1.0, -1.0, -1.0, -1.0, -1.0]"
2025-05-07 20:45:00.129978,-0.106821,0.0980119,-0.00019529,2.55384,1.90937,0.7,0.0,-1,942.478,65.966,42.0,-1.0,"[-1.0, -1.0, -1.0, -1.0, -1.0, -1.0, -1.0, -1.0, -1.0, -1.0, -1.0, -1.0, -1.0, -1.0, -1.0, -1.0, -1.0, -1.0, -1.0]"
2025-05-07 20:45:00.146761,-0.0309558,0.0679819,-0.000230751,2.55384,1.90918,0.7,0.0,-1,942.478,65.988,42.0,-1.0,"[-1.0, -1.0, -1.0, -1.0, -1.0, -1.0, -1.0, -1.0, -1.0, -1.0, -1.0, -1.0, -1.0, -1.0, -1.0, -1.0, -1.0, -1.0, -1.0]"
2025-05-07 20:45:00.176258,-0.155959,0.0683775,-0.00018741,2.55389,1.90904,0.7,0.0,-1,942.478,66.01,42.0,-1.0,"[-1.0, -1.0, -1.0, -1.0, -1.0, -1.0, -1.0, -1.0, -1.0, -1.0, -1.0, -1.0, -1.0, -1.0, -1.0, -1.0, -1.0, -1.0, -1.0]"
2025-05-07 20:45:00.194343,-0.200132,0.0982054,-0.000183922,2.55387,1.90892,0.7,0.0,-1,942.478,66.032,42.0,-1.0,"[-1.0, -1.0, -1.0, -1.0, -1.0, -1.0, -1.0, -1.0, -1.0, -1.0, -1.0, -1.0, -1.0, -1.0, -1.0, -1.0, -1.0, -1.0, -1.0]"
2025-05-07 20:45:00.214206,-0.110926,0.080068,-0.000184075,2.55387,1.90874,0.7,0.0,-1,942.478,66.054,42.0,-1.0,"[-1.0, -1.0, -1.0, -1.0, -1.0, -1.0, -1.0, -1.0, -1.0, -1.0, -1.0, -1.0, -1.0, -1.0, -1.0, -1.0, -1.0, -1.0, -1.0]"
2025-05-07 20:45:00.236948,-0.0662513,0.0723085,-0.000218229,2.55389,1.90852,0.7,0.0,-1,942.478,66.076,42.0,-1.0,"[-1.0, -1.0, -1.0, -1.0, -1.0, -1.0, -1.0, -1.0, -1.0, -1.0, -1.0, -1.0, -1.0, -1.0, -1.0, -1.0, -1.0, -1.0, -1.0]"
2025-05-07 20:45:00.260149,-0.120432,0.0544342,-0.000206799,2.55389,1.90835,0.7,0.0,-1,942.478,66.098,42.0,-1.0,"[-1.0, -1.0, -1.0, -1.0, -1.0, -1.0, -1.0, -1.0, -1.0, -1.0, -1.0, -1.0, -1.0, -1.0, -1.0, -1.0, -1.0, -1.0, -1.0]"
2025-05-07 20:45:00.279219,-0.182183,0.106119,-0.000170853,2.55389,1.90826,0.7,0.0,-1,942.478,66.12,42.0,-1.0,"[-1.0, -1.0, -1.0, -1.0, -1.0, -1.0, -1.0, -1.0, -1.0, -1.0, -1.0, -1.0, -1.0, -1.0, -1.0, -1.0, -1.0, -1.0, -1.0]"
2025-05-07 20:45:00.303472,-0.201808,0.0498114,-0.000185178,2.55391,1.90812,0.7,0.0,-1,942.478,66.142,42.0,-1.0,"[-1.0, -1.0, -1.0, -1.0, -1.0, -1.0, -1.0, -1.0, -1.0, -1.0, -1.0, -1.0, -1.0, -1.0, -1.0, -1.0, -1.0, -1.0, -1.0]"
2025-05-07 20:45:00.327195,-0.0745985,0.0813663,-0.00020945,2.55391,1.9079,0.7,0.0,-1,942.478,66.164,42.0,-1.0,"[-1.0, -1.0, -1.0, -1.0, -1.0, -1.0, -1.0, -1.0, -1.0, -1.0, -1.0, -1.0, -1.0, -1.0, -1.0, -1.0, -1.0, -1.0, -1.0]"
2025-05-07 20:45:00.347691,-0.0933004,0.0734077,-0.000247617,2.55391,1.90767,0.7,0.0,-1,942.478,66.186,42.0,-1.0,"[-1.0, -1.0, -1.0, -1.0, -1.0, -1.0, -1.0, -1.0, -1.0, -1.0, -1.0, -1.0, -1.0, -1.0, -1.0, -1.0, -1.0, -1.0, -1.0]"
2025-05-07 20:45:00.366770,-0.156574,0.0991343,-0.000173399,2.55391,1.90755,0.7,0.0,-1,942.478,66.208,42.0,-1.0,"[-1.0, -1.0, -1.0, -1.0, -1.0, -1.0, -1.0, -1.0, -1.0, -1.0, -1.0, -1.0, -1.0, -1.0, -1.0, -1.0, -1.0, -1.0, -1.0]"
2025-05-07 20:45:00.390993,-0.115156,0.0862182,-0.000176697,2.55389,1.90744,0.7,0.0,-1,942.478,66.23,42.0,-1.0,"[-1.0, -1.0, -1.0, -1.0, -1.0, -1.0, -1.0, -1.0, -1.0, -1.0, -1.0, -1.0, -1.0, -1.0, -1.0, -1.0, -1.0, -1.0, -1.0]"
2025-05-07 20:45:00.413871,-0.0983503,0.066497,-0.000179491,2.55393,1.90727,0.7,0.0,-1,942.478,66.252,42.0,-1.0,"[-1.0, -1.0, -1.0, -1.0, -1.0, -1.0, -1.0, -1.0, -1.0, -1.0, -1.0, -1.0, -1.0, -1.0, -1.0, -1.0, -1.0, -1.0, -1.0]"
2025-05-07 20:45:00.432742,-0.158688,0.0739059,-0.000215032,2.55396,1.90704,0.7,0.0,-1,942.478,66.274,42.0,-1.0,"[-1.0, -1.0, -1.0, -1.0, -1.0, -1.0, -1.0, -1.0, -1.0, -1.0, -1.0, -1.0, -1.0, -1.0, -1.0, -1.0, -1.0, -1.0, -1.0]"
2025-05-07 20:45:00.455205,-0.158742,0.0771538,-0.000177726,2.55393,1.90686,0.7,0.0,-1,942.478,66.296,42.0,-1.0,"[-1.0, -1.0, -1.0, -1.0, -1.0, -1.0, -1.0, -1.0, -1.0, -1.0, -1.0, -1.0, -1.0, -1.0, -1.0, -1.0, -1.0, -1.0, -1.0]"
2025-05-07 20:45:00.476665,-0.0974397,0.0935764,-0.000174354,2.55391,1.90674,0.7,0.0,-1,942.478,66.318,42.0,-1.0,"[-1.0, -1.0, -1.0, -1.0, -1.0, -1.0, -1.0, -1.0, -1.0, -1.0, -1.0, -1.0, -1.0, -1.0, -1.0, -1.0, -1.0, -1.0, -1.0]"
2025-05-07 20:45:00.500866,-0.0987468,0.0491916,-0.000201422,2.55393,1.90659,0.7,0.0,-1,942.478,66.34,42.0,-1.0,"[-1.0, -1.0, -1.0, -1.0, -1.0, -1.0, -1.0, -1.0, -1.0, -1.0, -1.0, -1.0, -1.0, -1.0, -1.0, -1.0, -1.0, -1.0, -1.0]"
2025-05-07 20:45:00.520234,-0.182246,0.083923,-0.000213728,2.55398,1.90643,0.7,0.0,-1,942.478,66.362,42.0,-1.0,"[-1.0, -1.0, -1.0, -1.0, -1.0, -1.0, -1.0, -1.0, -1.0, -1.0, -1.0, -1.0, -1.0, -1.0, -1.0, -1.0, -1.0, -1.0, -1.0]"
2025-05-07 20:45:00.545698,-0.208352,0.0695982,-0.000183537,2.55398,1.90624,0.7,0.0,-1,942.478,66.384,42.0,-1.0,"[-1.0, -1.0, -1.0, -1.0, -1.0, -1.0, -1.0, -1.0, -1.0, -1.0, -1.0, -1.0, -1.0, -1.0, -1.0, -1.0, -1.0, -1.0, -1.0]"
2025-05-07 20:45:00.565433,-0.104748,0.095646,-0.000194037,2.55393,1.90607,0.7,0.0,-1,942.478,66.406,42.0,-1.0,"[-1.0, -1.0, -1.0, -1.0, -1.0, -1.0, -1.0, -1.0, -1.0, -1.0, -1.0, -1.0, -1.0, -1.0, -1.0, -1.0, -1.0, -1.0, -1.0]"
